:10000000C04D00205D4C00002FB50000494C0000A1
:10001000494C0000494C0000494C00000000000021
:10002000000000000000000000000000214E000061
:10003000494C000000000000ED4D0000494C00005C
:100040007D4F00007D4F00007D4F00007D4F000080
:100050007D4F00007D4F00007D4F00007D4F000070
:100060007D4F00007D4F00007D4F00007D4F000060
:100070007D4F00007D4F00007D4F00007D4F000050
:100080007D4F00007D4F00007D4F00007D4F000040
:100090007D4F00007D4F00007D4F00007D4F000030
:1000A0007D4F00007D4F00007D4F00007D4F000020
:1000B0007D4F00007D4F00007D4F00007D4F000010
:1000C0007D4F00007D4F00007D4F00007D4F000000
:1000D0007D4F00007D4F00007D4F00007D4F0000F0
:1000E0007D4F00007D4F00007D4F00007D4F0000E0
:1000F0007D4F00007D4F00007D4F00007D4F0000D0
:100100007BB972B90029BEBF00204FF0004106E064
:1001100008BF00281CBF6FF000414FF0FF3000F017
:1001200057B8ADF1080C6DE904CE002909DB002BAE
:100130001ADB00F04FF8DDF804E0DDE9022304B03B
:100140007047404261EB4101002B1BDB00F042F89D
:10015000DDF804E0DDE9022304B0404261EB410137
:10016000524263EB43037047524263EB430300F098
:1001700031F8DDF804E0DDE9022304B0404261EB30
:1001800041017047524263EB430300F023F8DDF86E
:1001900004E0DDE9022304B0524263EB43037047FD
:1001A00053B94AB9002908BF00281CBF4FF0FF31DE
:1001B0004FF0FF3000F00CB8ADF1080C6DE904CE43
:1001C00000F008F8DDF804E0DDE9022304B0704730
:1001D000704700BF2DE9F04786468C460846089ECA
:1001E000154674461946002B40F0C2808542B2FA8B
:1001F00082F245D94AB1C2F1200300FA02FC2EFA7C
:1002000003F3954043EA0C0C94404FEA154EA8B214
:10021000BCFBFEF8230C0EFB18CC08FB00F943EAEC
:100220000C43994528D9EB1808F1FF3704D29945BA
:1002300002D9A8F102072B44A3EB0903A4B2B3FB34
:10024000FEFC0EFB1C330CFB00F044EA0344A0420E
:1002500014D92C190CF1FF3304D2A04202D9ACF10D
:1002600002032C44241A43EA07401EB1D440002361
:1002700034607360BDE8F0874746DDE76346F1E729
:1002800092BB431B01214FEA154EAFB2B3FBFEFCFC
:10029000200C0EFB1C330CFB07F840EA0343984587
:1002A00062D9EB180CF1FF3004D2984502D9ACF1B9
:1002B00002002B44A3EB0803A4B2B3FBFEFC0EFB2D
:1002C0001C330CFB07F744EA0344A7424ED92C1910
:1002D0000CF1FF3304D2A74202D9ACF102032C4443
:1002E000E41B43EA0040C0E7C2F1200320FA03F117
:1002F000954090402EFA03F303434FEA154EAFB2F8
:10030000B1FBFEFC0EFB1C10190C0CFB07F841EABC
:100310000041884504FA02F422D969180CF1FF3033
:1003200004D2884502D9ACF102002944A1EB0801AE
:100330009BB2B1FBFEFC0EFB1C110CFB07F743EA62
:1003400001439F420ED9EB180CF1FF3104D29F42BA
:1003500002D9ACF102012B44DB1B41EA004192E7D8
:100360006046E3E76146F7E76046A3E76346B7E721
:10037000834206D916B9002108467BE7C6E900E0AA
:10038000F9E7B3FA83F78FB9834201D3724508D8EE
:10039000BEEB020460EB030301209C461EB9002162
:1003A00068E73846FAE7C6E9004CF8E7C7F1200CE1
:1003B000BB4022FA0CF41C432EFA0CF120FA0CF389
:1003C000B84001434FEA14490EFA07F5B3FBF9F8B8
:1003D0001FFA84FE09FB18300B0C08FB0EFA43EAE7
:1003E00000439A4502FA07F240D9E31808F1FF30BA
:1003F00004D29A4502D9A8F102002344A3EB0A03D0
:1004000089B2B3FBF9F809FB183308FB0EFE41EA89
:1004100003418E452CD9611808F1FF3304D28E4573
:1004200002D9A8F10203214443EA0040A0FB02984C
:10043000A1EB0E014145CE46434602D306D14D45C0
:1004400004D2B9EB020E68EB04030138002EA6D0EB
:10045000B5EB0E0261EB030101FA0CFC22FA07F383
:100460004CEA0303F940C6E9003198E74046C5E786
:100470004346D9E710F8012B11F8013B012A28BFA8
:100480009A42F7D0D01A7047034611F8012B03F8AF
:10049000012B002AF9D17047034613F8012B002ADB
:1004A000FBD1181A013870472DE9F04706468AB08B
:1004B0000F4690460BF0D5FE4FF47A73A0FB034530
:1004C00003FB0155E40B012F44EA45444FEAD535BF
:1004D00008D1CDE900452A4A082130460AF014F82F
:1004E000002013E0D8F8047026483946FFF7C2FF11
:1004F00078B125483946FFF7BDFF50B13046234A51
:100500003B4601210AF000F86FF004000AB0BDE894
:10051000F0872046294618A3D3E90023FFF7F0FD12
:1005200005460C4610461946194A0023FFF7E8FD18
:1005300080460F46104619464EF660220023FFF70C
:10054000DFFD82468946104619464FF47A72002331
:10055000FFF7D6FDCDE904A9CDE90601CDE90823D1
:10056000CDE90287CDE900540A4A0821304609F056
:10057000CBFFB5E7AFF30080005C2605000000006C
:10058000A8DC0000B9DC0000BCDC0000C5DC000019
:1005900080EE3600DCDC000010B5174A0446082166
:1005A00009F0B2FF2046154A082109F0ADFF2046A8
:1005B000134A082109F0A8FF2046124A082109F031
:1005C000A3FF2046104A082109F09EFF20460F4A4B
:1005D000082109F099FF20460D4A082109F094FFEF
:1005E00020460C4A082109F08FFF20460A4A0821BC
:1005F00009F08AFF002010BD84D40000A3D40000BD
:10060000B8D40000CBD40000DED40000F2D4000047
:1006100012D5000032D5000052D5000008B5034ABB
:10062000082109F071FF002008BD00BF74D500004B
:100630000329F7B5054608D0244A012109F064FFD3
:100640006FF01504204603B0F0BDD2E901672049E0
:100650003046FFF70FFF80B11E493046FFF70AFF13
:10066000D0B11D493046FFF705FFB8B11B4A3346EC
:100670000121284609F048FFE2E7194C194938469C
:10068000FFF7F8FE60B118493846FFF7F3FE014660
:1006900038B1164A3B46EBE7154CEFE7154CEDE752
:1006A0000121204608F0E5FF041E06DA124A23461F
:1006B0000121284609F028FFC4E7104A0097334675
:1006C0000821284609F020FF0024BBE77AD5000066
:1006D000A5D50000A9D50000AFD50000B4D5000015
:1006E00014CD0000DCDF0000E2D50000E6D50000FC
:1006F0000CCD000004CD000007D600001ED600007F
:100700002DE9F043CB1E012B87B005468946904664
:1007100013D9654A012109F0F7FE644A01212846F0
:1007200009F0F2FE624A0121284609F0EDFE6FF061
:100730001504204607B0BDE8F0830023CDE903335C
:100740005C49D8F8040004AB03AA07F053FF022861
:1007500007D0D8F80430584A0121284609F0D4FEC1
:10076000E5E7039B012B01D9544AF5E7049A1F2AB8
:1007700002D91346524AEFE7524A534F002B08BFA3
:10078000174638460BF067FB40B9039B4F4A0121DF
:10079000284609F0B9FE6FF01204CAE7D8F80840FD
:1007A0004B492046FFF766FE002838D19DF810100F
:1007B0004FF48032384608F032FF041E049E08DAF7
:1007C000CDE90064039B434A0121284609F09CFEC1
:1007D000AFE7D7F81080BB6805A95B683846984733
:1007E000041E04990BD0039B15DBCDE90014039B79
:1007F000394A0821284609F087FE002499E7059B1D
:10080000D8F80020F6B25A400123B3401A4214BF70
:1008100001240024E9E7CDE90014304AD4E7304947
:100820002046FFF727FE064600283AD1B9F1040F0B
:1008300010D1D8F80C402B492046FFF71BFE40B1E1
:1008400029492046FFF716FE064618B1274A2346D7
:1008500082E701269DF810104FF48022384608F0F8
:10086000DEFE041E05DA049B0093214A039B0194DB
:10087000AAE79DF810103246384608F0EAFE041E3A
:10088000049904DACDE90014039B1A4A9CE71A4A3A
:100890001A4B002E18BF1346CDE90013184A039BCC
:1008A000A7E7184A234657E732D6000063D6000070
:1008B00087D60000A5D60000ABD60000DDD600002C
:1008C000FCD6000060C900004CC9000018D7000029
:1008D000D7F2000037D700007FD7000062D70000B2
:1008E0008ED7000092D70000B3F2000097D7000027
:1008F000BAD70000E6D7000029D600002ED60000A7
:1009000002D8000012D80000064B10B59C684FF4C6
:10091000005163690348984700214FF4803007F085
:100920004FF9F4E760C9000038B55448544C0BF057
:1009300092FA58B923685B0704D0524A0121204635
:1009400008F09CFE6FF01205284638BD4B480BF0AE
:1009500082FA20B923685D07F4D04B4AEEE7474896
:100960000BF079FA20B923685807EBD0474AE5E73E
:10097000474A4248112108F052FE051E09DA236851
:100980005907E1D0434A2B460121204609F0DEFBFE
:10099000DAE73F4A39480D2108F041FE051E05DA25
:1009A00023685A07D0D03C4A2B46EDE7384A3348F3
:1009B0000F2108F034FE051E236804DA5B07C3D05C
:1009C000364A2B46E0E703F00703022B36D9344AB8
:1009D0000321204608F052FE236803F00703022B90
:1009E0002CD9304A0321204608F048FE236803F042
:1009F0000703022B22D92C4A0321204608F03EFE91
:100A0000236803F00703022B18D9284A1C48032146
:100A100008F034FE236803F00703022B0ED9244AA2
:100A20001748032108F02AFE236803F00703022B6E
:100A300004D9204A1248032108F020FE01211E4853
:100A400008F017FE01211D4808F013FE01211C4883
:100A500008F00FFE00214FF4804007F0B1F80021AC
:100A6000154808F006FE0021144808F002FE14485C
:100A7000002108F0FEFD002566E700BF60C9000008
:100A80006802002037D8000055D8000075D8000053
:100A90001100160094D80000B4D80000D6D8000089
:100AA000F7D8000025D9000042D900006ED9000017
:100AB0009BD90000BAD9000014CD00000CCD000075
:100AC00004CD000008B500F0B7F80A4941610A49B1
:100AD0000122C0E900220A6008490A60084A00238E
:100AE0001360084A03611360C0E90233064A1360C9
:100AF00008BD00BF08DE00001C0000201800002018
:100B0000801B00207C1B0020781B00202DE9F04179
:100B100007460E46154600F08FF8C36804461BB919
:100B200043691A78002A41D10023E3606368BB421D
:100B300056F8232008DB324B6361204600F062F850
:100B40004FF0FF30BDE8F081511C616192F80080E8
:100B5000B8F12D0FEFD1911C61615178A1602D2961
:100B600004D192786AB901336360E4E749B9244B50
:100B70006361414628460BF05EFD0028DDD0C4F8D5
:100B80000880D4F80880284641460BF054FDB8F19F
:100B90003A0F636900D070B91B7813B963680133E9
:100BA0006360204600F02EF83F20CBE75A1C4261DC
:100BB0001B788360E5E742783A2A0BD00022226155
:100BC0001B7813B9636801336360204600F01AF89C
:100BD000A068B7E718786268094928B901329742D6
:100BE000626004DD56F82230C4E90431EAE761614D
:100BF0002D783A2D2046D5D100F004F82846A1E7FB
:100C000008DE0000074B02681A60074B42681A6052
:100C1000064B82681A60064BC2681A60054B02696F
:100C20001A6070471C00002018000020801B002064
:100C30007C1B0020781B002000487047000000202B
:100C40002DE9F04F91B08407009302F00403029362
:100C5000C2F3C20303F10103DDF868900392054675
:100C60000E46059340F0BA81041D30B1072909D81A
:100C70006FF01B0011B0BDE8F08F01F00706341DC6
:100C8000C6F10806009B4FF00008591E4FF0040AF9
:100C90004FF0FF330193CDF810804746C3465346CB
:100CA0000DB1009A22600598002800F3E88098486A
:100CB000009A824203D397488242C0F0E080039AB0
:100CC000A4EB050E92074FEA9E0000F103810F2F5F
:100CD00000F2B180002D00F0058107F140020DEB1C
:100CE000020C019A0CF8200C0CF8102C049801301E
:100CF0000490E7E07A285DD84B280ED8472859D8C9
:100D000029282DD8252852D054D820287AD0233805
:100D1000D0F1000B4BEB000B74E04C382E2849D877
:100D2000DFE800F070484848484848484848484884
:100D30004B484848484848484859484B4B595959E6
:100D4000704B6D487048184B184848827F4B484894
:100D50004B487F0000204FF0000B4FF0040A38E0B2
:100D60002A38C0B2012202FA00F010EA0E0F49D16F
:100D700010F0625C2FD110EA020B43D06046013CB8
:100D80005444B4FBFAF40AFB04F4002D61D0A3EB45
:100D9000050CA444B4453FF66BAF002868D1042B82
:100DA00047D159F8043B2360043404232AE0019A14
:100DB000013A01924FF0000B24E011F8010C6C286D
:100DC00034D111F8023C00206C2B8346C5D14FF082
:100DD000080A5346D3E709F1070929F00709073440
:100DE000F9E802AB24F0070435B106982044B0427C
:100DF0003FF63EAFC4E900AB08344FF0000B4FF0B4
:100E0000080A534611F8010F002878D0BBF1000FF3
:100E10007FF470AF2528F5D1019B013301934FF08A
:100E2000010B4FF0040AECE7584694E70020834694
:100E3000A5E7082B02D06FF015001BE709F10709A1
:100E400029F00709F9E80223C4E90023083408233C
:100E5000D8E768B9042B02D109F10409A4E7082BEB
:100E6000E9D109F1070929F0070909F10809EDE7B6
:100E7000059A013A059259F8042B009210E7039A5B
:100E8000900720D5A4EB050E4FEA9E004FF0010C11
:100E9000BEF5007FCFD20F2FCDD8F5B107F14002BC
:100EA0000DEB020EC0B2019A0EF8200C0EF8102CB9
:100EB000BCF1000F3FF41AAF60F07F000EF8200C79
:100EC00008F101080137C5F10802043406924FF613
:100ED000DA7E97E74FF0000CDAE7BCF1000F01D0A3
:100EE0000136EFE7029802360028EBD10098CDE9F1
:100EF0000631FFF7D1FADDE906310644E2E7631B6C
:100F0000B3F5806F97D23DB9A6F10804E018B1E6B9
:100F1000B8C8000048F30000029A28609B082B70B4
:100F20009DF81030C2B1EB7085F80280B8F1000F67
:100F300005D008A80022C5F1010C97420ED1C5F1D9
:100F400001030DF120094FF0000A01930DF1300B60
:100F5000574512D1601B8DE66B70E5E710F8013B39
:100F6000190608D504EB0C0EB64503F07F033FF6D7
:100F70007FAE04F8013B0132DFE7B8F1000F03D088
:100F800099F90020002A17DB029BD3B11AF80B2035
:100F900004F8012B0022019B98182044B0423FF630
:100FA00067AE99F8000004F8010B009903922046FF
:100FB0000BF001FB039A14440AF1010A09F101093B
:100FC000C6E799F8002055F822300093029B45F8B7
:100FD00022300098FFF760FA421CDCE76FF00D004A
:100FE00048E600BF2DE9F04F97B000AF90F802A09F
:100FF000D7F880B03B62CBF3C0030446FA62BB6112
:10100000894641B9457800780AEB800020444D4577
:1010100017D8A0EB0409E378FB61BAF1000F02D006
:101020001BF0010F16D1FB6953BBFB6A1BB13A6A77
:101030004946204698474D4628465C37BD46BDE8A0
:10104000F08F461C3046FFF727FA0130304409F193
:101050000109DCE7237862687A62FA6A99007961AB
:1010600004EB8301002A40F004814D460E4601EB5B
:101070000A094FF000084E4550D101EB0A0610E076
:101080001BF0020FD1D023789A007A6162687A62ED
:10109000FA6A04EB8301002A7BD14D4601EB0A0674
:1010A00090461BF0050F0CBF02230123FB62FB6976
:1010B00006EB430A0BF00203BB625645BCD016F8A0
:1010C000021B16F8013C54F823909B4B994502D320
:1010D0009A4B99453AD3BB69002B44D0786A08F003
:1010E00069FB00283FD09648036813F0060F13D021
:1010F000E9468AB06A46934B53617B6AC2E906317E
:101100004FF400731384904B42F8103F00234FF4C8
:10111000125100F007FECD46023DCEE716F8013B26
:10112000F96254F82300FFF7B7F9D7F88430F96A69
:1011300001304BB1D7F8883098453EBFD7F884309E
:1011400023F8180008F10108054494E7BB6923B1AE
:10115000786A08F02FFB0028C5D11BF0010F05D1DC
:10116000FB6AED1AA9E7BB6A002BA6D04846FFF739
:1011700093F9D7F8843053B1D7F8883098453FBFFA
:10118000D7F88420431C22F8183008F101080544E0
:1011900093E7BAF1000F72D01BF0040672D0D0466C
:1011A000002607F1480052463B61B9620BF003FA92
:1011B000B96A3B6901EB0A02BA62FA69F96952003D
:1011C000FA60BA6A02EB41023A610BF00202BA60BD
:1011D0003A69B96A8A4257D162787A621BF0020F83
:1011E00032440CBF4FEA580100211BF0010FD2B26C
:1011F00040F09F801BF0040F14BF40460020BB61ED
:101200006270A070E1703A6A7969FB6A204698477B
:10121000051EFFF611AFBB6923707B6A6370FB6923
:10122000E37041463A6AFB6A84F802A007F148007D
:101230009847B0F10008C0F2B5807B693A6AA9EB23
:101240000A01C91AFB68C91AD7E90A039847002896
:10125000C0F2AA80A84408EB00054FF0000B07F18C
:10126000380AB34572D300213A6AFB6A08469847A8
:10127000E2E656464FF0000807F1380093E756467D
:10128000D04697E7B04695E7BA6A12F8021BBA62F1
:1012900012F8015C284A54F82500904202D3274AEC
:1012A00090421ED3BA6932B1786A7B6008F082FA44
:1012B0007B6800288CD1BA6802BB08F1280207F1CC
:1012C000300C08F10100944407F1580252FA80F002
:1012D00008F102080CF8101C5FFA88F800F8105C9E
:1012E00076E7BA693AB1786A7B6008F063FA7B689E
:1012F00000287FF46DAF1BF0010F09D006F1280222
:1013000007F13000711C161806F8205CCEB25FE7BA
:101310001BF0040F3FF45CAF08F1280207F1300026
:1013200008F1010102EB000808F8105C5FFA81F88F
:101330004EE7002063E700BFB8C8000048F3000094
:1013400048020020FDDA0000040000011BF80A300A
:1013500087F8373054F82390D7F88430FBB133F84E
:101360001B803A6AFB6A012107F137009847002881
:101370001ADB0544B8F1000F06D14846FFF78CF898
:1013800000F101081FFA88F83A6AFB6A41464846AC
:101390009847002808DB05440BF1010B61E7D7F8FB
:1013A0008480DEE7454647E6054645E6014B186082
:1013B000704700BF2000002080B505460E46174646
:1013C000984606F01BFC03460BF06CFADFF8189009
:1013D000044649F80030424630463946A84754F89A
:1013E000090003F0B1FC00BF080000002DE9F04740
:1013F000058B04462807904611D4022905F00705FD
:1014000040F0CC80204608F05BFC78B10138218B9D
:10141000042811D8DFE800F0C2106D85950001297D
:101420000CBF45F0100545F02005258388F3118891
:10143000BFF36F8FBDE8F08701F0070AAA4500F0FF
:10144000A5800027B9463E46A368002B00F0BC806B
:1014500041F00801218388F31188BFF36F8FA168E1
:10146000002900F0BA800D68002900F0B680D1F89C
:101470000480334652462046C047002D76D02B6864
:1014800029461D46F0E701F007035A1F012A1BD821
:10149000002221F00701062B276889B2C4E9002247
:1014A00009D13B4603E0628B013262831B68002B4B
:1014B000F9D141F002012183204608F001FC002807
:1014C0007AD041F0200176E0042B0AD121F0070107
:1014D00089B22183204608F0F3FB10B141F02001CE
:1014E0002183218B01F0070AAA454FD00027B94676
:1014F000AAE7236921F0070141F00601062DD3F880
:10150000009021832DD1B9F1000F3FD041F00801A7
:10151000218388F31188BFF36F8F3A492046C8476B
:1015200029E021F00701236941F0040189B2042D6B
:10153000D3F804902183E6D000273E464FF0040AFA
:1015400082E721F00701236941F0050189B2052DE9
:10155000D3F808902183D6D000273E464FF0050AE5
:1015600072E700273E464FF0060A6DE72B4687E7F5
:10157000B9F1000FD1D1EFF31188202383F3128842
:10158000BFF36F8F238B23F008032383258BEA0699
:101590002ED525F01003238305F007056669218BFE
:1015A000002EBFF670AF00232768C4E9003321F096
:1015B000070141F001012183218B01F0070AAA45AF
:1015C0004FF000097FF440AF002F9CD041F008019C
:1015D000218388F31188BFF36F8F002FC8D03D6837
:1015E000394633465246204608F096FB2F46F4E72C
:1015F000AB067FF51BAF25F02003238305F007051D
:1016000000E700BF459D00002DE9F047DFF8588056
:10161000044607464FF0010914B93846BDE8F08783
:1016200094FAA4F5B5FA85F509FA05F32E0108EB4D
:1016300005156FEA030A24EA03042B7B002BEBD089
:1016400058F806301B694BB9464404227368284693
:10165000196807EA0A0700F025FBDDE728469847E6
:101660000028D9D1F0E700BFB0CB000030B5104959
:10167000104889B000220AF0F6FD0F4D0F490022F4
:101680000023CDE9062300240E23CDE90334CDE960
:1016900001440B4B00944FF44072284605F0D6FFEE
:1016A0000849284605F010FF204609B030BD00BFAC
:1016B000C916000070140020B0030020802900200B
:1016C000E9190000B1DB0000014805F0B1BE00BF20
:1016D000DC0200202DE9F04780461F480F4608F045
:1016E00092FC0646002830D000252846BDE8F08749
:1016F000237B6BB12368DB680BB1204698472368D6
:101700001B69D3B9636804221968204600F0CAFA3D
:10171000013610344C45EBD3B8F1000FE5D0002D65
:10172000E2D02846FFF770FF0546002FF7D00021D2
:101730004FF4A47006F044FAF1E7204698470028D9
:10174000E0D00AFA06F31D43E2E7044CDFF81090FC
:1017500005464FF0010ADDE7941B0020B0CB0000E6
:10176000C0CB000008B5034608462BB1044A1360FD
:1017700000F068FD002008BD6FF01500FBE700BF1A
:101780002400002010B5044C237813B9034805F059
:101790004FFE0123237010BD10270020DC02002023
:1017A00010B50446084808F02EFC5CB1BFF35B8F0F
:1017B000064B53E8001F013943E80012002AF8D114
:1017C000BFF35B8F10BD00BF8C1B0020901B00205F
:1017D0000020064BBFF35B8F014653E8000F43E840
:1017E0000012002AF9D1BFF35B8F70478C1B0020D9
:1017F00070B5FFF7EDFF084C084E0546B44200D324
:1018000070BD63685B792BB123685B6813B12946AF
:10181000204698471034F1E7B0CB0000C0CB000061
:1018200010B5044C0449204608F0F2F8034B1C6044
:1018300010BD00BF040200201CCD0000841B00204E
:10184000094A0A4808B500231370094A1360094A77
:101850004FF400411360FFF785FFFFF7E1FFBDE89C
:10186000084000F06FB900BF1127002003A000005E
:101870008C1B0020901B0020014600220148002301
:1018800008F0E7B804020020014808F07DB900BF65
:1018900004020020024B0146186808F0C9B900BFD5
:1018A000841B0020014808F0FEB900BF040200209C
:1018B0002DE9F041354B1878002864D0FFF7E4FF9C
:1018C000044698B1BFF35B8F314B53E8001F0139D9
:1018D00043E80012002AF8D1BFF35B8F2D4DDFF8EB
:1018E000B88045452DD32046FFF7D4FF2B4B2C4C19
:1018F0001B68002B19DD0AF0B4FC4FF47A72A0FBD0
:10190000020302FB0131C30BD4E9002043EA414347
:101910009B1A4FEAD13140F2E93261EB0001934268
:1019200071F1000101D3FFF763FFD4E9003213F531
:101930007A7342F10002C4E90032BDE8F041FFF7DA
:10194000B1BF6B685B793BB121784B0706D52B683B
:1019500021461B68284698471035C2E7204626884E
:10196000C1F3C20700F0ACFAC6F382160246002E9D
:10197000EDD00028EBDB01233946284600F0ACF916
:10198000B042E9D3E3E7BDE8F08100BF10270020B3
:10199000901B0020B0CB0000C0CB00008C1B0020AF
:1019A0006814002070B50D4D297861B90120FFF74A
:1019B00091FE0B4C0B4EB44206D3FFF779FF002883
:1019C000FBD101232B7070BD63685B791BB1236869
:1019D00020469B6898471034EDE700BF1127002090
:1019E000B0CB0000C0CB000000212DE9F047084635
:1019F000FFF770FE044658B340F267684FF00009E5
:101A00000AF050FF1B4B1C4A1B58136033B11B4B91
:101A10001B68092B02DD1A4805F00AFD194FDFF893
:101A200060A0002544B12046FFF7EEFD044618B93A
:101A30004FF0FF384FF0FF39FFF73AFF064628B95D
:101A4000B5B942464B46504605F018FD3546E9E724
:101A50004FF0FF384FF0FF39D2E72B689B691BB17D
:101A600000221146284698471035BD42F5D3E8E7D5
:101A7000054DFAE708000000881B0020901B00209D
:101A8000DC020020C0CB0000B0CB000013B518482A
:101A900008F0B9FA174B1B7873B1EFF311842023C8
:101AA00083F31288BFF36F8FFFF702FF84F311886F
:101AB000BFF36F8F02B010BD0F4B1B68002BF9D026
:101AC00050B900220023CDE900230C484FF4004216
:101AD000002306F03DFBEDE70928EBD107480AF0AB
:101AE000CEFB074802B0BDE8104005F0A1BC00BF26
:101AF000901B002011270020881B0020701400205C
:101B0000DC02002010B5064B1B68044698472146AE
:101B1000A060044808F019F8BDE81040FFF7B6BF10
:101B20002400002004020020044A054B9B1AB1EB5C
:101B3000D30F34BF52F831000020704750CB000063
:101B4000B0CB00000B480C4B30B51B1A0B4CDB081C
:101B500000210430994200D130BD10F831202568B1
:101B600002F0070225F007052A4344F8042B01314F
:101B7000F0E700BF50CB0000B0CB000048020020CF
:101B8000F8B50B4F0B4DED1B0646ED080024AC429B
:101B900003D14FF0FF342046F8BD57F8340020B190
:101BA0003146FEF767FC0028F5D00134EFE700BFAF
:101BB00050CB0000B0CB000000282DE9F04788464C
:101BC00015461F461DDADFF89890264E4FF0000AA2
:101BD000A6EB090636095446B24509F1100902D1AF
:101BE0002046BDE8F08759F80C0C3B4600792A46A0
:101BF0004146FFF7E1FF844238BF04460AF1010A7B
:101C0000EAE7194B194AD21AB5EBD20F26D203EBE9
:101C1000C5031C79BC4228BF3C46154EC0B200EB40
:101C2000400056F825300722824023EA020304F0E0
:101C30000702824013430021032223FA02F000F03E
:101C40000700814202F1030238BF01461E2AF4D187
:101C500023F007030B4346F82530C1E70024DCE7F7
:101C6000B0CB0000C0CB000050CB0000B0CB0000D8
:101C700048020020F8B5094D094BED1A06460F46FB
:101C8000ED080024AC4200D3F8BD002122B23B464F
:101C90003046013408F0D7F9A4B2F3E7B0CB000026
:101CA00050CB000038B50B4BC31A0D461B11114623
:101CB000426801331371436804469971FFF7DAFFF4
:101CC00063681D60636801225A71BDE83840FFF700
:101CD00059BD00BFB0CB000070B14168097973B144
:101CE000002A17DBCBB20C4951F8220003EB430367
:101CF000D84000F0070070474FF0FF31EFE7074989
:101D00000748401AB2EBD00F3ABF01EBC201087985
:101D100018467047042070474802002050CB00004E
:101D2000B0CB00002DE9F04F8FB004AFC1F34A28CB
:101D3000B8600D4691467B600C0DB8F1000F67D07E
:101D4000002607F114034FF0040B4FF00A0AC7F8FE
:101D50000C80C7E907667E620193CDF808B0CDF824
:101D600000A007F11C03F96832464846FFF73AF92C
:101D7000B0F5006F034620D32A48036813F0060F1E
:101D800017D06C468AB0D9F8041004AB264DC3E9CD
:101D9000055140F2FF71D9611A464FF40071198460
:101DA000224B42F8103F4FF412513346FFF7BAFF6F
:101DB000A5462C37BD46BDE8F08FC0F30A0804F1F4
:101DC0001700184420F0070080083B60FFF754FD1F
:101DD00068F35325044690B13B68154AC7E90836B5
:101DE00000F1100107F11403F961CDE900A3CDF86A
:101DF00008B0F96807F11C034846FFF7F3F868F3E9
:101E000053257B68B9682A46204608F046F9D0E792
:101E100004F1170020F007008008FFF72DFD0446AD
:101E2000EDE700BF54020020C6DB00000400000103
:101E30006FA000002DE9F04F87B0DDE91269DDE900
:101E4000105A04460F4693469846A6B31021CDF883
:101E50000090334652460020CDF81490FEF7F0FE75
:101E6000014605F117000844144B039104F00704E0
:101E70000BF0070BE40020F0070003EA412344EADB
:101E80008B1480081C43FFF7F7FC44EA0554054611
:101E900040B13EB10399CDF8009033465246103020
:101EA000FEF7CEFE434622463946284607B0BDE837
:101EB000F04F08F0F2B83146D3E700BF00FE0F0044
:101EC000406820B1034BC01A40F38F0070474FF0B9
:101ED000FF307047480200200EB403B503AB014643
:101EE00053F8042B0448019303F0BCF902B05DF8E9
:101EF00004EB03B0704700BF97A10000CA0605D4E9
:101F00008B064CBF02490349FFF7E6BF704700BF8D
:101F100007DE000005DC00002DE9F04F89B09B468C
:101F2000149B06939DF84CA0159B0593169B179E3A
:101F3000049304460D469046BAF1000F00F09D80D0
:101F400006F48073079308F07CF806F00209024655
:101F500000283ED091492046FFF7BEFF0746B9F161
:101F6000000F08D016F0440F35D18D492A4620467F
:101F7000FFF7B2FF074406F0010353B1894B8A49CA
:101F800053F82A20894B2046002A08BF1A46FFF73B
:101F9000A3FF06F48073002B49D006F00803002B42
:101FA00063D1B8F1000F66D0814942462046FFF761
:101FB00093FF0546069B3D44002B6DD1049B002BEF
:101FC00073D1F30700F1E48031462046FFF796FF16
:101FD000D8E00746C3E7774B18680028CAD0764B8D
:101FE0004FF47A791B68B5FBF3F54FF46161B5FBEB
:101FF000F0F300FB135509FB05F54FF03C0CB3FB68
:10200000F1F201FB1231B5FBF0FEB1FBFCF300FB7A
:102010001E550CFB131109FB05F50091B5FBF0F5FE
:102020006649CDE901E52046FFF756FFA2E706F035
:102030000803EBB1624B634953F82A202046FFF7AF
:102040004BFF0546B8F1000F05D0594942462046DE
:10205000FFF742FF0544BBF1000FABD05A495A4687
:102060002046FFF739FF0544A4E74FF0000BE1E7F6
:1020700006F00805E6E745469CE7BBF1010F069B25
:1020800006D1002B64D1049B002B7BD000250CE0F3
:10209000002BF8D04D485CE04D48069B4D49224648
:1020A00007F057FB049B002B68D0DFF82C81DFF88A
:1020B0002C91049F3146102F204628BF1027FFF790
:1020C0001DFF4FF0000B5D4545DC059B49461A7826
:1020D0002046FFF701FF4FF0010B1BF0070F03D164
:1020E00041462046FFF7F8FE5F453BD9059B494630
:1020F00013F80B202046FFF7EFFE0BF1010BBBF1AD
:10210000100FEAD1364920464FF0000BFFF7E4FEEE
:102110005A46059B9A5CA2F120015F2928BF2E2216
:1021200030492046FFF7D8FE0BF1010BBBF1100F31
:102130001DD01BF0070F03D141462046FFF7CCFE10
:102140005F455A46E5D841462046FFF7C5FEEBE716
:102150001F485546A1E741462046FFF7BDFE0BF15B
:10216000010BB0E720492046FFF7B6FEC5E7059B07
:102170003B440593049BDB1B04939AD1BAF1000FF7
:102180007FF41FAF204609B0BDE8F04F07F0F6BF5F
:10219000064A05492046FFF79FFE15E70DDC0000C3
:1021A00011DC000030CD000041E0000008DC000040
:1021B00036DC00009C1B0020981B00201ADC00006D
:1021C00044CD00003ADC000040DC0000CDA100005E
:1021D00097A10000655200004DDC000045DC0000C6
:1021E0004FDC000055E600004BDC000073B542F206
:1021F0000F738B4228BF0B4605680F4A0446052122
:10220000684606F0CBF963680C495B680646042211
:10221000284607F0A5FF63683246694628465B6892
:1022200007F09EFF636806495B681722284607F09F
:1022300097FF02B070BD00BFB1D8000069DC00009C
:1022400051DC0000074A00210123904206D8064ACB
:1022500001B901231360054B1860704740085B000B
:102260000121F2E740420F00981B00209C1B002038
:10227000014B03600020704758CD000008B5034AA9
:10228000034B082108F040F9002008BD95DC000050
:102290008EDC000010B5044603F0B4FF084A034684
:1022A0000821204608F030F9064A2046082108F0A7
:1022B0002BF90548214605F05DFD002010BD00BF4B
:1022C0002ADD000049DD0000CD22000070B58EB08F
:1022D00004460D46D0F89C6009F066FE02460AF0FE
:1022E000E1FA254B1958254B002A18BF1346CDE9B2
:1022F0000043234A234B28468C4218BF1346224AE8
:10230000082108F001F9D4E90A23CDE9022394F960
:102310000E300093237B1D4A2846082108F0F4F86C
:1023200006A92022204605F0DFF8626E00920346DF
:10233000174A0821284608F0E7F805A9204609F0C1
:1023400043FE034630B1134A0821284608F0DCF862
:102350000EB070BD059A6423B11ACDE900214B433C
:102360000D4AB3FBF6F30821CDE902632846334654
:1023700008F0CAF8ECE700BF0800000053DD0000D9
:102380004DDC0000E8F0000056DD000062DD0000DA
:102390008EDD0000A5DD0000D2DD0000F0B50025D7
:1023A00093B0044629460AAF1C220BA80AF02BF969
:1023B000134E1A22202138460AF025F921461148E9
:1023C00005F0D8FC09AA4FF40061304609F0F0FD91
:1023D00009996422C1F5006042434FF40063D20AB8
:1023E000CDE90403CDE9023106922046CDE900573C
:1023F000054A3346082108F087F8284613B0F0BD97
:1024000080340020FD24000009DE000010B50446E1
:1024100009F07EFC034A03460821204608F074F8C0
:10242000002010BD52DE00002DE9F34117460023C5
:10243000044601AAB86801930A2101F06DFB019DD1
:10244000C6B255B12B46154A0121204608F05CF86A
:10245000019D284602B0BDE8F081042E0AD9104A39
:1024600033460121204608F04FF8204608F087F84F
:102470000125EEE77868FFF783FBB0F1000805DA85
:102480007B68084A0121204608F03EF800213346C7
:102490000FFA88F2084607F0D6FDDAE768DE00009A
:1024A0008FDE0000A6DE000073B513460022019205
:1024B000044601AA58680A2101F02EFB019D95B936
:1024C00020EAE0744FF40046294640F2E7304FF42A
:1024D0007A720023C4FB0601FDF762FE05F070FB73
:1024E000284602B070BD2B46034A0121204608F061
:1024F0000BF8019DF4E700BFC5DE0000F0B504460F
:10250000D0F89C6089B00D4607A909F05DFD03462F
:1025100030B1104A0821284607F0F6FF09B0F0BD97
:10252000204609F041FD0C4F079A002818BF0746C6
:10253000B11A6423CDE902214B43CDE90076B3FB08
:10254000F6F3064ACDE9046308212346284607F03E
:10255000DBFFE3E7A5DD000053DD0000E5DE000062
:102560002DE9F04387B00546684604F099FC009ECB
:10257000184A194FDFF86480DFF86490142303FBD6
:1025800000660821284607F0BFFF009CB44203D331
:10259000002007B0BDE8F08323680BB11A7832B988
:1025A00023463A46142101A805F0F8FF01AB424644
:1025B0000821284607F0A8FF204609F04CFC094BEB
:1025C000094A002808BF4B460821284607F09CFF0F
:1025D0001434DBE730E000003AE000003FE00000A8
:1025E00027E0000021E00000B4E600008B1E022B73
:1025F0002DE9F04107468846144637D86068102216
:10260000002106F08DF8B8F1020F064607D1264AE0
:1026100020230821384607F077FF336816E00A22A6
:102620000021A06806F07CF8C5B21F4A2B4608219D
:10263000384607F069FFB8F1040F1AD0102D0DD0FD
:10264000202DEAD0082D0CD13378DBB2174A0821AF
:10265000384607F059FF0020BDE8F08133889BB26F
:10266000F4E7134A0821384607F04EFF6FF01500D3
:10267000F2E7E0681022002106F052F80D4A034606
:1026800004460821384607F03FFF102D06D0202DC4
:1026900007D0082DE5D1E4B23470DCE7A4B2348071
:1026A000D9E73460D7E700BF78E00000A3E000007E
:1026B0008DE00000B4E000002DE9F04F594BDFF849
:1026C00068A185B091460122074688461A60FEF748
:1026D000F9F94FF0FF3520262C4649465246404630
:1026E000FEF714FA411C07D16A1C52D14F4A01214E
:1026F000384607F009FF1DE0732820D0772833D033
:10270000612817D1DFF828B11022DBF80000002182
:1027100006F006F805460028DFD10AF0C3F8454B5D
:102720001B58162BD9D1DBF80030434A012138461B
:1027300007F0EAFE6FF0150005B0BDE8F08FDFF896
:10274000F0B00022DBF80000114605F0E9FF044676
:102750000028C2D10AF0A6F8364B1B58162BBCD164
:10276000DBF80030354AE1E7DFF8C4B00022DBF8DF
:102770000000114605F0D4FF06460028ADD10AF04E
:1027800091F82C4B1B58162BA7D1DBF800302C4AA4
:10279000CCE7631C01D12B4AA9E75FFA86F8C6F3A0
:1027A000C406002C3CD06B4629461A46A6EB050C05
:1027B0000CE0B8F1100F1DD0B8F1200F20D0B8F107
:1027C000080F2AD10878187031443344A64203D840
:1027D0000CEB01001028ECD9102CA14628BF4FF0BB
:1027E000100929464B46384601F062F81035A4EB33
:1027F0000904D6E7088880B21870000A5870E3E729
:10280000086818704FEA102E83F801E04FEA104E66
:10281000000E83F802E0D870D6E70B4A082167E77C
:10282000204689E71800002002E1000009E10000CD
:10283000781B00200C000000C8E00000DBE0000076
:10284000EEE0000026E100008DE0000070B5104EC3
:10285000044633780D4681B12BB1BDE870400D4A76
:10286000012107F051BE012333700B4A0821204695
:1028700007F04AFE0123337004E083F00103337054
:10288000002BF2D129462046BDE8704007F094BEE7
:102890001227002040E100007BE1000070B50446F3
:1028A0003C480378182B02D10B78112B31D0013A18
:1028B0000B468D18AB4225D18B5C0A780370A2F1D0
:1028C0003003092B344C04D922F02003413B052B63
:1028D00004D823683149CA54013323602368022B8A
:1028E00034D110222D48002105F01AFF2C4A13681C
:1028F00003F8010B13602B4A1368013313600023A4
:10290000236023E013F8016B182ED3D11E78112E0B
:10291000D0D1244D244A2B680821204607F0F4FD2D
:1029200020460021FFF792FF204B187870B9204A0B
:102930002B681168042B0ADC08B111602B6013F0BE
:1029400003010BD1126813681BBA136070BD0868CD
:1029500000BA41F8040B043B0120EBE75B4203F0B3
:10296000030358BF5942022904D1126813885BBA85
:102970009BB2EAE70329E9D1106802681104C2F3A7
:10298000074301F47F010B4302F47F4213430360CA
:10299000DCE700BF13270020A01B00201527002024
:1029A000AC1B0020A41B0020A5E100001427002080
:1029B000A81B00202DE9F84F0C462B49DFF8AC800E
:1029C000DFF8AC90DFF8ACB000230B602A4988F840
:1029D000003006460B601546012C2F4655F804AF13
:1029E0001ED902224946504609F032FE80B99AF8B3
:1029F0000220003A18BF0122924420490222504688
:102A000009F026FE30B9012388F80030013CE3E7E5
:102A10000022F1E749465046FDF72CFDA8B90437DE
:102A200000221146786805F005FE154B002211467C
:102A30001860786805F0FEFD124B134918603046A7
:102A4000FFF704FF0020BDE8F88F9AF800202D2A38
:102A5000E6D19AF80120002AE2D053465A460821CE
:102A6000304607F051FDD1E7A01B002014270020BD
:102A7000BFE10000C5E10000A41B0020C2E100008E
:102A8000AC1B0020A81B00209D28000007B50A48A9
:102A900009F0E1F960B1094A0749126808480423BE
:102AA0000093012300F076FF002003B05DF804FBE3
:102AB0006FF01200F9E700BF88C90000A4CE000043
:102AC000C0CB000010B54468C4E90012A36042689E
:102AD0004023D36402F15803136300230821C2E9A1
:102AE0000E33C2E91133C2E90633C2E90933D162B8
:102AF0001468536302F1500113641161536113624E
:102B0000C2F8D030A36823B11B6C13B1044920462E
:102B10009847A3681B6A0BB120469847002010BD58
:102B2000252B00002DE9F74304460D468368DB6B37
:102B300003B19847A368DB6A0BBB4FF0000905F1AE
:102B40003008EA6C01A9404607F0A0F907460028C2
:102B500036D0A36801991B693BB3024620469847CB
:102B6000064628B33146404607F0AFF9B7424FF06A
:102B70000109E6D0D5E901310020984703E020465D
:102B800098470028D9D1A368DB6963BB05F110071A
:102B9000EA6A01A9384607F0CCF9064650BB204640
:102BA00007F067FBC5F8D0602FE06FF05706D9E754
:102BB0000146404607F089F9B9F1000FE3D0D9E7A3
:102BC0001648036813F0060F03D0154A022107F0D8
:102BD000B4FAA3681B69002BEED001220DF10301AA
:102BE00020469847E8E7204698470028CED103B012
:102BF000BDE8F083A3680199DB685BB1024620461B
:102C000098470146384607F0B4F9D5E9013101206B
:102C10009847ECE76FF05701F4E700BF6C02002023
:102C200026E3000010B581680446183101F0A8F9C8
:102C3000A168034A20461831BDE8104001F046B9AA
:102C40006AE3000038B58368D3F87832DB070446BE
:102C50001DD4C06908F0D2F9606803685B689847C2
:102C6000054620B9E06808F09EFBA3681D75A368BF
:102C70005B6C13B1294620469847A36809F012FE01
:102C80000022C3F82023034B185802F05DF86FF0C0
:102C90000F05ECE708000000014907F08EBB00BFFC
:102CA00007DE0000F7B504468068D0F878325A078E
:102CB0000D4605D5002107F0A2FBE06808F045FBB2
:102CC000E368DB6873B9002D3BD0A66806F15607B0
:102CD000384607F06CFB002835D0394606F5AB7056
:102CE000FDF7D2FBA268E0680DF1060356322946D3
:102CF00008F02EFB58B9A06800F5AB715630FDF70F
:102D0000C3FBA068563007F052FBADF80600204622
:102D100007F044FFA368D3F874329B0603D50B4930
:102D2000606907F04AFB204600F05EFFA268BDF82C
:102D30000630A2F85230A2682046A2F8503007F0C0
:102D400092FE03B0F0BD86F85601CBE738CC000008
:102D50002DE9F04FA7B004465422002111A809F034
:102D600052FC0023CDE90533A36820465633029375
:102D700007F01BFF204607F05FFE10B96069FFF700
:102D80008BFFA06814220021183009F03CFC20467B
:102D900007F0F9FDA168E068B1F85020563100262F
:102DA00008F00DFB204608F08CFB4FF0FF37B246D1
:102DB00003960DF14408B3463546B146DDE90532C8
:102DC000012A6DD0132B6ED85FBBBBF1000F0AD068
:102DD000204608F097FBA2681423563211A90DEB88
:102DE000030007F04FFCB9F1000F0CD099F8113037
:102DF000FE2B08D1059B26AA02EB830252F8542C25
:102E00000AB101330593A068059D436A002B40F089
:102E1000B680CEB1C3699E422DD00D9600F1180543
:102E200024E0029A0223414606A807F02BFC0699EB
:102E3000D8F804200292034631B101290AD148B1E1
:102E40006D4A204607F063FF6FF00705284627B05C
:102E5000BDE8F08F059B002B34D0D8F8000001F0BE
:102E6000AFF898B166B1A5680D9618350CAE0FCEC7
:102E70000FC533682B602046FFF7D4FE0125E5E738
:102E80005E4A0121204607F042FFDDE7059BCBB1FA
:102E9000D8F800202946204601F044FA022809D13A
:102EA000059B132B91D9069B022B8ED1544B554A6F
:102EB0000121C6E7032805D0059B013305934FF098
:102EC000010B7BE7039B33B9D8F8001007AA4846EB
:102ED00007F0CFFC054608F10408013F9DB3EB68FD
:102EE000BBF1000F08D0F3B1204607F05EFE20468C
:102EF00007F0B9FD444AC4E7ABB1A368DDF814A0FC
:102F0000AE4603F1180CBEE80F00ACE80F00DEF887
:102F10000030CCF80030AB682BB96B7CFE2B04BFC3
:102F20002F7C07F1FF37D5F804C0BCF1000F08D0A3
:102F3000AE46BEE80F000CAE0FC6DEF800303360C0
:102F40006646A94603E0059B53B101230393069B04
:102F500017B9022B7FF432AF059B013305932DE7A0
:102F6000A368DB6A13B1DB68002BEED1274B00931B
:102F7000274A119B0121204607F0C9FEE5E790F89A
:102F80002830A5EB0A05BBB190F829104FF6FF7267
:102F9000FF2918BF0A469D4202D313449D420BD914
:102FA00083691C4A0121204607F0B1FE2046FFF745
:102FB00039FE6FF0150549E7012107F015FAA06801
:102FC00000F5437007F034FAA36811AA294602EB12
:102FD0008A025B6A204698470546A0684FF0FF3298
:102FE0004FF0FF3300F5437007F0C9F9A0680021E6
:102FF00007F0FAF92AE700BF78E300008CE300004D
:10300000EDE30000C1DE0000AAE30000D9E3000008
:10301000C8E6000011E4000010B5836802221A75AA
:1030200083689B6C0446BBB907F080F98368D3F8CA
:103030007832DB040BD50321084B094A07F067FE01
:10304000A0686FF4805100F51E7007F089F92046E2
:10305000BDE8104000F01CBF10BD00BF2CE4000014
:1030600041E000002DE9F04F04468068B1B0012135
:1030700000F51E7007F065F9A3681B7D022B20D1B7
:1030800000230993A36860689E6C03681D6909ABFF
:103090000EB310221BA9A847099B93B1A068012178
:1030A00007F0A2F9099A1BA92046B047A0680021A1
:1030B00007F09AF9A3689B6C002BE3D12046FFF739
:1030C000ABFFA0686FF0010100F51E7031B0BDE8E4
:1030D000F04F07F045B901220DF12301A847099BE4
:1030E000002BEED09DF923209DF82310A368002A21
:1030F000C8DB5A7D032A00F29682DFE812F0040052
:1031000083029A0294020D297CD00A2958D0B3F880
:1031100078226FF3CA02A3F878220929A06800F088
:1031200086803DD80029ADD0082900F0FA810346F9
:10313000D3F874229207A5D501391629A2D801A285
:1031400052F821F0D53600005D35000065350000ED
:1031500055350000C9360000833500008530000079
:103160008530000085300000853000008B35000080
:103170009335000085300000BD350000853000002B
:10318000C735000085300000853000008530000024
:1031900085300000CB35000085300000F53500009B
:1031A0001B2941D07F2900F0C881A1F120025E2AAD
:1031B0000346BDD8012107F022F99DF82310B7E09E
:1031C000D3F87822C2F3C7022AB1D3F87822C2F327
:1031D000C7020A2AACD1B3F8782261F3CA02A3F875
:1031E0007822A568B5F85010C1B9284607F007F94C
:1031F000E06808F0AAF86069FFF74EFD2046FFF787
:103200000BFF3FE7D3F87822C2F3C702002AE2D0CF
:10321000D3F87822C2F3C7020D2ADBE72046FFF776
:1032200097FDC5F82403E9E7012343752AE7D0F8A1
:1032300074329B077FF526AF012107F0E0F8A06804
:10324000B0F85030FF2B3FF41DAFB0F8522000F122
:10325000560100F5AB7009F0AEF9A368B3F852203F
:103260001344002583F85651A2681BA9142302F5C4
:10327000AB720BA807F006FA0B9914293FF602AFC0
:1032800030AB03EB810343F8545CA368B3F85220DE
:10329000134493F85530202B02D0093B042B4BD814
:1032A00000294CD100250A950A9B30AA02EB830322
:1032B000002653F854AC504607F079F8B3468146DF
:1032C000B046374616AA3946284600F0EBFB0346BF
:1032D000002840D1012EA76865D10A9B30AA02EBD5
:1032E000830353F8540C07F062F807F118020646FE
:1032F0004146284600F0D6FB0568284607F057F8F7
:10330000864205D0821B92B2A919204607F046FDDD
:10331000A068B0F85230034493F85630202B31D0D7
:10332000093B042B2ED9D0F87432DF072FD420218B
:10333000204600F075FDA5E60129B3D9013900202A
:103340000CAB009301900AAB1BAA07F0BDFA05462F
:103350000028A9D196E61B6803934A4651461846B1
:1033600009F076F960B9039B1846FDF795F85845C2
:1033700038BF58461FFA80FB002E08BFB8460136FA
:1033800001379FE70121204607F0A1FB7AE60021E3
:1033900007F03FF82021204600F042FDA0680121FF
:1033A00007F037F86EE604907FF66CAE0A9A30AB01
:1033B00003EB8202C14652F8543C0393184606F0D0
:1033C000F6FF049B0590A7F840300496A268494692
:1033D0001832284600F066FB039BD0F800A009F1E4
:1033E00001094BB1BAF1000F06D0059A19465046B3
:1033F00009F02EF90028E9D1A168BAF1000F4ED1E9
:10340000A1F840A0049B013B0493DFD16069FFF762
:1034100043FC204600F03CFD0A9B30AA02EB8303EC
:1034200008F1010A53F8540C06F0C1FF414611AAF5
:103430008146284600F036FB0746A0683968FF221F
:1034400000F5AB7009F016F93B6803934FF6FF7770
:10345000B84616AA514628460AF1010B00F022FB95
:10346000002852D0A168036801F25511002211F81A
:1034700001EF985C704503D110B101324245F6D19D
:10348000B9F1000F01D04A4507DBBA4206F1FF3619
:10349000A8BF3A46012E97B237D0DA46D9E7994805
:1034A000069106F084FF069907914A8F00EB0B07FF
:1034B000BFB2121A504692FBF7F292B2069206F091
:1034C00076FF0799069A3F1AB1F8400000F1010C07
:1034D000A1F840C0B0FBF2F102FB110080B2BFB214
:1034E00060B9884B884ACDF800A00621204607F035
:1034F0000EFC3946204600F061FB83E7834A5346C1
:103500000621204607F003FCF3E7002F3FF4BAAD95
:103510000399A7EB090292B24944204607F03EFC0A
:10352000B0E5D0F874329E077FF5ACAD012106F00E
:1035300066FF204607F053FCA4E5D0F874329D07DF
:103540007FF5A0AD012106F05AFFA368D3F87432CD
:103550001907EED4204607F023FC93E5204607F038
:103560002DFB8FE5204607F020FB204607F064FA8C
:1035700010B96069FFF790FBA068012106F03FFFDA
:103580003CE6204607F023FB7CE5204607F02AFBBB
:1035900078E5D3F874329B0603D55D49606906F07F
:1035A0000CFFA368D3F874329F0603D559496069AC
:1035B00006F003FF204600F06BFC63E50021204687
:1035C000FFF770FB5EE50121F9E7204607F0E6FA18
:1035D000204606F0ABFE0121A06806F010FFA368AC
:1035E000D3F874329E067FF54DAD4B49606906F005
:1035F000E4FE47E5204600F071FBA068012106F0DB
:10360000FEFE3FE55B2902D102225A753AE5D3F866
:1036100074329D0706D5622907D14FF0FF3120464D
:1036200007F07EFAA3680022EFE76629FAD10121AC
:10363000F5E700225A75A268D2F8743298077FF530
:1036400021ADA1F131031B2B3FF61CAD01A151F8B7
:1036500023F000BFD1360000DD360000F136000057
:10366000C536000085300000853000008530000040
:103670008530000085300000853000008530000076
:103680008530000085300000853000008530000066
:1036900085300000C7350000BD35000083350000CF
:1036A0005D35000085300000C9360000853000001F
:1036B000D5360000853000008530000085300000E0
:1036C000E136000003235375204607F06EFAD9E473
:1036D00003235375204607F061FAD3E4032353759F
:1036E000A068D0F8741201F0010181F0010157E6E1
:1036F00003235375A368D3F874329B077FF5C2ACDC
:1037000028E700BF4CDC000070E4000041E000004E
:103710003DCC000042CC000038CC000010B58368DE
:103720001A7D012A04462BD1D3F87822510408D5FA
:10373000D3F87422520704D40146DA6CC06907F04A
:1037400046FCA0684FF0FF324FF0FF3300F54370A6
:1037500006F015FE2046082100F082FA206806F0E7
:1037600026FE18B10849606906F027FE2046FFF7DB
:1037700053FCA06800F5437006F05AFE002010BD0F
:103780006FF08500FBE700BF06DE00002DE9F04189
:1037900004468068154600F51E70002937D04FF4A6
:1037A000804106F0CEFDA368DD64606803680021F7
:1037B0009B68984700284BD12046FFF7AFFF0028B1
:1037C00046D1244E244FDFF89480A06800F52F7076
:1037D0004FF0FF324FF0FF33032104F0F3FC0546B6
:1037E000A0684FF0FF324FF0FF3300F543709DB1FA
:1037F00006F0C5FD20462B46194A012107F087FA3D
:10380000A068BDE8F04100F5437006F011BE6FF40A
:10381000804106F0A5FDC6E706F0B1FD3246022163
:10382000204606F0AEFD3A462946204606F0A9FDA0
:1038300020464246012106F0A4FD606803685B69EA
:1038400003B19847A06800F5437006F0F1FDBCE7AE
:10385000BDE8F081452C00006530000035A4000073
:1038600076E4000010B50D4A0446082106F04CFE2F
:1038700020460B4A082106F047FE2046094A082147
:1038800006F042FE2046084A082106F03DFE20468A
:10389000064A002100F01AFB002010BD8DE4000054
:1038A000CBE400002AE500007EE5000018E60000F9
:1038B000F8B51E4617460B462F4A0821044606F067
:1038C00023FE6EB33B782D4A0821204606F01CFEED
:1038D00001256A0704D12A4A0821204606F014FE71
:1038E000AE4223D97B5D254A0821204606F00CFE16
:1038F0000135102DEDD1234A0821204606F004FEA3
:10390000D6B91F4A0821204606F0FEFD0125AE4229
:103910002B4613D81A4A0821204606F0F5FD18E078
:10392000194A0821204606F0EFFD0125164A082114
:10393000204606F0E9FDDBE700252B46FB5CA3F102
:1039400020025F2A28BF2E23104A0821204606F0B5
:10395000DBFD0135102D07D06B07D8D1084A0821AF
:10396000204606F0D1FDD2E72046094ABDE8F840DE
:10397000082106F0C9BD00BF2EE6000045DC0000AE
:103980004DDC00004FDC00004BDC000055E6000081
:1039900035E600002DE9F043044680688846D0F8FB
:1039A000201389B015461F46002960D14FF44A7292
:1039B00008F029FEE06807F06AFDA06800F5437092
:1039C00008F0D5FA4FF42F794FF41F76A0683044F1
:1039D00008F0B7FDA0680022831901214844103681
:1039E00008F086FDB6F52F7F09F11409EED1A36921
:1039F00000261E60A068022100F51E7006F0A1FCE2
:103A0000A36850225A87A36818221A872168204683
:103A100006F087FDA368174A66F38205C3F874525F
:103A20006068036841461D682346A8470546D0B92B
:103A3000A36801221A75D4E90A0100220023CDE906
:103A400006230E230393109B0495CDE90173009484
:103A5000094B4FF4006203F0F9FDA368C3F820039B
:103A6000616A03F031FD284609B0BDE8F0836FF0CC
:103A70007705F8E7D5A300008D37000010B50446A0
:103A800013460A460146064801F0ECFB23691B7900
:103A900023B12046BDE8104006F094BD10BD00BF24
:103AA000DDA5000038B50B46154648B91449154A3E
:103AB000521AB3EB920F05D251F82350284638BD65
:103AC00084680CB90025F9E70F4A94420AD30F4ADB
:103AD000944207D218462268294690472B68002B4B
:103AE000ECD1EFE70A4A944202D30A4A944205D342
:103AF000246814225343E518E358F0E70133F8E74C
:103B0000F0CB00001CCC000030CC000030CC00001A
:103B10001CCC000030CC0000F7B51646027800231C
:103B20002D2A0446019305D16FF015033360002060
:103B300003B0F0BD08F0B6FE0B4F0546C3510A4670
:103B4000204601A904F0ECFDEB59222B02D16FF0C5
:103B50002103EBE7002BE7D1019BA342E4D01B78C4
:103B6000002BE5D0E0E700BF0C0000008368D3F82D
:103B700074329B0603D50249406906F03FBF704787
:103B800048CC0000014906F039BF00BF07DE000045
:103B90000A1E0DDC0ED042238168D1F8741289060A
:103BA00008D5002A04494069B8BF524206F026BF32
:103BB0004123F1E7704700BF51E600000A1E0DDC0B
:103BC0000ED044238168D1F87412890608D5002AE2
:103BD00004494069B8BF524206F010BF4323F1E7E1
:103BE000704700BF51E600002DE9F0478568DFF817
:103BF0006890044605F15600FCF74EFC002395F84A
:103C00003C7086B29846A268558FED1BB54209DB21
:103C1000002E1FDD563360691049BDE8F0471A4495
:103C200006F0ECBE1D442A44563392F856A082F8A2
:103C30005680A26860691A44494606F0DFFEA36810
:103C40002B4483F856A0A3685B8FDB1BF61A002772
:103C50002B46D8E7BDE8F087C1DE000041E0000058
:103C600008290A4617D8836893F83E10914212D06B
:103C700083F83E208368082AD3F8743205D0990669
:103C800009D50549406906F0B9BE9B0603D503492D
:103C9000406906F0B3BE704758E600004DCC000006
:103CA00038B50D4609780446FFF7DAFF6A78072A27
:103CB00011D8A36893F83F1091420CD083F83F20AD
:103CC000A368D3F874329B0605D560690249BDE844
:103CD000384006F093BE38BD61E60000F8B5836851
:103CE000B3F850200446002A55D0B3F852100029EA
:103CF00051D0553103F156050B441846A84206D35E
:103D0000014611F80169202E3CD0A8423CD286B26F
:103D10009DB2AB1B9BB2591C471CD21A01443846BA
:103D200008F057FCA268B2F85030711B13FA81F307
:103D3000A2F85030A368B3F850201344002283F84F
:103D4000562009B2204606F0C2FEA368D3F87432AA
:103D50009A0603D51049606906F050FE3B460F4AAB
:103D60000821204606F0D3FF2046FFF7FFFEA36898
:103D7000D3F874329B060ED560690949BDE8F84056
:103D800006F03CBE0846B9E7014611F80169202E4D
:103D9000BDD00846B9E7F8BD52CC000041E00000B4
:103DA00056CC00002DE9F04104460D4617460AB1F5
:103DB000FFF7DCFEA368B3F85220D3F87412563232
:103DC00013444A0721D51846FCF766FBDFF8488004
:103DD0000646A6B9A368B3F85020A3F85220A068FD
:103DE00006F019FE20B107B115B16069FFF7CAFEF0
:103DF0006942204609B2BDE8F04106F068BE60693C
:103E0000414606F0FBFD013EE3E7044A0821204657
:103E100006F07DFFDEE700BFE8F0000041E00000B3
:103E200013B583688DF80710D3F874220446D007C1
:103E300025D5B3F85210B3F850208A421FD0481C41
:103E4000A3F852000B449DF8072083F85620A3687E
:103E5000D3F87412890710D5D3F8743260690B490E
:103E600013F0040F18BF2A2206F0C8FD204606F002
:103E7000E3FD10B16069FFF785FE02B010BD0122BD
:103E80000DF10701204606F04FFFF6E755E600006A
:103E900010B504468368094A022106F038FFA3687A
:103EA000D3F874329B0707D52046FFF79DFE2046C6
:103EB000BDE8104006F0E6BD10BD00BF41E00000C7
:103EC000014907F011B900BF07DE00002DE9F04FEE
:103ED0000E46002189B0044617460D4603AA304617
:103EE00001F10108FFF7DEFDB0B995B127B13A46FF
:103EF0000821204606F00BFF1E4FDFF87C90DFF80C
:103F00007CA0002103AA304601F10108FFF7CAFD99
:103F100060B909B0BDE8F08F006810B1FCF7BCFAD9
:103F200080B2854238BF05464146D7E703688BB16A
:103F30001A787AB1D0F804B04A46CDE90053082186
:103F40003B46204606F0E3FEBBF1000F04D160695A
:103F5000FFF7B6FF4146D5E7524620463B460821CB
:103F600006F0D5FE6A1D92B25946204607F0C9F800
:103F7000F0E700BF7FE600006AE6000040DC0000DA
:103F8000F7B50F6805460E46A7B13846FCF784FA28
:103F900084B2094B00932846084A3B46082106F0A4
:103FA000B6FEE21C716892B2284603B0BDE8F0404C
:103FB00007F0A7B83C46ECE77BE6000071E40000A0
:103FC00010B507490446FCF755FA38B105492046B3
:103FD000FCF750FAB0FA80F0400910BD0120FCE770
:103FE00071E6000074E6000010B58368D3F87432FF
:103FF0009B06044603D50649406907F0F9F8A36813
:1040000050225A87A36818221A87002010BD00BFCB
:104010005ACC000008B58369034A1B68082106F0E2
:1040200073FA002008BD00BF82E600002DE9F341CD
:104030000F4A104C104EDFF844800821054606F068
:1040400063FA0023B44203F1010703D3002002B056
:10405000BDE8F081626A0192A26800929BB242467A
:104060000821284606F050FA30343B46EAE700BF04
:1040700092E60000C0CB0000F0CB0000AAE60000F2
:1040800008B5024906F04DFA002008BD08DE000020
:104090007FB50F4E04460025A268E0680DF10E03BF
:1040A00002F5AB72012107F053F9BDF80E00A368C9
:1040B00050B103F5AB73009332462B4608212046DE
:1040C00006F022FA0135E7E783F8560104B070BD27
:1040D000BBE6000010B5044606F066FA034A034644
:1040E0000821204606F010FA002010BD1AD6000064
:1040F000022907B50DD1536801930E4B0093136845
:104100000D4A012106F000FA6FF0150003B05DF8CA
:1041100004FB8368094AD3F8743213F0020F4FF09E
:104120000801074B08BF1346064A06F0EDF90020C8
:10413000ECE700BFCEE60000C5E60000E2D50000D7
:10414000DCDF0000E3E6000010B58368D3F87432CA
:104150009A06044603D50749406907F049F8A36861
:10416000D3F874329B0603D50349606907F040F821
:10417000002010BD61CC000066CC0000F0B5012924
:1041800085B004460CD053680193604B00931368CC
:104190005F4A012106F0B8F96FF0150005B0F0BDD7
:1041A0008368D3F87432990603D55A49406907F0F9
:1041B0001FF86FF0F9012046FFF7EAFCFA212046CC
:1041C000FFF7FCFCA06800254FF48072294600F53B
:1041D000AB708DF80B5008F016FA4F49606907F084
:1041E00007F8606906F0EEF94FF47A7660680368C4
:1041F00001221F690DF10B0103ABB847039BF3B913
:10420000013E4FF47A70B6B207F020FE002EEDD1D9
:10421000A368D3F874329B0603D54049606906F061
:10422000E7FFA36850225A87A36818221A872046FE
:104230003B4A032106F068F96FF00700AEE79DF8EE
:104240000B20A3681B2A53D093F856111B29CDD1FC
:10425000522A4DD15A19002382F85631A66896F891
:1042600057215B2A2BD106F25710022510F8011FA7
:104270002A463B2905F10105ADB223D1FF2AC7D05B
:1042800002F5AB7216FA82F1002211F8010F18BB89
:1042900086F85601FA2AA16828BFFA224A87FA2B23
:1042A000A26828BFFA231387A368D3F874329A064A
:1042B00003D51A49606906F09BFF00206EE786F877
:1042C0005631A5E703EB8303303901EB4301B5F524
:1042D000807F8BB2CAD19BE7013502EB8202ADB27F
:1042E000303800EB4200B5F5807F82B2CDD18FE748
:1042F0002B440135ADB2092D83F856217FF676AFF8
:10430000A368002283F8562182E700BFCEE60000B2
:10431000C5E600006CCC00002EE7000070CC000069
:10432000F4E600002DE9F04F074689B015468946AE
:1043300021B1104607F0B1F800285BD1032455E005
:104340005C463CE029460AF5AB7008F0AFF906463A
:10435000002854D0FCF7A0F882B2601C013231462C
:10436000304408F036F922465946304608F023F921
:104370004FF020033355BAF8543001331C44AAF8E7
:10438000544008F10108002401994B1C03AA484637
:104390000193FFF787FB0646E8B131680022284603
:1043A00007F038FA0028EFD1D6F800B0D7F808A007
:1043B000BBF1000FC4D05846FCF76EF884B2BAF8CF
:1043C00054302344FF2BBDDD0E4A2B4603213846D3
:1043D00006F09DFC0124B8F1000F07D0B8682A460A
:1043E00000F1540100F5AB7006F01CFA204609B04C
:1043F000BDE8F08F4FF0000841460224C5E70224D3
:10440000E9E700BFF6EB000008B5044805F0F9F94C
:10441000BDE80840024805F0F4B900BF48EC0000D0
:104420007DEC0000014804F051BF00BF08D200003D
:1044300038B5044618B90F4B0F485B689847616858
:10444000B1F5683F10D0B1F5680F0DD00B4DA94202
:104450000AD011F46861206807D00146084807F0C7
:104460004DFD00232360656038BD142208F0CBF8B1
:10447000F9E700BF98010020ABEC00002C5F5CA9BD
:104480003824002008B520B34368B3F5683F10D145
:1044900001220368BFF35B8F53E8001F002903D19B
:1044A00043E800200028F7D1BFF35B8F0DD1002037
:1044B00008BD094A93420AD000684FF0FF324FF01E
:1044C000FF3302F001FF0028F1D00448F0E7044870
:1044D000EEE76FF4E040EBE72C5F5CA9E98FFFFFAC
:1044E000EA8FFFFF08B5D8B14368B3F5683F10D134
:1044F00000220368BFF35B8F53E8001F012903D13B
:1045000043E800200028F7D1BFF35B8F0BD10020D8
:1045100008BD074A934208D0006802F04DFFF6E755
:104520006FF4E040F4E70348F2E70348F0E700BF28
:104530002C5F5CA9E98FFFFFEA8FFFFF10B50446EF
:1045400018B91D4B1D485B6898476368B3F5683F11
:104550002FD0B3F5680F2CD0194A934219D1236894
:1045600003BB18484FF0FF324FF0FF33214602F0F3
:104570007DFE08B923681BB90F4B13485B68984749
:1045800020681422002108F03EF84FF4686363604D
:1045900008E0B3F5683F0DD83A2B03D040F6BA6275
:1045A0009342DED1206807F0E2FC636843F03A03EF
:1045B000636010BD054AF3E798010020ABEC0000F2
:1045C0002C5F5CA938240020D1EC00003A00003AAE
:1045D00008B5064906484023142207F081FCBDE8CF
:1045E00008400449044804F0E3BE00BF381F00201F
:1045F0003824002010D2000024D200002DE9F84316
:10460000054600AF0C46002948D0DFF8B890D9F82D
:1046100000305A0742D06E468AB0D1E90001A36843
:104620006A46DFF8A4C04FF00508C2E905C0C2E938
:10463000071342F8108F00234FF421514846FDF72D
:1046400071FBD9F800305B07B54627D08AB0D4E9B2
:10465000030163696A46DFF874C0C2E90713C2E95F
:1046600005C042F8108F002348464FF42151FDF752
:1046700059FBD9F800305807B5460FD0E36901213E
:10468000134A484605F062FDD9F80030590705D0B5
:10469000A369104A0121484605F058FD012D0AD1B1
:1046A000EFF3058307480268520704D00A4A103B1B
:1046B000294605F04BFD2146284602F011FCBD4677
:1046C000BDE8F88360020020FEEC00002DED000044
:1046D0005CED00006BED000099ED000030BFFFF7CE
:1046E000FDBF00BF2DE9F0410B4EDFF8308006EB37
:1046F0000807CC1B054632460949204607F05BFFF8
:10470000A01942460021083C07F07DFFC5F8A840EB
:1047100007F10800BDE8F08100000000080000007B
:1047200030CC0000074A936893F90E10002907DB8C
:10473000526993421FBF044A536843F08053536049
:10474000704700BFFC24002000ED00E0F8B5364CB7
:1047500023685B0706460D4603D03449204606F021
:10476000EDFE334B9B6ADF065CD52368580703D008
:1047700030492D4806F0E2FE11202D4B9B6A1907A7
:1047800007D523685A0703D02B49274806F0D6FEE1
:104790001220274FBB6A9B0719D52368580703D0FF
:1047A0002649214806F0CAFE7B6BBA6A11060DD570
:1047B0002268520704D0224A1B48012105F0C6FC9A
:1047C00026B11B4A936A23F0800393621320184B8F
:1047D0009B6ADB0707D523685F0703D01949124896
:1047E00006F0ACFE1420124B9B6A9E0607D5236888
:1047F000580703D014490C4806F0A0FE15200C4BB6
:104800009A6AD10658BF9A6A9A6A920642BF5A6A51
:1048100022F400525A629A6A42F0FF029A6200231E
:104820002B70F8BD1020A8E760020020ACED00005E
:1048300000ED00E0C2ED0000F5ED000008EE000024
:1048400020EE000036EE000055EE000010B52D4CB5
:1048500023685A0703D02C49204606F06FFE2B4BE5
:104860009B6A9B014BD52368580703D028492548EC
:1048700006F064FE1E20254B9B6AD90107D52368EC
:104880005A0703D023491F4806F058FE1F201F4B2C
:104890009B6A1B0307D52368580703D01E49194894
:1048A00006F04CFE2120194B9B6A590307D523685B
:1048B0005A0703D01949134806F040FE2220134B33
:1048C0009B6A9B0307D52368590703D014490D48F9
:1048D00006F034FE23200D4B9B6ADA0307D52368CC
:1048E0005B0703D00F49074806F028FE2420074A3B
:1048F000936A6FEA03436FEA1343936210BD1D206E
:10490000B9E700BF6002002084EE000000ED00E087
:104910009CEE0000AFEE0000C9EE0000E7EE0000E4
:104920000CEF000026EF0000F8B5374C23685B075A
:1049300006460D4603D03549204606F0FFFD344BB0
:104940009B6ADF0451D52368580703D031492E48AC
:1049500006F0F4FD17202E4B9B6A190507D5236836
:104960005A0703D02C49284806F0E8FD1820284FA4
:10497000BB6A9B0519D52368580703D027492248ED
:1049800006F0DCFDBB6BBA6A11040DD52268520734
:1049900004D0234A1C48012105F0D8FB26B11C4A4B
:1049A000936A23F4004393621920194B9B6A5B05B9
:1049B00007D523685F0703D01A49134806F0BEFDE8
:1049C0001A20134B9A6AD60511D52368590703D0CC
:1049D00015490D4806F0B2FD1B200D4A936A43F4B9
:1049E0007F43936200232B70F8BD1620B3E79B6AC8
:1049F0009A04F2D523685B0703D00C49024806F0FD
:104A00009DFD1C20E9E700BF6002002051EF00007F
:104A100000ED00E067EF0000F5ED000078EF00002A
:104A200091EF0000A6EF0000C1EF000055EE00007E
:104A30002DE9F041734B8AB0D3F8048000AF0446EF
:104A4000C8F30806002585F31188BFF36F8F02F0C5
:104A50007F43B3F17F4F0AD102F00C03082B15D12D
:104A600069480368590702D0684906F067FD0025C8
:104A70002C460023FB71F31E092B00F29E80DFE819
:104A800003F00A90938C9C9C9C9C9C9612074CBFB4
:104A90000C460125EDE75C4E33685B0703D05C49AB
:104AA000304606F04BFD0023FB71564BDA6A900747
:104AB00008D53368590703D05649534806F03EFDE0
:104AC00000233BE0DA6A002A04DA33685A07F7D099
:104AD0005149F2E7DB6A5B00F2D53368580703D02F
:104AE0004E49494806F02AFD464BA1695A6942F4ED
:104AF00080725A61BFF34F8FBFF36F8F5A6931F8DD
:104B0000021C22F480725A61BFF34F8FBFF36F8F84
:104B10004DF60272914207D09A6AD2B282B3F91D61
:104B20000120FFF713FE3AE03368590705D02368E8
:104B30003B4A3548012105F009FB2368FA79DAB9C7
:104B400007F1080604F1200C20686168324603C2B0
:104B5000083464451646F7D17A6A002D4DD0C2F369
:104B6000080121B96FEA52226FEA42227A6207F104
:104B700008011846FFF742FD2837BD46BDE8F08121
:104B80009A6A12F47F4F04D0F91D0120FFF7CCFE82
:104B900005E09B6AB3F5803F92D3FFF757FE0346CB
:104BA000CCE7F91D0020BCE7F91D0020EEE7164810
:104BB00003685A0784D01B4980E7134803685B07E2
:104BC0003FF47EAF184A194B18F4F87FE8468AB0D4
:104BD00018BF13466A461649C2E905134FF400731D
:104BE0001384103E134BD66142F8103F00234FF45C
:104BF0001151FDF797F8C54662E722F4FF7222F0E3
:104C00000102B3E700ED00E06002002007F00000C1
:104C100032F0000049F000006AF0000078F0000077
:104C200097F00000B3F00000EEEF0000D9EF0000B5
:104C3000D7F0000004000001024A536943F010035A
:104C40005361704700ED00E0EFF30880EFF3098156
:104C500001B57246FFF7ECFE01BD00BF002080F3F6
:104C60001488BFF36F8F01F0F1FA0020114908603A
:104C7000BFF34F8F104880F3088800F033F82020EE
:104C800080F311880D484FF0AA014FF4006207F03D
:104C90000DF90A484FF40061401880F30988EFF3DA
:104CA00014800221084380F31488BFF36F8F00F053
:104CB000FBF8000094ED00E0C04D0020803400209F
:104CC0000749D1F890200023C2F3072218469342E7
:104CD00000DB7047C1F89830C1F8A0000133F6E757
:104CE00000ED00E008B572B6002383F31388FFF7E8
:104CF000E7FF144B4FF0FF32C3F88020C3F8842045
:104D0000C3F88820C3F88C20C3F89020C3F89420FF
:104D1000C3F89820C3F89C20C3F88021C3F88421ED
:104D2000C3F88821C3F88C21C3F89021C3F89421DB
:104D3000C3F89821C3F89C2162B6BFF34F8FBFF32D
:104D40006F8F08BD00E100E0084B9B6883420BD1E8
:104D5000EFF3058343B1064B5A6842F080525A6024
:104D60005A6A22F400425A6207F01DBAFC2400205D
:104D700000ED00E00A4A93686FF00A01C3F8B01032
:104D80000849C3F8AC004B6843F080534B600023E4
:104D900083F31188BFF36F8F9368D3F8B000704727
:104DA000FC24002000ED00E0EFF31183202383F3C7
:104DB0001288BFF36F8F0A4A53699360094A4FF014
:104DC00000615160084AD3F8A81011600021D3F89F
:104DD000AC20C3F8AC1082F31188BFF36F8F70471B
:104DE000FC24002000ED00E0542400200B498A68D8
:104DF0004FF030001044EFF3098C80E8F01F744648
:104E00007046FFF7D1FFA64604498A6802F13000D8
:104E100090E8F01F8CF3098870470000FC24002004
:104E20001EF0040F0CBFEFF30880EFF309808169D7
:104E300011F8021C0229FFD001B506F074FB01BD78
:104E400040B2002807DB044A4109012300F01F009B
:104E5000834042F82130704700E100E0054B4209F1
:104E600000F01F0053F82220012303FA00F0104045
:104E7000704700BF00E100E040B20028A8BF00F189
:104E8000604001F10101B8BF064B4FEA4111ACBFD0
:104E900000F5614000F00F00C9B2B4BF195480F8AA
:104EA0000013704714ED00E00B4A08B50B4B22F0DD
:104EB0007F029A60BFF34F8FBFF36F8FD3F88820C4
:104EC00022F47002C3F8882002F008F902F076FF9D
:104ED00000F048F802F046F90000000000ED00E0A4
:104EE00042F8203C009B42F81C3C0A49019B42F8D6
:104EF000183C029B42F8143C21F001014FF08073F2
:104F000042F8043C42F8081C0023203A0265C0F82D
:104F1000AC307047B91300000B4B98600B4B0E463A
:104F2000D0F8A810196015462C4686F309884FF072
:104F30000000074B984720464FF000014FF0000259
:104F40004FF00003034C2047FC2400205424002091
:104F50004DB50000B9130000014B10221A617047D3
:104F600000ED00E0044800232021C2180133302B5B
:104F700082F80013F9D1704700E100E008B5EFF3C3
:104F80000583064A103B02EBC30152F8330049681F
:104F90008847BDE80840FFF7C5BB00BF9CC90000BB
:104FA000024B034A0348012100F080B800000420AE
:104FB0000000002034D2000008B503461148D0F8A4
:104FC0009020C2F30722013A93420AD90E480268A0
:104FD000520703D00D4A012105F0B8F86FF0150013
:104FE00008BDC0F898300A6822F01F021A4342F048
:104FF0001002C0F89C208A6842F00102C0F8A0208C
:105000001846EDE700ED00E05C020020EEF0000045
:10501000F0B50E4685B01F4604460025B54210DAAD
:10502000606828B3AFB1431E18420DD01248036820
:105030005B0704D0114A2B46012105F087F86FF079
:105040001502104605B0F0BD1F28EFD921680B42AC
:10505000ECD12368019306F09CFAA36801A90343ED
:10506000D0B20393FFF7A8FF10F1160FE7D0421C50
:1050700001350C34D2E700BF5C02002014F10000BF
:10508000044B0522C3F89420BFF34F8FBFF36F8FFB
:10509000704700BF00ED00E0BFF35F8F024B0022BE
:1050A000C3F89420704700BF00ED00E010B5034C3A
:1050B00001232278FFF7ACFF207010BD35270020B8
:1050C0002DE9F04357485849D0F890300D68C3F3A4
:1050D00007239D4285B000F2A180FFF7DDFF4968FC
:1050E0000022954201F10C011AD1504C504F25700D
:1050F0006846FDF7BDF8DFF83C81DFF83C910646D5
:105100000025AE421FD1237846490020D1F89020D7
:10511000C2F3072293427BDBFFF7B2FF00204CE093
:10512000C0F8982051F80C3C23F01F03134343F0C0
:105130001003C0F89C3051F8043C43F00103C0F860
:10514000A0300132CDE7009800EB05114FEA051CB5
:10515000CB683B40B3F5000F44D00AD8B3F5001F2D
:105160002ED0B3F5800F34D0B3F5801F10D00135A9
:10517000C7E7B3F1807F3ED0B3F1007FF7D150F89D
:105180000C3088684A6806F004FA40F4802009E090
:1051900050F80C3088684A6806F0FBF940F08850F7
:1051A00040F43020039001A92078CDE90123FFF7D6
:1051B00003FF002828DA6FF0150005B0BDE8F08382
:1051C00050F80C3088684A6806F0E3F940EA0800B5
:1051D000E8E750F80C3088684A6806F0DAF940EAE7
:1051E0000900DFE750F80C3088684A6806F0D1F90A
:1051F00040F08270D6E750F80C3088684A6806F0B4
:10520000C8F940F08870CDE7237801332370AEE70A
:10521000C1F89830C1F8A000013377E74FF0FF30B4
:10522000CBE700BF00ED00E040D2000035270020B2
:105230000000F0FF000008110000020708B5024B53
:105240001B689847002008BD58240020034B044ADF
:105250001860937843F0020393707047582400203D
:1052600088000020F0B587B007460E46144600219E
:10527000102268461D4607F0C6F902238DF8023059
:105280002A46054B019321466846CDE9047603F092
:1052900049FB07B0F0BD00BFB3B5000008B5064933
:1052A000064821F00701C1F1005202F5802204F006
:1052B00013FA002008BD00BFC76300205C24002053
:1052C000024B0122C3F840250020704700E0014056
:1052D00020B1034B800143F001031847704700BF22
:1052E00080CC0000084B70B5C31A0D4607499B10CF
:1052F000044659430648402206F098FA2B460146D8
:105300002046BDE8704018477C240020B76DDBB60E
:1053100038C9000073B50C4C0C4A4023041B0093A1
:105320000D460B460A49A41061430646094806F09B
:10533000A8FA011E05DA30462B4602B0BDE87040DF
:10534000184702B070BD00BF7C240020EBB80000FD
:10535000B76DDBB638C9000010B5EFF31184202318
:1053600083F31288BFF36F8F074A136823F002019B
:10537000DB07116002D4012006F0E6FC84F31188FB
:10538000BFF36F8F10BD00BFCC240020002270B58A
:10539000012104461046FFF76FFD0F4801F0E0F8C9
:1053A0000E4B984215D101F0EBF826690C493046B6
:1053B00004F0D5FC00280BDB01253564246908497D
:1053C00004F11C0004F0CBFC002801DBE5640020A4
:1053D00070BD6FF00400FBE7E55400000000AD0B6A
:1053E00060D200007FB500220123CDE9022304AB87
:1053F000CDE90433094ACDF800D06B46CDF804D08E
:1054000006F06CFA002805DB4FF480420023684662
:1054100002F034F807B05DF804FB00BF09B90000E2
:1054200030B4104B0C2202FB003301460020D3E9BC
:105430000E529863EFF31180202484F31288BFF397
:105440006F8F1C6C04F0C00444F002041C6480F3F1
:105450001188BFF36F8F1DB12B46034830BC18472E
:1054600030BC70477C24002038C9000010B4EFF332
:105470001182202383F31288BFF36F8F17480168CE
:1054800041F002040460C80707D482F31188BFF317
:105490006F8F012010BC01F085B84FF08041D1F82A
:1054A0000C04D1F80C14C907EFD5EFF3118083F386
:1054B0001288BFF36F8F0A490B6C03F0C00343F0EF
:1054C00002030B6480F31188BFF36F8F82F311889E
:1054D000BFF36F8F002010BCFFF7A2BFCC240020C9
:1054E0007C24002010B1012804D07047034B1B6CB2
:1054F0005B0701D1FFF794BF704700BF7C240020F9
:105500002DE9F0413849BFF35B8F0746012251E88E
:10551000003F41E800200028F9D1BFF35B8F33B989
:10552000324933484B60CB608A6004F02BFC7B1E11
:10553000012B2BD8012F07D14FF08043D3F81C3417
:1055400003F00303012B21D006F028FD0546F8B92E
:10555000284B1B78E3B14FF080430222C3F80823A5
:105560000646DFF894804FF08044D4F81824D4F82D
:105570001834D20315D503F00303012B01D0012FFA
:105580000FD155B386F31188BFF36F8FBDE8F0815B
:10559000EFF31186202383F31288BFF36F8F012569
:1055A000DFE7ADB1304605F0E5FFD4F81835002B44
:1055B000DBD1D4F80421002AD7D0C4F80431D4F8C0
:1055C00004310123C4F81835C8F88031A360CCE752
:1055D0000021212002F0F4FAE7E74FF08043022295
:1055E000C3F80423D2E700BF7824002068240020F9
:1055F000982400207A27002000E100E008B5074841
:1056000006F029FC38B10648FFF720FE0448FBF7F6
:10561000CDFE002008BD6FF01200FBE788C9000036
:10562000255600000A2838B5074D044604D1AB685A
:105630000D215B6828469847AB6803485B68E1B278
:105640009847204638BD00BF88C90000F0B54068C3
:10565000057B01F01F0444EA4514056987B0002D5D
:1056600064D0B2F5001F00F1100506D1214628468E
:1056700006F0EAFB002007B0F0BD01AE0027B2F54E
:10568000800F0197776039D1B3F1007F14BF0523F4
:1056900004238DF804300023CDE904630393836869
:1056A00023FA01F111F001011AD1B2F1A07F17D153
:1056B00004F01F03620903F5E0732AD0012A3BD1ED
:1056C0001F4A52F82330DB070AD40DF10306324695
:1056D0002146284601F044FA1A4B98421CD0029603
:1056E00003AA2146284601F0FDF8174B984220D125
:1056F00001222146284601F097FABBE7B3F1C06FBB
:1057000005D0B3F1007F14BF01230223C1E70323B7
:10571000BFE74FF0A042D4E73146284601F07EFAB9
:10572000094B9842DBD06FF00B00A4E76FF08500C7
:10573000A1E76FF015009EE751F82330FFDE00BFB0
:10574000000300500400AD0B0000AD0B38B54568F8
:105750002B69B3B11035284601F050FA044680B9E0
:105760000146284601F016FA084B98420BD1084929
:105770002246284601F0EEF9224601210620FFF7D5
:105780007BFB002038BD6FF00400FBE70000AD0B91
:1057900095570000420970B5034602D0012A17D080
:1057A00070BD0D4E326951680029F9D003F01F0316
:1057B00001250C689D400029F2D08A682A4002D059
:1057C0004B68304698472CB1236821461C46F2E7C7
:1057D000024EE7E72346F8E760C900004CC9000025
:1057E0002DE9F043466840F20635D006337B87B09A
:1057F00002EA050554BFC2F34010032001F01F0761
:10580000B5F5837F144647EA43178DF8030044D06B
:105810000FD8062D18D007D8B5B1022D3FD06FF0A4
:10582000150007B0BDE8F083B5F5807FF7D10125FD
:105830000AE040F20222954233D0B5F5407F32D0E3
:10584000B5F5007FEBD1022522032ED57268012326
:105850008B40C2F80835326992BB07F01F037F09FD
:105860002BD0012F79D13F4A02EB830284F480339D
:10587000D2F80017C3F30043C4F3404444EA43049E
:1058800021F4E16144EA800421F0070144EA0523A0
:105890000B43C2F800370020C3E70725D4E70425EF
:1058A000D2E70525D0E70325CEE7630341BF0123F7
:1058B00072688B40C2F80C35CDE74FF0A042D3E7B9
:1058C00010360DF102023946304601F049F914F460
:1058D000403F80460CD13946304606F0B3FA224BA1
:1058E0009845D8D19DF80210304601F091F9D2E7E1
:1058F00001AB4FF0000903AA39463046CDE904391F
:10590000CDE90199CDF80C9000F0ECFF164B9842D0
:1059100085D114F4003315D09DF803308DF80E3086
:1059200084F48034C4F300444B4603AA394630461D
:105930008DF80C508DF80D4001F08EF80A4B98420E
:10594000CDD06CE7CDE9043303AA0DF1030339464A
:105950003046039300F0C6FFF0E703F5E07352F81A
:105960002330FFDE000300500000AD0B036803F09E
:105970001F025B09026004D0012B034818BF0020FE
:1059800070474FF0A0407047000300502DE9F04FE2
:10599000DFF86091DFF860A185B01546834600EB23
:1059A000810140F2FF18594503D1002005B0BDE840
:1059B000F08FDBF800305804C3F3C322C3F30804AC
:1059C00000F191805B0C19F80270444508BF4FF05C
:1059D000FF34192B00F28A80DFE803F00D141A1D42
:1059E00020261D88888888366388888888888888E3
:1059F0008888667C7F82C5F80C45621C5ED10BF1FD
:105A0000040BD0E7C5F81445631CF8D000265FE00E
:105A1000C5F80845F1E7C5F81045F5E7661CC5F877
:105A20000845ECD0002604E0601CC5F80C45E6D023
:105A3000012603A80394FFF799FF039B012202FAB2
:105A400003F3C0F80C3508E0C5F80845002FDBD19A
:105A5000631CD4D0002632460627DBF800300193C1
:105A600003F40040002818BF002203A8009218BFCA
:105A700001260394FFF77AFF039C019B009A00EB39
:105A80008400C3F3412CD0F800473B0243EA8C0367
:105A9000134304EA0A04234343EA4603C0F80037E9
:105AA000ADE7C5F80C45D1E7C5F86045621CDBF8E9
:105AB0000030A4D0C3F30043002BB9D003A8039453
:105AC000FFF754FF039B012606FA03F3C0F80835DD
:105AD0003246C2E7C5F86445E8E7C5F86845E5E73A
:105AE000C5F86C45E2E76FF015005FE76FF08500E1
:105AF0005CE700BF8FF10000F0F8FCFF2DE9F743F1
:105B0000476805693C684FF00008C4F800852860C4
:105B1000D7F80C90064601AA4146484605F04CFFCE
:105B2000002837DB019BD9F8002019791868FFF7A6
:105B30002DFF00282EDB6B7A3169012B03D0032B5C
:105B400026D14FF01008AB7A032B21D195F80BC06A
:105B5000BCF1000F02D0BCF1010F19D12A7A12B1A9
:105B6000022A15D10E226B687068B3F5164F0068D3
:105B70007AD02DD8B3F5165F79D016D8B3F5966FD5
:105B800077D00AD8B3F5967F76D0B3F5167F76D066
:105B90006FF0850003B0BDE8F083B3F5166F71D0E8
:105BA000B3F5965FF4D15E4B3EE0B3F5E14F6CD0B8
:105BB00007D8B3F5615F6AD0B3F5964FE8D1594B7A
:105BC00032E047F6122E7345E2D14FF400032BE08A
:105BD000B3F5613F5DD013D8B3F5963F5CD009D8DB
:105BE0004DF6C02E734559D0B3F5614FD0D14FF467
:105BF0006B0319E0B3F5E13FCAD14FF0EB7313E04B
:105C0000B3F5612F4DD009D8DFF81CE173454BD0B7
:105C1000B3F5E12FBCD14FF0E86305E0DFF80CE10C
:105C20007345B5D14FF08053C0F82435736848EA06
:105C30000C081B6842EA0802C3F86C250B1DD5E965
:105C4000010183E803007B68980741D505F11C003A
:105C500001F020F9364B98422ED036480368590798
:105C600025D16FF0040095E74FF41D03DCE7324BBC
:105C7000DAE74FF49E23D7E74FF4A033D4E74FF48D
:105C80001C33D1E74FF41D23CEE72C4BCCE72C4B34
:105C9000CAE74FF06C73C7E72A4BC5E74FF46503BB
:105CA000C2E74FF07063BFE74FF08063BCE7264A5E
:105CB000012104F042FAD4E7287F04F10C0204F534
:105CC000907106F037F82B7F0120984000F0E0FB40
:105CD0000823C4F800353B7A53B9C4F81031D4F81E
:105CE0001031AB69C4F834350123C4F8383523606A
:105CF0007B689A075CBF4FF48073C4F804337B68F9
:105D0000DB0644BF4FF48003C4F804336B69C4F866
:105D1000443500200123C4F84805A360E36039E757
:105D200000B0130000A04E0090D0030040420F00CE
:105D30000000AD0B740200200050270000C0750069
:105D400000F03A0000903A0197F100002DE9F0418F
:105D5000044607690D4606F021F94FF02008B0B956
:105D60001F4B1B789BB16426606805F0FEFEF0B9FE
:105D7000012005F0DDFF013EF6D10021212001F0D8
:105D80001FFFF0E781F31188BFF36F8FF5E7EFF3A3
:105D900011810E4688F31288BFF36F8F606805F09B
:105DA000E4FE80B981F31188BFF36F8FEFE7EFF363
:105DB00011810E4688F31288BFF36F8F606805F07B
:105DC000D4FE0028DED07B691D707969012220464F
:105DD00005F00CFE86F31188BFF36F8FBDE8F081EC
:105DE0007A27002070B5012383400E4ABFF35B8FF2
:105DF000DC4352E8001F01EA040542E80056002E89
:105E0000F7D1BFF35B8F4FF4803282400648C0F871
:105E10000823BFF35F8FBFF36F8F0B4214BF0120C6
:105E2000002070BDEC2400200010014070B40E4929
:105E3000D1E90034D01AC31844F1000422F07F469F
:105E4000C1E90034A6F50013B3F5400F09D2074BA2
:105E50001B681A0A1B069C19054B42F10005C3E991
:105E6000004570BC02F084B848180020F0240020DF
:105E70005018002011B3BFF35B8F0123104A8340F9
:105E800052E800CF4CEA030C42E800C10029F7D1E8
:105E9000BFF35B8F0B4A4FF480338340C2F8043367
:105EA000094BBFF35B8F1B68BFF35B8FC340DB07FE
:105EB00042BF064B4FF40032C3F80021704700BFC9
:105EC000EC24002000100140E824002000E100E064
:105ED0000D4B1868010A0006BFF35F8F0B4BD3F818
:105EE0000435181841F10001B3F5801F0AD2084BA0
:105EF000D3E90023904271EB030303D210F18070C9
:105F000041F10001704700BFF02400200010014063
:105F1000501800202DE9F04F85B016461F469DF819
:105F200040A00446FFF75EFF0190FFF7D1FFB042AB
:105F300071EB070354D23E4B301A67EB01019842D4
:105F400071F100014FD23B4B03EB0413D3E9022361
:105F50009F4208BF96425ED037494FF4803804F123
:105F6000500508FA04F8AD00C1F848832046ADB2E8
:105F700005F0C2FE26F07F4B05F1804504F5A873BD
:105F800005F58835DC464FF003090293029A2CF0A0
:105F90007F4341F82230C1F84483D1F80435274AC1
:105FA0006FF00200C01A604420F07F40904232D966
:105FB000286868B1D1F804350393A3EB0B0020F0F7
:105FC0007F40B0F5000F26D9204605F095FE039BD3
:105FD000BAF1000F07D109EB030C09F10109D5E76C
:105FE000BAF1000F09D06FF0150520460199FFF7AF
:105FF00041FF284605B0BDE8F08F0123104ABFF3EA
:106000005B8FA34052E8000F184342E800010029CB
:10601000F8D1BFF35B8F07490E98230101EB0412FF
:10602000C8500F9B5360C2E902670025DDE700BF3F
:10603000010080003818002000100140FDFF7F00A3
:10604000E82400207FB51C4C1C4BC4F80833C4F86E
:1060500048331B4B00254FF0FF304FF0FF31C4F8A1
:106060000855C3E902014FF48033C4F80433154BDB
:1060700002264FF400320121C4F804631120C3F852
:1060800080212A46FEF7F8FE1120FEF7D9FE0E4ABF
:106090000123A360236013600C4B0D4A0093CDE9EC
:1060A000015500232846FFF735FF3046FFF728FA51
:1060B000284604B070BD00BF0010014003000F006F
:1060C0003818002000E100E0EC2400202D5E0000E4
:1060D000FFFF7F002DE9F7432F4CD4F804339907D5
:1060E0000BD5D4F8043143B12C4A0023C4F8043151
:1060F000D4F80431136801331360D4F80433DA039D
:1061000029D5BFF35B8F264B53E8002F22F0010106
:1061100043E800100028F7D1BFF35B8FD30702D408
:10612000D4F84031BBB10025C4F84051D4F8403117
:10613000FFF7CEFEEFF31182202383F31288BFF323
:106140006F8F184BD3E90267B042B94106D282F390
:106150001188BFF36F8F03B0BDE8F0834FF0FF38B5
:106160004FF0FF39C3E90289D3E900101D604FF4F5
:106170008033C4F84833C4F84051D4F8403182F336
:106180001188BFF36F8F0029E5D0009032463B465F
:1061900028468847DFE700BF00100140F0240020B8
:1061A000E82400203818002030B5431C124C85B07C
:1061B00005D08442A8BF0446012CB8BF0124FFF7D4
:1061C00087FE0E4B0C4DD3E90013401AB0F5000FBB
:1061D00010D22218AA4228BF2A4652184FF00000B7
:1061E00007490091CDE9010043F10003FFF792FE5A
:1061F00005B030BD2A46F0E7FFFF7F0048180020B9
:106200002D5E000008B5FFF763FE024B1B68C01A45
:1062100008BD00BF481800204FF08053D3F830214C
:10622000082A06D1D3F83431052B02D8024AD05CB3
:1062300070470020704700BFE8F10000024AD2F822
:106240000034002BFBD0704700E0014010B54FF048
:106250008053D3F83021082A4ED14FF080420021DC
:10626000C2F80C11C2F81011C2F8381502F54042FC
:10627000D3F80414C2F82015D3F80814C2F8241572
:10628000D3F80C14C2F82815D3F81014C2F82C1542
:10629000D3F81414C2F83015D3F81814C2F8341512
:1062A000D3F81C14C2F84015D3F82014C2F84415D2
:1062B000D3F82414C2F84815D3F82814C2F84C15A2
:1062C000D3F82C14C2F85015D3F83014C2F8541572
:1062D000D3F83414C2F86015D3F83814C2F8641532
:1062E000D3F83C14C2F86815D3F84014C2F86C1502
:1062F000D3F84434C2F87035FFF78EFF18B13A4B2B
:106300003A4AC3F88C26FFF787FF18B1384BFB22B7
:10631000C3F81825FFF780FF70B14FF080414FF0B0
:106320008053D1F8E42ED3F8583222F00F0203F054
:106330000F031343C1F8E43EFFF76EFF20B12D4B6E
:106340004FF40072C3F840264FF08053D3F8303139
:10635000082B1AD14FF08043D3F80024D20744BF52
:106360006FF00102C3F800244FF08053D3F83431AA
:10637000052B02D8204AD35C3BB14FF01023D3F851
:1063800008224FF08043C3F858254FF01023D3F86C
:106390000022002A03DBD3F80432002B22DA17494B
:1063A00001234FF01020C1F804351224FFF746FFF7
:1063B000C0F80042FFF742FFC0F80442FFF73EFF7B
:1063C0000023C1F80435FFF739FFBFF34F8F0C49A5
:1063D0000C4BCA6802F4E0621343CB60BFF34F8FEB
:1063E00000BFFDE710BD00BF005000404881030022
:1063F00000F0004000900240E2F1000000E00140A7
:1064000000ED00E00400FA0530B50468CCB1BFF33C
:106410005B8FB4FA84F3C3F11F03DBB201229A400D
:1064200024EA020250E8005FA54204D140E8002CB3
:10643000BCF1000FF6D1BFF35B8FE6D102480B70C1
:1064400030BD0248FCE700BF0000AD0B0200AD0B01
:1064500010B50368CB40DB0714D401238B400268DE
:10646000BFF35B8F43EA020150E8004F944204D12E
:1064700040E8001CBCF1000FF6D1BFF35B8FEED1FA
:10648000014810BD0148FCE70000AD0B0400AD0B56
:10649000014BC3F80405704700F00140F7B504460E
:1064A00018B1012823D003B0F0BD4FF08043022281
:1064B000C3F808230122DA60C3F80401D3F80431D9
:1064C000064601238DF8073042F210754FF08047E1
:1064D000D4B1012CE7D1D7F80C3403F48033AEBB30
:1064E00083B3012005F024FC013DF4D12AE04FF0F4
:1064F00080430022C3F808035860C3F80021D3F892
:1065000000310DF10706DCE7D7F8183403F48033C7
:106510003EB9002BC7D0012005F00AFC013DF3D1A4
:10652000C1E7D7F8182402F003023260002BBAD07A
:106530009DF80700012803D105F0FAFB013DC7D102
:10654000012CB0D1054B00225A71ACE7D7F80C24CE
:1065500002F001023270002BEAD1F3E7F4240020AC
:10656000044B1A7922B9012218609A8002487047B8
:1065700002487047F42400200000AD0B0C00AD0B66
:1065800008B5074B1B682BB10020FEF767FC08B964
:10659000FEF756FC4FF080430022C3F8182508BDD3
:1065A000F424002010B510B1012843D010BD4FF0E5
:1065B0008043D3F81814D3F81824C80321D502F067
:1065C0000303012B04D013B10020FFF767FF002362
:1065D0004FF080420220C2F8183508224FF482732F
:1065E00003F180430021196002F180421C680124FC
:1065F0001460154A12680AB34FF08043C3F80403CD
:10660000D4E7D3F81424D107E1D5D3F81C2492079A
:10661000DAD40D4A12681AB10222C3F80423C5E77E
:10662000D3F80421002AFBD00022C3F80421D3F8B8
:106630000431BBE700224FF48073D1E71A68002AC7
:10664000FCD019601B68B1E7F424002010B54FF0AE
:106650008043D3F800216AB10022C3F80021D3F8A7
:1066600000210122C3F80823114B587910B95A713F
:106670001B6898474FF08043D3F8042172B1002281
:10668000C3F80421D3F80421D3F81824D3F818242C
:10669000920704D10122C3F818259A6010BD022286
:1066A000C3F80823024BBDE810401B6801201847BF
:1066B000F4240020036803F01F025B09026004D089
:1066C000012B034818BF002070474FF0A0407047CF
:1066D00000030050034A430900F01F00D35C184434
:1066E000C0B27047EEF1000070B50546FFF7F2FF4B
:1066F0000C4C08300E4634F81030DA0508D5C3F3D8
:10670000432304EBC302284654F8333052689847B9
:10671000A3682BB1E26831462846BDE870401847AF
:1067200070BD00BF0001002008B5FFF7D3FF034B89
:10673000083033F81000400B08BD00BF00010020F6
:1067400008B5FFF7C7FF034B083033F81000C0F35C
:10675000400008BD0001002008B5FFF7BBFF034B58
:10676000083033F81000C0F3401008BD00010020CD
:10677000034611F0010010B5CCB20DD1A207C4F34D
:10678000400012D5094AD2F820055860C2F8200509
:10679000003818BF012008E04FF0A041D1F82025B3
:1067A0001A60C1F82025002AE8D010BD000300506F
:1067B00010B5FFF78FFF124A083032F81030D905B4
:1067C0001CD5C3F3432123F4F85322F8103002F10F
:1067D0000E04002034F8023F13F4807F03D0C3F38B
:1067E000432399420AD001303028F3D1002342F8E4
:1067F00031300448BDE81040FFF72ABE10BD00BF8D
:106800000001002078010020F0B505460020044674
:10681000012607468C420BD1114BD3F87C2132B1B3
:106820000022C3F87C21D3F87C3140F00040F0BD59
:10683000E3B29B0003F580729B0806FA03F31D4246
:106840000BD002F1804202F5C042D2F800C0BCF188
:10685000000F02D01760126818430134DAE700BF56
:1068600000600040F7B506460846FFF733FF194FB2
:1068700000F108050C4637F81530DB0727D5304600
:1068800005F0BCFA2046FFF767FF40B12046FFF74E
:106890004BFF316800F5A270002341F820302046FC
:1068A000FFF786FF002301A827F815300194FFF7B2
:1068B00001FF019B00EB8300074BD0F8002713403A
:1068C00043F00203C0F80037044803B0F0BD0448A9
:1068D000FBE700BF00010020F0F8FCFF0000AD0B5B
:1068E0000400AD0B2DE9FF41164680460846FFF730
:1068F000F1FE0D463168044609B32846FFF720FF34
:1069000018B12846FFF728FF10BB0023CDE900335C
:106910008DF80E308DF80F300DF10F020B46284622
:106920000DF10E0105F012FA474A04F1080132F8A0
:10693000113023F0020343F0010322F81130736891
:1069400063B328461F785968FFF7FAFE10B1D1B13A
:106950003E4826E03C4A04F1080032F8103023F0AB
:106960002003DB04DB0C22F8103061B1032FEFD8D9
:106970007168496891F800C0D8F80010A7B90CF503
:10698000A27C41F82C70304A04F1080132F8113031
:1069900023F01C0343EA870322F81130B3684BBB92
:1069A0002B4804B0BDE8F08101EB8C0143EA4C3385
:1069B000D1F810E52EF0030EC1F810E5D8F800105C
:1069C00001EB8C0E43F02003DEF8101522F8103096
:1069D00021F44F3121F44071CEF810152902DEF870
:1069E000108501F47C5141EA074141EA0801CEF8E3
:1069F0001015C8E7D3E900672846FFF7D9FE002E37
:106A0000CED0114DD5E90023964203D19F4201D14A
:106A1000002209E00F480DF10F01FFF7F5FC0C4BC8
:106A20009842BED19DF80F2045F8326005EBC203B5
:106A300008345F6035F8143043EA422343F480732E
:106A400025F81430ACE700BF000100200400AD0BB6
:106A50000000AD0B780100202DE9F0430C4685B015
:106A60008046204611461E46FFF734FE054629B3F0
:106A70002046FFF765FE18B92046FFF76DFE18BBEC
:106A8000314F05F1080937F8193013F01C0F02D007
:106A90004B78012B18D001238DF80F300023CDE95E
:106AA00000134A1C8B1C20460DF10F0105F04EF916
:106AB00037F8193043F0030327F81930002E41D07E
:106AC0002046FFF73DFE18B9204805B0BDE8F08329
:106AD00096F800C0D8F800301B4F0CF5A2720021C8
:106AE00043F8221005F1080237F8121021F02001B6
:106AF000C904C90C27F8121075781DB3D8F8000026
:106B0000B67800EB8C002D04D0F8103523F49913DF
:106B100023F4F853C0F81035230203F47C5305F432
:106B200040353605D0F810E52B4306F4801641EACF
:106B30004C31334341F0200143EA0E0327F8121091
:106B4000C0F810350248C0E7000100200400AD0B7A
:106B50000000AD0B014BC3E9021270470001002099
:106B600010B508461446FFF7F7FD50B10846FFF789
:106B7000B1FD054B083033F8103004485B0B23702F
:106B800010BD0348FCE700BF000100200000AD0B72
:106B90000400AD0B70B5164D95F8804006462CBB31
:106BA0002146602205F1100005F02DFD30682E6FA2
:106BB00021468E420ED10023C0F87C31D0F87C31C2
:106BC00040F30730FEF73CF901230A4885F880308E
:106BD000AB6770BDCBB29B0003F580727C2B08BF06
:106BE000845001F1010108BF8358E2E70248F0E751
:106BF000000100200000AD0B0C00AD0B034B93F81F
:106C00008000003818BF0120704700BF000100203D
:106C10000148FFF71DBC00BF740100200148FFF7C9
:106C2000F3BB00BF7401002073B503681646D3F8A8
:106C30000423002AA8BF4FF000420546A8BFC3F8AE
:106C4000042308460C46FFF787FD00B30846FFF70C
:106C500077FD0146D8B92046FFF766FD04B2A400CF
:106C600004F58072034628688150296882582144BF
:106C7000D1F8102542F00102C1F810252EB1296883
:106C8000012202FA03F3C1F8043302B070BD2046BA
:106C9000FFF720FD0F4B083033F81030C3F38203A9
:106CA000042B12D0052B12D001A80194FFF702FD8E
:106CB000019AD0F81035D34003F00103991C204607
:106CC00002B0BDE8704005F08AB80321F7E7022161
:106CD000F5E700BF000100202DE9F04F694BDFF818
:106CE000A881D3F80403D8F87010C0B289B040F07E
:106CF0000040FFF789FD051E2FDAC24600235AF82F
:106D00007C1F06A8CDE90633FFF732FD5F4B0193E8
:106D10000DF118094FF0000B019A12F8013B019296
:106D2000DA0803F007031AF8022022FA03F3DA075D
:106D30001CD409F10409BBF1000F14D0D8F870106D
:106D40004FF00040FFF760FDD8F87C1006A8FFF771
:106D50000FFD0028DAD125F000450124002D79D15E
:106D600009B0BDE8F08F4FF0010BD5E7484B5B440D
:106D70000293D9F800100029DBD0029B91FAA1F10F
:106D80001C78B1FA81F141EA44142046FFF7A2FCD5
:106D90000830059438F81070C808BB0819F80020AE
:106DA000039301F00701012303FA01F122EA010232
:106DB00009F8002005A8FFF77DFC059A039B02F562
:106DC000E072C7F3820650F822205B073746C2F311
:106DD000014224D520463946D6B2FFF785FC05A8E6
:106DE0000594FFF767FC059B03F5E07350F823302B
:106DF000C3F301439E4207D10021204604F0EFFF78
:106E00003146204604F0EBFF05A80594FFF752FC3D
:106E1000059B012202FA03F3C0F82035A9E7022AF4
:106E20000CD10321204604F0DAFF06F00503012B04
:106E3000EAD139462046FFF757FCE5E70221204614
:106E4000039204F0CCFF032EF3D0039A032ADBD184
:106E5000022EEDE795FAA5F3B3FA83F304FA03F2F1
:106E60009B0003F1804303F5C04325EA0205D3F8F4
:106E70001005D3F81015C0F30520C1F30141FFF749
:106E800033FC6BE70060004000010020FEF10000D1
:106E9000FEF1000001460148FFF7B6BA8401002068
:106EA000034A044B02609B1A1420B3FBF0F07047B6
:106EB00038C900009CC9000010B50446FAF772FDFD
:106EC000054803685B0703D0044A012103F035F944
:106ED000204604F0CBFF00BF6002002000F200005B
:106EE0002DE9F047044600AF0D46EFF3118920234A
:106EF00083F31288BFF36F8FDFF8CC80334AD8F862
:106F00000030966859075BD0042898BF304B117C3D
:106F100094BF53F820302F4BEA468AB06A462E4879
:106F2000C2E9073140F2013393842C4BC2E90504D6
:106F300042F8103F244800234FF43151FAF7F2FE93
:106F4000D54665B1EB69D8F80020C3F3080333B127
:106F500052071ED0224A1C48012103F0EEF8D8F84F
:106F600000305B0715D016BB1E48E8468AB06A465B
:106F70001D4BD061C2E9053640F2013313841B4B2F
:106F800042F8103F104800234FF41151FAF7CAFE9F
:106F9000C54629462046FFF78FFF89F31188BFF3C6
:106FA0006F8F3046FDF7D0FEBD46BDE8F087304616
:106FB00004F0FAFF0028D7D00378002BD4D0D4E710
:106FC000002DBFD1E5E700BF60020020FC240020B7
:106FD00090D300000FF2000025F200000500000130
:106FE0004DF200001DF200006EF2000004000001EE
:106FF00038B5094B53F82040013053F82050A542D2
:1070000000D838BD636823B1204604F037FF083448
:10701000F5E723689847FAE7A4D3000070B52A4B38
:107020002A4C2B4D012286B003201A70FFF7E0FF97
:10703000FDF7EAF90420FFF7DBFF2646AE4204F134
:10704000300410D300F0FEFC204C224EAC4226D37C
:1070500000F00CFDF9F768FC1F4A137B23F00103D5
:10706000137306B070BD54F80C3C059354F8103CF3
:10707000049354F8143C039354F8183C029354F8C6
:107080001C3C019354F8203C009354E90A2354E932
:107090000C0100F071FA54F8303C5E65CDE7D4E99C
:1070A0000A23B3F1FF3F08BFB2F1FF3F05D052EA18
:1070B0000301206803D104F079FF3034C6E731467C
:1070C000183000F0DBFEF8E77A27002020CB000024
:1070D00050CB00000FC100001019002008B5034874
:1070E000034A0021121A04F0E1FE08BDF802002054
:1070F0007C27002070B5154E154D164986B0B82373
:1071000003FB0066144B059301220F23CDE90332E4
:107110000023CDE90133142303FB00554FF4A07283
:10712000044602FB00110D4B0095304600F024FA96
:10713000737B2C7423F004037373094BEE600134EA
:1071400003EBC4236B6006B070BD00BF581800206D
:10715000FC240020803C0020D0F2000049BF000049
:1071600080340020BFB50020FFF742FF2E4B83F391
:1071700008882E4D2E4E6B692E4F43F400736B61C1
:107180000024E02385F82230EC772C766C76AC7600
:1071900085F820406B6A43F4E0236B6285F8234056
:1071A000FDF74AFDFDF7D8FE4FF0FF33AB62EB620F
:1071B000214DFDF785FFFDF7F3FEFAF741FB40F2A5
:1071C00001132846AB81C5E9264401F07BF8B56080
:1071D00004F040FE0120FFF70BFF0220174DFFF7E0
:1071E00007FF00F063FC164B7561059301231549F9
:1071F0000094CDE903434FF480523B46CDE901446E
:10720000284600F0B9F96A7B064622F004022846B7
:107210006A7304F021FF2046FFF76CFF3A463146BF
:107220002846FDF779FE00BF803C002000ED00E01D
:10723000FC2400201D700000C81900201019002037
:10724000D5F20000C03D002038B5064C064D0020A8
:10725000AC4200D338BD204604F02CFE0028F9DBF8
:107260001C34F5E7780200207802002073B50C4644
:10727000EFF31181202585F31288BFF36F8FC56866
:107280005DB125602B68C360836901338361002091
:1072900081F31188BFF36F8F11E052EA030603D127
:1072A00025606FF00B00F3E7CDE9002302460830BC
:1072B00000F014FB18B9034B9B685B69236002B0B4
:1072C00070BD00BFFC2400202DE9F34104461746A1
:1072D0001E46EFF31188202383F31288BFF36F8FCC
:1072E000C368334A7BB180689168884219D057EAF5
:1072F000060318D188F31188BFF36F8F6FF00F006A
:1073000002B0BDE8F081916891F90E10216101335E
:10731000E3609368A36088F31188BFF36F8F002048
:10732000EEE72169F2E791F90E1090F90E309942DB
:10733000A8BF19466FF07E029142B8BF11468B423A
:107340002DDD04F00CFE0546CDE9007619482246F5
:10735000414600F0C3FA0028E1D0EFF31186202364
:1073600083F31288BFF36F8FA068D0B123682169BF
:107370009C420AD04BB193F90E309942A8BF1946EE
:107380006FF07E039942B8BF194604F0E8FD40B1A2
:107390000848314600F012FB6FF00A00B0E7002504
:1073A000D2E7002DF4D186F31188BFF36F8FF3E796
:1073B000FC2400207B27002038B5836804466BB38B
:1073C000194A926893422CD1C368012B03D9013B1F
:1073D000C360002038BDEFF31185202383F31288AA
:1073E000BFF36F8F0169806804F0B9FD204604F097
:1073F000A8FEA06060B190F90E2022610022C0F8C2
:10740000B02004F029FE0948294600F0D7FAE0E749
:10741000E06085F31188BFF36F8FDAE76FF0150036
:10742000D8E74FF0FF30D5E7FC2400207B27002071
:1074300038B50446EFF31185202383F31288BFF398
:107440006F8F04F07EFE50B10022C0F8B02004F02F
:1074500003FE29460848BDE8384000F0AFBAD4E939
:1074600002329A4218BF0133A360022104F11000D6
:1074700005F04DF8EDE700BF7B27002013B5EFF3D3
:107480001181202484F31288BFF36F8F846844B184
:10749000013C846081F31188BFF36F8F002002B03C
:1074A00010BD52EA030406D181F31188BFF36F8F38
:1074B0006FF00F00F3E7CDE900230246014800F02A
:1074C0000DFAECE77B27002010B5044608B9054B00
:1074D0009C681F2204F1780005F0CCF8002084F8A5
:1074E000970010BDFC2400202DE9F74F0C46D1B3C6
:1074F000CAB3477BDFF87480561E08466FB34FF05F
:1075000000094D464FF0010A0AFA09FB17EA0B0F72
:107510001DD0D8F80410721B8A4228BF0A46D8F83A
:107520000010019205F047F8019A37EA0B0715445D
:1075300004EB050011D0A6EB050BBBF1010F28BF32
:107540004FF0010B0A495A4605F035F85D4409F140
:10755000010908F108086019D6E7002303702046E6
:1075600003B0BDE8F08F0348FAE700BFBCD30000CA
:10757000DDF2000008DE00002DE9F04F85B09846EE
:1075800000F15803C0E91633129B0373073204233A
:107590000F46002622F0070A4373119B83730446AB
:1075A00001EB0A055246C0E906668660C673AA2149
:1075B0003846DDF838B0DDF84C9005F024F829465F
:1075C0002046FDF78FF80730109B20F00700C4F825
:1075D000A000C4E9267A02930F9B2D1ACDE900B3CF
:1075E0002A46434639462046FDF77AFC0F9BE36660
:1075F000109B6665C4E9198B2367EFF31183202282
:1076000082F31288BFF36F8F0F4F3A6A62673C6252
:1076100083F31188BFF36F8FB9F1000F11D01F22D0
:10762000494604F1780005F025F884F89760BB68B6
:107630000BB1D3F8A430C4F8A430284605B0BDE897
:10764000F08F84F87890F2E7FC240020F0B587B042
:1076500000250595109D04950F9D03950E9D02959F
:10766000DDE912760D9D01950C9D00950446FFF70E
:1076700083FFB6F1FF3F08BFB7F1FF3F05D056EAE1
:10768000070305D1204600F0ABF9204607B0F0BD56
:1076900003493A46334604F1180000F0EFFBF4E7E3
:1076A0000FC1000038B50D4D2B4653F8184F9C42C2
:1076B00000D004B9EC68AB6838B95A7BD20604D163
:1076C000A26912B9DA897F2A05D89C4202D02046E5
:1076D00000F0DAFA23466B6138BD00BFFC240020BD
:1076E00008B590F90D20437B002A014604DA03F027
:1076F0007F03437304F06DFC044B9868431A5842AF
:107700005841BDE80840FFF7CDBF00BFFC24002072
:1077100070B490F90D30427B002B29DBD30627D1C2
:1077200083692BBB134962F07F0242730A4652F809
:10773000184F944218BF2346CC6923B9C0E90024EE
:107740002060C8610CE090F90E5093F90E60B542CC
:107750000AD0AE4208DD5A68C0E9003210605860B5
:1077600070BC0020FFF79EBF9C42E7D01B68E4E797
:1077700070BC7047FC2400202DE9F041002A427BB8
:107780000E460CBF10210821114204460FD141EAD8
:107790000203D20918D1437308291BD00120FFF737
:1077A00081FFBFF35F8F637B23F0600363732C4B18
:1077B0009B68A3424DD1EFF30583002B49D130469E
:1077C000BDE8F041FDF7D6BA03F07F03437304F040
:1077D00000FCE1E7A36813B1204604F002FC04F1C9
:1077E000180004F025FD04F158074FF00008A56DBE
:1077F000BD4200D055B91A4FBB689C4213D001203E
:10780000FFF750FF204600F097FACAE7284604F039
:10781000E8FB05F1180004F00BFDC5F8B080284620
:10782000FFF776FFE3E7EFF30583002BE7D00120B6
:107830000C4DFFF737FF204600F07EFA40F20113AF
:10784000AB8128460023C5E9263300F03BFDBD602F
:10785000A7E786F31188BFF36F8FBDE8F08100BF03
:10786000FC240020C819002070B590F90D20437B3E
:10787000002A014604DA03F07F03437304F0A9FBF6
:107880004B7B154A63F07F0310464B7350F8183F4B
:10789000D469834208BF002323B9C1E900042160F1
:1078A000D1610CE091F90E5093F90E60B5420ED003
:1078B000AE420CDD5868C1E9003001605960906843
:1078C000431A5842BDE870405841FFF7EBBE9C4256
:1078D000E3D01B68E0E700BFFC240020F8B5124BA2
:1078E0000C461146114A98681060DDE90676EFF300
:1078F0001182202282F31288BFF36F8F9D68284681
:1079000004F079FBB6F1FF3F08BFB7F1FF3F06D0A7
:1079100007493A46334605F1180000F0AFFA204611
:10792000BDE8F840FDF726BAFC2400202025002001
:107930000FC10000F8B50446EFF31186202383F34E
:107940001288BFF36F8F437BDA0649B219D185697C
:10795000BDB903F07F03437304F03BFB437B164A3E
:10796000817363F07F034373134653F8180F9842F3
:1079700018BF0546D0695DB9C4E900300460D46120
:1079800011E0A173002086F31188BFF36F8FF8BD5B
:1079900095F90E70B9420BD08F4209DD6B68C4E9CE
:1079A00000531C606C600120FFF77CFE0120EAE7B9
:1079B000A842E1D02D68DEE7FC24002049B9EFF3AE
:1079C000058030B9054B5A699B689A4201D0FDF792
:1079D000D1B981F31188BFF36F8F7047FC24002069
:1079E00010B5EFF31184202282F31288BFF36F8F5A
:1079F000427B510704D484F31188BFF36F8F10BD0D
:107A000022F004024273FFF783FE21460248BDE8DC
:107A10001040FFF7D3BF00BF7B270020034648B9C3
:107A2000EFF3058232B9064A51699268914201D05A
:107A3000FDF7A0B983F31188BFF36F8F704700BFC4
:107A4000FC240020EFF31181202383F31288BFF37D
:107A50006F8F054B9A68D37B013BD37381F31188F9
:107A6000BFF36F8F704700BFFC24002038B5EFF3E1
:107A70001185202484F31288BFF36F8F0A4B9A6814
:107A8000D37B0133D3730020FFF70CFE85F31188FD
:107A9000BFF36F8FEFF3118084F31288BFF36F8F02
:107AA000BDE83840FFF7BABFFC240020024B03F1C9
:107AB0001802C3E906227047FC240020F8B5EFF352
:107AC0001185202383F31288BFF36F8F19498868CB
:107AD000437B03F07F03437304F07BFA8B685A7B8C
:107AE000084662F07F025A7350F8182FCC69824220
:107AF00008BF002222B9C3E900042360CB610CE077
:107B000093F90E6092F90E70BE420ED0B7420CDDB2
:107B10005168C3E900210B6053600120FFF7C2FDEB
:107B20002846BDE8F840FDF725B9A242E3D0126827
:107B3000E0E700BFFC24002050EA01032DE9F041FA
:107B400005460E4603D1FFF7B9FF00202BE0831C4A
:107B500071F1FF3329DB04F080FB2C18EFF311885F
:107B6000202383F31288BFF36F8F124F124BB86834
:107B70001860FFF7B5FDB86810492A46334618303B
:107B800000F07CF9BA68537B43F01003537340460E
:107B9000FDF7F0F804F061FB201A63EB0303012802
:107BA00073F10003D1DBBDE8F0816FF00104241A0A
:107BB000D4E700BFFC240020202500200FC10000D6
:107BC000B1F1FF3F08BFB0F1FF3F08B506D10A4B46
:107BD000986804F050FA4FF0FF3008BDFFF7ACFF93
:107BE0004FF47A7147F6FF730022C0FB0132D80BC5
:107BF00040EA4240F1E700BFFC240020014B9868B6
:107C0000704700BFFC240020D3B5DDE90667089C5F
:107C1000CDE90067FFF762FE1CB1034B9B685B690F
:107C2000236002B0D0BD00BFFC240020044BC01A6A
:107C3000044BC0105843044B01221A54704700BF34
:107C4000801A0020ABAAAAAA7B270020C3897F2B19
:107C500012D80A4B1B6863B1094B90F90E201B68C0
:107C60009A4209DB437BDB0606D1064BC31A18BFD9
:107C7000012303F0010070470023FAE728250020C4
:107C8000242500205818002070B50E4B0E4C1E7C89
:107C900006EB460304EBC3040546204604F0C8FA8D
:107CA0000A4B002228469A55FFF7D0FF48B1084BEF
:107CB00008491A68013A2046D317BDE8704000F021
:107CC000DDB870BDFC240020801A00207B27002036
:107CD000282500202D7C000038B5EFF311852023E6
:107CE00083F31288BFF36F8F104B114A9C681068A2
:107CF000A04206D1FFF7C8FF85F31188BFF36F8F4D
:107D000038BD00211B7C11600A4AD35C002BF3D0E4
:107D10002046FFF79BFF0028EED0637BDB0602D1F5
:107D20002046FFF7A1FD2046E4E700BFFC24002029
:107D3000202500207B270020EFF31181202383F3EF
:107D40001288BFF36F8F0A4A136A834207D15B6FB1
:107D5000136281F31188BFF36F8F70471346002BB6
:107D6000F7D05A6F8242F9D1426F5A67F1E700BFEC
:107D7000FC240020F8B506460F46EFF311832022BD
:107D800082F31288BFF36F8F0B490C6A154624B932
:107D900083F31188BFF36F8FF8BD83F31188BFF3AE
:107DA0006F8F39462046B047EFF3118385F3128871
:107DB000BFF36F8F646FEAE7FC24002008B5064824
:107DC000064A0749121A04F073F8BDE80840054A4C
:107DD0000549064804F06CB800000020F4020020B9
:107DE00048F300000000000048F3000000000020FD
:107DF000034B1B680BB9FEF705BA0020704700BFA4
:107E00002C25002030B570B10B4B5B6898420AD02E
:107E1000036843B1D3E90421D0E90445121941EBC9
:107E20000501C3E90421D0E9003213605A60002340
:107E3000C0E9003330BD00BF8801002010B50E4BF3
:107E40001C689C4204D1FFF7D3FF6FF0004010BDC7
:107E5000FFF7CEFF002CF8D0D4E904321B1A62EBF6
:107E6000E072B3F1004F72F10001EEDA002AACBF0C
:107E700018460020EBE700BF88010020B3F1FF3F68
:107E800008BFB2F1FF3FF8B504461D4616465ED066
:107E90008160EFF31187202383F31288BFF36F8F84
:107EA000013275F1FF3324DA2E49D1E900206FF059
:107EB00001039B1A4FF0FF3262EB00009E1B60EB48
:107EC0000500012E70F1000301DA01260020C4E94B
:107ED0000460254ED6F800C07568B44508BF4FF061
:107EE000000CBCF1000F0DD1C4E900652C6074607A
:107EF0001CE0FFF77DFF013645F10005361845EB24
:107F0000E070E4E7DCE90420D4E90431934271EB4A
:107F1000000E1DDAD21ADCF8043060EB0100CCE967
:107F20000420C4E900C31C60CCF804403368B342A9
:107F300009D09C4207D10D4B1C6824B9FFF77EFF86
:107F40002146FEF731F987F31188BFF36F8FF8BD33
:107F50009B1A61EB0001AC45C4E90431C4D0DCF8E4
:107F600000C0BEE7981A0020880100202C250020C0
:107F70002DE9F84FEFF3118C202383F31288BFF320
:107F80006F8FDFF8B0A0DFF8B0902C4FC9F8000079
:107F9000DAF800000024504508BF00200025D7E98A
:107FA0000021D9F80030E04678B3D0E9046C4FEAFC
:107FB000E37EB3427EEB0C0B05DAF61A6CEB0E0493
:107FC000C0E9046421E0B21841EBE671C0E9044560
:107FD000C7E90021FFF716FF88F31188BFF36F8F01
:107FE00083689847EFF31188202383F31288BFF347
:107FF0006F8FD9F80030DAF800009B1B5045C4465B
:10800000C9F80030CBD1D7E900219A1841EBE373CE
:108010000024C7E90023C9F80040FFF70FFF2146FD
:10802000FEF7C2F888F31188BFF36F8FBDE8F84FF1
:10803000FFF752BE880100202C250020981A00204E
:1080400010B5EFF31184202383F31288BFF36F8FF1
:10805000FFF7CEFE054A0346D2E90001181841EBAE
:10806000E37184F31188BFF36F8F10BD981A00205D
:10807000F8B50446EFF31187202383F31288BFF38A
:108080006F8F026822B187F31188BFF36F8FF8BD3D
:10809000D0E90A36581C46F10001022871F10001AE
:1080A00027D3012B76F10001BCBF012316465D1ECC
:1080B00046F1FF3604F0D5F8013041F100014019D6
:1080C00046EB0101012871F100013ADB04F0C9F827
:1080D000013041F100016FF00102401946EB01034C
:1080E000121A4FF0FF3161EB030318492046FFF7E6
:1080F000C5FE236B01332363236A6BB187F31188B9
:10810000BFF36F8F236A20469847EFF31187202330
:1081100083F31288BFF36F8F54F8185FA542B2D073
:10812000002DB0D0284603F0C0FF0023C5F8B030C2
:1081300087F31188BFF36F8F2846BDE8F84003F03E
:108140008BBF6FF001024FF0FF33CEE7718000006C
:108150002DE9F04105461C4690461F46EFF3118677
:10816000202383F31288BFF36F8FB4F1FF3F08BF62
:10817000B2F1FF3F05D186F31188BFF36F8FBDE8E1
:10818000F081531C74F1FF3309DB012A74F1000301
:10819000BCBF0122002412F1FF3844F1FF3728460A
:1081A00004F046F8DDE906010023C5E90A012B6366
:1081B000034942463B462846FFF760FEDBE700BF27
:1081C000718000002DE9F74F1D46274B9F68012362
:1081D00087F8603087F8613052EA050316460CBF15
:1081E0000123002307F16002804604F0C3F88146B2
:1081F000EFF3118B4FF0200A8AF31288BFF36F8FD1
:1082000097F860404CB901465A46404604F053F88E
:108210008BF31188BFF36F8F0BE0002387F860307A
:1082200056EA050309D18BF31188BFF36F8F6FF006
:108230000A04204603B0BDE8F08FCDE900650B4A83
:108240000B485946FFF74AFB0446EFF311858AF3C2
:108250001288BFF36F8F2A464946404604F02BF838
:1082600085F31188D6E700BFFC2400209001002090
:108270007C27002038B50346EFF31185202282F3D6
:108280001288BFF36F8FC160012181600068834253
:1082900006D185F31188BFF36F8F0024204638BDC7
:1082A000D0E9003213605A600023C0E9003304F0C3
:1082B000D9F8294604460248FFF780FBEEE700BFE5
:1082C0007C270020014BC0F8A430704778020020C2
:1082D00038B5064C064DAC4201D3002038BDD4E978
:1082E0000112204604F03AF91434F4E77802002031
:1082F0008C0200201FB5094A92E8030002AB83E814
:1083000003004FF480620093054906484FF0FF33A5
:1083100000F006F9002005B05DF804FB30CC000049
:10832000C05D0020A01A00202DE9F043DFF8348161
:1083300085B005464FF0FF364FF0FF37EFF3118958
:10834000202383F31288BFF36F8FD5F8B8408CB920
:10835000022105F1D00004F009F9002860D10023C2
:10836000CDE90067029305F1C00249463E48FFF798
:108370004BFCE3E7D5F8BC202368C5F8B83094423D
:1083800008BFC5F8BC30D5F8D03043F00203C5F8BB
:10839000D030E36823F0040343F00103E360636833
:1083A00089F31188BFF36F8F20469847EFF3118947
:1083B000202383F31288BFF36F8FE368D90623F07D
:1083C000010237D4E260E3689A071AD5D8F80000B2
:1083D00023F00203E360A0B10268002188B1436882
:1083E0009C4237D1036869BBD8F80420C8F8003034
:1083F000824201D1C8F80430002340F8083BFFF75F
:1084000017F8D5F8D03023F00203C5F8D03089F33F
:108410001188BFF36F8FDB0590D4FFF74FFB8DE71B
:1084200005F1C80400220121204603F0DEFE0028E9
:10843000F8D194E723F01103E36004F11000FEF794
:10844000F7FFC0E70B60D8F80430834208BFC8F8D4
:108450000410D1E722B11368014610461A46BDE761
:108460001346F9E7302500207C270020F8B5C368C3
:108470009A0704460F46C3F340062CD45B071AD470
:108480000B680BB983680B60E368DD0744BFA36822
:108490003B603D684CBF02260126002D3AD01F4BA1
:1084A0009B68AB420AD0D5F8D030D807C3F380021E
:1084B00014D46FF0120600233B6025E003F06EFD3C
:1084C000D5F8D0300028F0D1D907C3F3C002F0D5D9
:1084D00052B15B0708D46FF00F06ECE7002AFAD11F
:1084E000C3F3C003002BF6D100232360D5F8BC30C2
:1084F00063B9C5E92E44284604F043F8E36843F025
:108500000403E3603B68A3603046F8BD1C60C5F817
:10851000BC40F0E76FF01506CDE700BFFC2400205B
:10852000F0B589B004460020C4E92E000E9D04F188
:10853000C000C4E9300004F1C800C4E932004DB302
:108540002879002840F2011008BF0120C4F8D000AB
:1085500000204FF0FF364FF0FF37CDE90330CDE973
:108560000100CDE906670C4B00942046FFF76EF83A
:1085700055B1296811B12046FEF7A6FF6B791BB1F2
:10858000237B43F001032373204609B0BDE8F0408C
:1085900003F00CBD0120D9E7298300000CB430B5ED
:1085A00089B005460C461C22002101A804F02BF8D6
:1085B00002238DF806300E4B0293059523462CB10D
:1085C000B4F1004F28BF4FF00043013B1D440DAAFA
:1085D0000C99069501A8009200F0A4F914B1059B2E
:1085E00000221A7009B0BDE8304002B0704700BFE9
:1085F0005BC800000EB470B589B00DAC054654F8E8
:10860000046B1C22002101A803F0FDFF01238DF85B
:1086100006302246064B0393314601A80595009487
:1086200000F012FC09B0BDE8704003B0704700BF15
:1086300047C80000242A2DE9F041044601D8012A48
:108640004CD104F02FF9354B16221A5001B10C60B1
:1086500000273846BDE8F08135462E4616F8010B56
:108660002028F9D0A0F10907042F0346F4D92B28BC
:1086700036D02D2837D14FF0010C6B78AE1C302B43
:1086800038D1307840F0200078282FD132F0100017
:108690002CD173783446102202360CF10040013898
:1086A0000027B0FBF2FE02FB1E08392B82BF03F14C
:1086B000FF3343F02003263B303B9A421ED97745D7
:1086C00002DC03D1984501D24CF0020C354607FB81
:1086D000023715F8013B34462E46E6E70546BCE76F
:1086E0004FF0000CC9E74FF0000CC8E7002A08BFA4
:1086F0000822D2E7002A08BF0A22CEE701B10C60A7
:108700001CF0010F18BF7F421CF0020FA1D00746DA
:1087100004F0C8F8014B22221A509AE70C0000001E
:10872000242AF0B5044601D8012A40D104F0BAF851
:108730002D4B16221A5001B10C600020F0BD2F46BF
:108740003D4615F8010B2028F9D0A0F10906042EAA
:108750000346F4D92B282CD02D282CD101267B7848
:10876000BD1C302B2DD1287840F02000782824D152
:1087700032F0100021D16B782C46102202350020F7
:10878000392B82BF03F1FF3343F02003263B303BFC
:108790009A421AD9A0FB02040CB9C01801D346F0C2
:1087A00002062F462C4617F8013B3D46E8E70746F0
:1087B000C6E70026D3E70026D3E7002A08BF082231
:1087C000DDE7002A08BF0A22D9E701B10C60F207F1
:1087D00048BF4042B307B1D504F064F8024B2222EF
:1087E0001A504FF0FF30A9E70C0000002DE9F041CE
:1087F00001260746B24201DCBDE8F0813B461F4638
:1088000013F8014B002CF7D0252CF8D11C78252C1F
:1088100007F10207F2D00023DFF804819C461D46D1
:108820001F2D18D8A4F1200EBEF1100F09D9A4F104
:10883000300EBEF1090F1ED80A2404FB03E32025E5
:1088400004E028FA0EFE1EF0010F06D017F8014BC7
:10885000002CE5D128E07F2D1CD8A4F1300EBEF10C
:10886000090FE9D9242C10D1BCF1000F46D0B34236
:1088700046D00023EAE724F0040EBEF12A0FF8D018
:108880006C2C09D145F08005E0E724F0040EBEF120
:108890002A0FEED06C2C22D06C2C1BD8682C23D045
:1088A0006A2C28D04C2C26D0BCF1000FA4D0B445A3
:1088B000A0D144F02007A7F1650CBCF1020F0B68B2
:1088C00001D9612F1ED1073323F0070308330B6052
:1088D00001368EE7742CB9D07A2CB7D0E4E72C0699
:1088E00048BF45F40075CDE7EC0548BF45F4007579
:1088F00045F48075AAE745F42075A7E79C46B8E7DC
:108900006324D6E7692C02D007D8632C03D02F0646
:1089100001D5AC05D7D40433D9E7732CF6E700BFF3
:10892000892801002DE9F04F8FB0436800938378C8
:1089300083469807CDE9021217D507920B4600240B
:108940001E78A6B1252E16D001330193009B5946FF
:1089500030469847002804F1010480F2E8819BF832
:10896000023043F004038BF802304FF0FF3420460E
:108970000FB0BDE8F08F5E789A1C252E0192E5D0ED
:1089800000252F46A846A946B9F11F0F32D8A6F1F7
:108990002003102B0AD8DFE803F02409092A09096B
:1089A000091B09090922092709091900A6F1300341
:1089B000092B2DD92A2E3BD155B9079B19F0400F11
:1089C00003F10402079229D01F6801E049F0010970
:1089D000019B13F8016B0193002ED5D156E049F0AD
:1089E000020949F00409F3E749F00809F0E749F002
:1089F0001009EDE7B9F17F0F3FD8A6F13003092B3D
:108A0000D8D819F0400F03D00A2202FB0737DFE75E
:108A10000A2202FB083849F02009D9E7D3F8008080
:108A2000B8F1000FF7DAC8F1000849F02809CFE7DC
:108A30002E2E05D119F0400F99D149F04009C7E712
:108A4000242E1AD1002D67D0039B079319F0400FF5
:108A50000AD14246029807A9FFF7C8FE079B1A1DD4
:108A60000792D3F80080B3E73A46029807A9FFF7C8
:108A7000BDFE079B1A1D0792A6E76C2E39D031D890
:108A8000682E3ED06A2E44D04C2E42D035B1039B86
:108A9000029807932A4607A9FFF7A8FE002F46F081
:108AA0002003B8BF29F04009A3F16502BCBF1FFA3B
:108AB00089F90027022A01D9612B32D1079BAC4DDD
:108AC000073323F0070308330793072619F0080F2D
:108AD0006BD0AF19A946B94569D1651BA944A8EB6C
:108AE000060874E1742E3FF473AF7A2E3FF470AF32
:108AF000CCE719F0800F18BF49F4007949F08009DC
:108B000066E719F4807F18BF49F4007949F4807949
:108B10005EE749F420795BE72F46B9464546B846FB
:108B200056E7A6F16302122A00F2EB80DFE812F0AA
:108B300013004700E900E900E900E9004700E90007
:108B4000E900E900E900E9000101E400E900E900C9
:108B50001C00E900A800079B1A1D07921B688DF8EE
:108B60002030012608ADB1E7079B1A1D07921D684A
:108B7000804B002D08BF1D4619F0400F14BF394629
:108B80004FF0FF31284603F085FD06469EE7009B27
:108B90005946202098470028FFF6E1AE013FBE422B
:108BA000F5D34444E41BB84693E74746F7E719F882
:108BB000010B009B5946984700288CDACFE619F044
:108BC000800F079B34D019F4007F2CD0073323F09B
:108BD000070303F108020792D3E9000129F0100509
:108BE0000029ADB236DA404261EB410145F48065BF
:108BF0000DF120090A234A4603F06EFD6B06A0EB37
:108C0000090965D525F001024F4592B240F3AD80C8
:108C1000002E00F0A58015F01003BA46154627D0A7
:108C20000AF1020A5BE01A1D07921868C117D5E71E
:108C30001A1D079219F4807F196801D10846F5E7DB
:108C400019F4007F15BF48B208B241F3C01141F3D7
:108C5000C031C3E750EA0103CAD119F0400FC7D0B1
:108C6000002FC5D129F011091FFA89F5BA46B94676
:108C700040F206432B401CBF0AF1010A00232EE0FC
:108C800029F010091FFA89F90A2319F08005079ABB
:108C900052D019F400711DBF073222F0070202F111
:108CA0000801101D15BF07910790D2E90001106857
:108CB00050EA01024DD129F0160519F0400FADB26E
:108CC0004BD0002F49D129F017091FFA89F5B94671
:108CD00015F0100352D0002E4ED109F1010A2907D8
:108CE00061D4EA0706D5D04574DDA8EB0A0A0AEB81
:108CF0000907C24652464FE049F010091023782672
:108D0000C3E7782B04D1C6F1780343F01003BCE726
:108D1000009B5946252098470028FFF620AE009B6F
:108D20005946304698470028FFF619AE0234019B99
:108D300006E608230026A8E7111D079119F48071A3
:108D40001068B5D019F400711ABFC0B2294680B2BC
:108D5000AEE729F006091FFA89F50DF120094AE767
:108D600025F01105ADB2BA4682E71546B0E700BF5F
:108D700034F300002DF30000CA4651E7CA4677E7F6
:108D8000CDE904235946009B202098470028FFF690
:108D9000E6AD049A059B01329045F1DCA4EB0A0A8A
:108DA0000AEB02049246FBB1009B594630209847DB
:108DB0000028FFF6D4AD7EB9013427443B1B4B4558
:108DC00023DC4D4608AE4DBBA144A8EB0A084C4637
:108DD000C84434E04F468DE7023459463046009B84
:108DE00098470028E9DABAE540F206431D42E4D08C
:108DF00015F0020F14BF2B20202015F4806F04F112
:108E00000104594618BF2D20E9E7009B5946302040
:108E10009847002804F10104D0DAA0E5013D009B49
:108E2000705D594698470028CDDA98E5009B594671
:108E300020209847002804F10104FFF690ADA8EB2C
:108E40000403002BF2DC72E72DE9F04F91B080466D
:108E5000002002920692079082460D4615F8014BBB
:108E6000ACB1202C17D0A4F10903042B13D9252C65
:108E700017D007A9404603F086FC031EC0F21181FB
:108E8000DBB2A3420BD007AA414603F09CFC50463C
:108E900011B0BDE8F08F07A9404603F09FFC2946BA
:108EA000DBE74C78252C01F10205E2D02A2C03BF28
:108EB0008C78CD1C012600264FF00009A4F1300368
:108EC000DBB2092B1BD9B00724D5242C24D1029B5B
:108ED000069326F00206B6B200220123994516DC5D
:108EE00052B1069A09F1FF33B9F1000F4FEA83033B
:108EF000D8BF00231A44069215F8014BDCE70A227A
:108F000015F8014B46F0020602FB0939D6E701339A
:108F10000122E3E74FF0FF396C2C31D007D8682CE1
:108F200022D06A2C3AD04C2C33D024B9AFE7742C21
:108F300031D07A2C2FD09F48214603F07CFB0028AB
:108F4000A5D016F00103039301BF069B1A1D0692DC
:108F50001F6818BF00276E2C23D1079A00960023A4
:108F6000384603F01AFC9AE72C78682C03D046F0B8
:108F700020060135D9E746F030066C780235D4E793
:108F80002C786C2C02D046F00406F2E746F00C0672
:108F9000F3E746F00C0615F8014BC6E746F0080665
:108FA000F9E7632C19D116F0020F08BF4FF0010941
:108FB00007A9404603F0E7FB002872DB0FB107F872
:108FC000010BB9F10109F3D1039B002B7FF467AFCB
:108FD0000AF1010A5FFA8AFA61E75B2C40F08180AE
:108FE000202200210DEB020003F00DFB00221646AB
:108FF000114614464FF0010C15F8013B002B4AD0E6
:109000005E2B03D1F2B901240132F5E7A24219DD4A
:109010005D2B1FD02D2B15D1C1B110A800EBD300B3
:1090200003F0070110F820EC0CFA01F141EA0E01FF
:10903000B34200F8201C0BD034BF013303F1FF33DF
:10904000DBB2EAE7002908BF1E46E6E70121DBE7BD
:109050000021D9E729B19DF8253043F020038DF890
:1090600025302CBB012407A9404603F08CFB031ECE
:1090700010DBC3F3C40140316944DAB211F8201C9B
:1090800003F0070341FA03F3D9071CD407AA4146AA
:1090900003F099FBFCB198F8023013F00C0F3FF489
:1090A000F6AEBAF1000F14BF50464FF0FF30EFE6B6
:1090B00020230DEB03021178013B6FEA010102F856
:1090C000011BF8D1CEE70FB107F8012BB9F1010967
:1090D0004FF00004C7D1002F3FF476AF00233B7060
:1090E00072E707A9404603F079FB0028D9DB6F2C13
:1090F0005CD03DD8642C5BD0693C18BF01242401AE
:1091000007A9404603F03FFB2B2803D02D280AD1A6
:1091100046F04006B9F10109BDD007A9404603F069
:1091200032FB0028B7DB30286BD1B9F10102049281
:109130001AD007A9404603F026FB002814DB40F0B4
:109140002003782B049A46F0800635D134F01003C2
:1091500035D1B9F10202049206D007A9404603F0C6
:1091600012FB0028049A51DA4FF00009CB463BE08D
:10917000732C0AD0752C0CBF0A241024C0E70FB141
:1091800007F8010BB9F10109A5D007A9404603F082
:10919000FAFA00289FDB202803D0A0F10903042B52
:1091A000EDD807AA414603F00EFB94E70824A7E791
:1091B0000A24A5E73CF30000002C08BF08244FF068
:1091C0000009CB463928014682BF00F1FF3141F04A
:1091D0002001263930398C421AD807AA414603F0BB
:1091E000F2FA32067FF557AF730603D5D9F10009BD
:1091F0006BEB4B0B00964A465B46384603F0CDFAC4
:10920000E2E64A46002CDAD10A24D8E71024D6E751
:10921000A4FB099011EB090904FB0B0040F1000BC2
:10922000013ACDE9042246F08006DDD007A9404688
:1092300003F0A9FA0028049AC4DAD5E710B50A4C5D
:1092400023681BB101232360002010BD00F0EAF861
:109250000028F7D00138062803D8044B53F8200023
:1092600010BD034810BD00BF38250020FCD300000E
:10927000FE8FFFFFBFF34F8F0549064BCA6802F40C
:10928000E0621343CB60BFF34F8F00BFFDE700BF29
:1092900000ED00E00400FA0510B4094B09490A4C3E
:1092A0004FF0FE32C3F800244968C3F80424C3F821
:1092B0000824C3F80C240023C4F8003510BC084768
:1092C00000B002509801002000A00250D0E9001226
:1092D000014BC3E9001270479801002010B5044605
:1092E00050B1636813F0685F05D0064A934202D01C
:1092F00000232360626010BD034B04485B689847FD
:10930000EFE700BF2C5F5CA99801002018D4000093
:10931000C8B143680D4A934213D013F0685F0ED072
:10932000012350E8002F194640E8001C9CF0000F74
:10933000F7D1012AF5D0BFF35F8F002070470448B2
:109340007047044870476FF4E04070472C5F5CA999
:10935000E98FFFFFEA8FFFFF80B14368094A93421C
:109360000AD013F0685F05D0BFF35F8F002303605E
:109370001846704704487047044870476FF4E0404F
:10938000704700BF2C5F5CA9E98FFFFFEA8FFFFFEA
:1093900010B5044620B1044B63600022226010BD6A
:1093A0000248FFF779FFF6E73A00003A40D40000A0
:1093B00070B5D0E90023174C174D6360D0E9023037
:1093C000C4E9023022604868D1F800C0134BC3E9F9
:1093D00000C0D5F81801D1F808C0C3F808C010F0D3
:1093E000685FD1F80CC00969C3F80CC0196110D0CE
:1093F0000B49C5F8BC110023C5E9453105F58A7054
:10940000C5F8B8319047236805F5DC70BDE87040B9
:10941000184770BDB401002050250020A001002095
:109420002C5F5CA938B500F02FF820B1032400F0C0
:1094300063F8204638BD00F031F898B900F0ACF878
:1094400098B90F4DD5F828391B0EF02B08D1D5F857
:10945000242A0C4B9A420AD0072400F017F8E6E7BA
:109460000624FAE70424204638BD0024F5E701204D
:1094700000F092F804460028F7D1C5F80C0AD8E7A6
:1094800000B002500000E02000207047002070472C
:10949000014BC3F8040A704700B0025010B51148E0
:1094A00000F048F800B110BD0F4800F043F8002864
:1094B000F9D10E4C204600F03DF80028F3D10C4BBA
:1094C0000C481C6000F036F801460028EBD100F093
:1094D0002DF8044608B1204610BD00F03FF82046A4
:1094E000FAE700BFF4010020F0010020EC010020A9
:1094F000E4010020E801002008B5084800F024F845
:10950000074800F021F8074800F01EF8064800F070
:109510001BF8BDE8084000F00BB800BFF4010020C4
:10952000F0010020EC010020E8010020002070473D
:10953000704700BF08B5034B02681B681068984766
:10954000002008BDB401002008B5034B02685B6829
:1095500010689847002008BDB401002070B5094C80
:10956000094D2069AB68984718B1084B08485B68FB
:109570009847084AEB68206900211160BDE87040F7
:10958000184700BFA0010020B4010020980100206E
:1095900064D400004C250020F8B51A4D1A4E04463C
:1095A000B26828699047E8B9184F3B684CB1A3B13D
:1095B000012B19D0013B3B602869F36898470020D4
:1095C000F8BD43B9124A0121C2F800151149D1F87A
:1095D0001029002AFBD101333B60F36828699847C2
:1095E0000020F8BD0C48F8BD0A4AD2F81039002B0B
:1095F000FBD1074A6FF07E40C2F80035FFF748FF05
:109600003B68D7E7A0010020B40100204C250020D2
:1096100000A0025000B00250E98FFFFF7047F0B485
:109620001346D4028768066906D512F4402F03D08A
:10963000DA0748BF83F44023346801258D4023F4C2
:109640008012DB074CBF2C43AC4334603B68F0BC5A
:109650001847012303FA01F103691B68194218BF77
:1096600082F0010212B18368DB68184783681B69C6
:10967000FBE70A4601790068FFF7EBBF00F05DBD2C
:1096800000EBC100408840087047F8B50346FFF77B
:10969000F7FFB0FA80F0C0F11F0003EB800CCA00A6
:1096A000DCF81060171D0C4606328DB256B9012148
:1096B00001FA00F0D9680143D960CCF81040DD53BD
:1096C0009D52F8BDF1000431585AD85303EBC00045
:1096D0009E52C5805D52F4E7043A2DE9F041CC1D5D
:1096E000114424F0070421F007010E1BF708B7FA14
:1096F00087F2C2F12405AD004FF000080735C2F132
:109700002002ED0804604146A760C4F80C80920076
:1097100004F1100002F077FF6B0043F00103638057
:1097200004EBC5027B1B5900A4F800805180A219EC
:1097300024F83550A2F80280A35304EBC70329464E
:109740005A8842F001025A802046BDE8F041FFF7F6
:109750009CBF2DE9F04706460D46174698462BB3A9
:1097600098F8004093F80190DB78A40004EB4304E0
:1097700098F802301C4444444FF0000ACA4509D30B
:10978000D8F8042008F1080339463046AC46BDE855
:10979000F047604714F8013B48F823402046F6F7AD
:1097A0007BFE013004440AF1010AE7E76FF015007F
:1097B000BDE8F08770B5002502462846144614F827
:1097C000013B0BB9184609E098B18D4207D1702BC7
:1097D00004D0A3F140023A2A0BD8002070BDA3F1B7
:1097E00040063A2E05D853780135941C002BE9D059
:1097F0000020252B08BF80F001002246DEE7002074
:1098000070470FB407B504A951F8040B019100F09B
:1098100007FC03B05DF804EB04B0704710B50369B2
:10982000024613F0080009D11368D4689C4297BF20
:10983000126AE31AD31A01200B6010BD00231846E8
:10984000FAE713B501A90446FFF7E8FF20B1019B31
:10985000E268013B13440193206A019BC01A01385E
:1098600002B010BD10B5044650182269236AD20711
:1098700002D5013B184010BD984228BFC01AFAE734
:1098800010B504460A46C168FFF7ECFF2369E060A3
:1098900023F00803236110BD38B50D46C2698B0063
:1098A000016843F0020342F82130044601682A4669
:1098B000FFF7D8FFE36861682060984202BF236920
:1098C00043F0080323612A462046FFF7CBFF606080
:1098D00038BD2DE9F74FC768C6699B4616F8273093
:1098E00003F00303022B04468846914606EB870AE1
:1098F0004FF0000309D01360CBF8003023699907BB
:1099000010D4002003B0BDE8F08F56F82710136084
:109910008908CBF80030F1D0FFF7B2FFE368A3600D
:109920000120EFE7A3695046984716F82730DA0779
:109930000546E6D513F002031DD0B8F1000F03D0A1
:1099400041462046FFF7A8FF61682A462046FFF7F8
:1099500089FFD4E902319942606004D12A46204649
:10996000FFF780FFA060A3682360E360236943F0F2
:1099700008032361D4E7014620460193FFF780FFE7
:10998000E268A260B8F1000F04D02168E269019B8F
:1099900042F8213005EB0802CBF800202168204670
:1099A000FFF760FF2369206043F00803236116F886
:1099B00027306FF3000306F82730C9F800A0AFE79F
:1099C00070B504461546FFF74DFF2368834205D165
:1099D0002369216023F00803236170BDE269AB00B5
:1099E00043F0020342F82130204661682A46FFF71F
:1099F00039FF6060F1E738B503695B07044606D5B7
:109A0000456AFFF71EFF85422CBF6562606238BD64
:109A100038B50D4604461C22002102F0F4FDEB6827
:109A2000A361AB6863612B68E3616B68236200220A
:109A300062622A6923B1591E194208BF42F001022D
:109A40002261012204F128000021BDE8384002F023
:109A500095BA2DE9F04F87B000250093036A03956E
:109A60008B4204460E4692460595A94639D3EFF33C
:109A7000118B202383F31288BFF36F8F059AD8468A
:109A80002AB129462046FFF79BFF0023059304A92E
:109A90002046FFF7C3FE0499B14207462AD3226845
:109AA000E36913F8221021F0030103F8221003EBFD
:109AB0008209216832462046FFF7D4FEE368206021
:109AC000984212D0002788F31188BFF36F8F039953
:109AD00029B162690AB12046904700230393002F01
:109AE000C5D1484607B0BDE8F08F236943F00803AD
:109AF0002361E7E718B12046FFF7CEFEE3E7009BBE
:109B00005AEA030319D0019102F048FA0199A0B969
:109B10008BF31188BFF36F8F009B524604F128002E
:109B2000FDF7ACFCEFF31188202383F31288BFF319
:109B30006F8FB0FA80F77F09C5E705AB03AA20460F
:109B40002568FFF7C6FE0746BDE770B50446836982
:109B500008460D4698470246EFF31186202383F30B
:109B60001288BFF36F8F2B7843F001032B7061686D
:109B70002046FFF777FE60602046FFF73CFF86F344
:109B80001188BFF36F8F70BD2DE9F0410446202787
:109B9000EFF3118687F31288BFF36F8F236913F0F9
:109BA000080FA36802D16268934200D9226AE16972
:109BB000D21A32B986F31188BFF36F8F4FF00008C5
:109BC00033E011F8232012F0030001EB8308F1D0F9
:109BD000022803D151F82350AD0805D1D00712D483
:109BE000A369404698470546A1682A462046FFF7E4
:109BF00039FE2946A0602046FFF742FE86F3118811
:109C0000BFF36F8FC4E742F0020201F82320404601
:109C1000A369A5689847294602462046FFF722FE19
:109C2000A06086F31188BFF36F8F4046BDE8F081D6
:109C3000F8B50446836908460D4698470646EFF393
:109C40001187202383F31288BFF36F8F2B786FF374
:109C500000032B7023699B0705D5E268E36903EBDA
:109C600082039D421AD12B786FF341032B70D4E904
:109C70000231994204D132462046FFF7F3FDA0603D
:109C800031462046FFF7FCFD87F31188BFF36F8F45
:109C900004F12800BDE8F840FDF7CABB2B6860F36B
:109CA0009F032B60F0E702698368120702D44268C1
:109CB0009A4200D2026AD31A181E18BF01207047B8
:109CC000038B13F0070305D10368002B0CBF0020A2
:109CD00003207047022B05D1408BB0FA80F0400979
:109CE00080007047012B05D10368002B0CBF0020BA
:109CF000052070470020704710B50C4600B111B91F
:109D00006FF0150010BD081D00F093F80028F9D180
:109D1000A368032BF6D9F3E72DE9F0410D4607467A
:109D20001946281D90461E4600F097F8044638B1A3
:109D30003346424629463846A446BDE8F0416047CE
:109D4000BDE8F08110B4EFF31182202484F312886F
:109D5000BFF36F8F416110BC0121F7F747BB38B5E6
:109D60000C46054658B151B10B6843B14B6833B14D
:109D70001C22002102F047FC2C61002038BD6FF04E
:109D80001500FBE770B505460E46FFF7B5FF041E4C
:109D900014DBEFF31182202383F31288BFF36F8F5C
:109DA0006B8B2C8B4FF6FF718B4204F0070407D1AD
:109DB00082F31188BFF36F8F6FF00A04204670BDE5
:109DC000022C0CD101336B8382F31188BFF36F8FA8
:109DD0000023224631462846FFF79EFFEEE7062C79
:109DE00014D8DFE804F004131313041A040000234A
:109DF00033606B683BB9C5E90066ACB902212846FF
:109E0000F7F7F4FADAE71E606E60F6E782F311887E
:109E1000BFF36F8F6FF00404D0E782F31188BFF3B4
:109E20006F8F6FF08504C9E782F31188BFF36F8FDE
:109E3000C4E7034640B1426802F00302022A06D09A
:109E4000032A04D0012A05D06FF0150070471A6864
:109E5000002AF9D000209860704710B542688160F0
:109E600002F00302022A03464FF0000407D0032A3F
:109E700002D05C60002001E018685C6010BD1868CA
:109E80005C600028F6D0FEF7F5F9F3E7F0B5C66898
:109E90004568C369AF1B04464069BB4298BFFF1ABF
:109EA000A5EB0000944698BFF6181A1AD81B236831
:109EB000AD1B62452B4428BF62460B60636890422D
:109EC00028BF104603446360F0BDD0E90123D21AD5
:109ED0008A420CD31944C368C269C0E90111C91A86
:109EE0008A4201D9002070471344C360FAE76FF03B
:109EF000150070472DE9F34180460E4615460027B0
:109F00002A4601A94046FFF7C1FF314604460246F2
:109F1000019802F050FB2D1B2744264401D0002C51
:109F2000EED139464046FFF7D0FF384602B0BDE8D3
:109F3000F081F0B5044686690569C069A368AF1B66
:109F4000B842944698BF3618A3EB05022368A5EBE8
:109F5000060598BF3F1A2B446245A0EB070028BFB7
:109F600062460B602369904228BF10460344236178
:109F7000F0BDD0E90423D21A8A420CD31944D0E9A7
:109F80000632C0E90411C91A8A4201D9002070477B
:109F900013448361FAE76FF0150070472DE9F34130
:109FA00080460D4616460027324601A94046FFF777
:109FB000C0FF04462DB102460199284602F0FBFA83
:109FC0002544361B274401D0002CEDD139464046AC
:109FD000FFF7CFFF384602B0BDE8F0817047037845
:109FE0005B075FBF03684288C3F34A2303EB121089
:109FF0005DBF173020F00700800800207047002068
:10A00000704701F085BE0346BFF35B8F53E8000F36
:10A01000421C43E800210029F8D1BFF35B8F704751
:10A020001FB50023CDE90201CDE900331A461946D8
:10A030001846F7F7FFFE05B05DF804FB0120F7F7BF
:10A04000AFBB0020704718B140680079F7F7B4BD86
:10A050004FF0FF30FAE710B543685B79044613B15F
:10A060000021F7F707FE636800225A7110BD70B532
:10A07000D2E901369B1B8B420C4615460AD3136866
:10A080000A460146981902F096FAAB682344AB6081
:10A09000204670BD6FF01B00FBE770B50E461546FD
:10A0A0001946044618B9BDE87040F7F779BB33B1DB
:10A0B000C2F34A231030120D184402F07CFAC4E9AE
:10A0C00000562046BDE87040F7F71CBD2DE9F3416E
:10A0D0005F1C4FEA8708064608F1170020F00700CA
:10A0E00080080C461546F7F7C7FB0023ADF805308E
:10A0F0008DF807308DF8047068B10346019A43F873
:10A10000102FA8F104012A46294452F8045B43F8B1
:10A11000045F8A42F9D1A20102F4E07242EA4822C5
:10A1200022F07F4222F47002002322F03F023146E7
:10A1300002B0BDE8F041FFF7B0BF07B501230192BF
:10A1400001AAFFF7C3FF03B05DF804FB07B5CDE933
:10A15000002302236A46FFF7B9FF03B05DF804FB52
:10A16000F8B506460D4614461F4604B9F8BD21460B
:10A1700028463A46B047241A0544F6E710B5426827
:10A1800081680446D2E900230068FFF7E9FF6368AD
:10A1900000221A6010BD38B54B681A68CB689A4225
:10A1A00005460C4602D10846FFF7E8FF6368BFF397
:10A1B0005B8F53E8002F511C43E800100028F8D1B2
:10A1C000BFF35B8FA3689D54002038BD0A2838B5C3
:10A1D00004460D4602D10D20FFF7DDFF294620463B
:10A1E000FFF7D9FF002038BD2DE9F043054687B0C1
:10A1F00008460E8891F80090D1F808800C46174662
:10A20000F7F75EFE011EC6F38216C9F3C2091EDB14
:10A210004846F7F789FC03462146608851F8102B21
:10A220000196C2F34A22002A01EB0204C0F30B108C
:10A2300008BF00210022CDE90407CDE902140092F5
:10A2400041462846F7F768FE07B0BDE8F0830023D3
:10A25000E2E703785B075FBF03684288C3F34A23E2
:10A2600003EB12105DBF173020F0070080080020BC
:10A27000704783689B6903B11847704708B5436806
:10A28000197311B11868FFF7F4FF002008BD10B56D
:10A29000406830301C46FFF781FE2060002010BD72
:10A2A00010B5406850F8984B01F0E9FF2046FFF7E1
:10A2B000E0FFA3685B6A0BB120469847002010BD01
:10A2C0002DE9F04145681E462B7B0C46174693B19D
:10A2D00001EB0208A04507D13760D5E90131012023
:10A2E00098470020BDE8F081286814F8011B8368B6
:10A2F0005B689847EEE705F11000FFF7FBFD05F1FD
:10A30000D00330600121BFF35B8F53E8002F43E897
:10A3100000100028F9D1BFF35B8F002AE1D1286833
:10A3200083685B69002BDCD09847DAE782680023FA
:10A3300082F856308268A2F852308268A2F8503013
:10A34000704710B50346BFF35B8F53E8000F40EA38
:10A35000010243E80024002CF7D1BFF35B8F10BD4E
:10A3600010B50346BFF35B8F53E8000F00EA01020C
:10A3700043E80024002CF7D1BFF35B8F10BDFCF73E
:10A38000A3BF73B50901856801F51F710446164620
:10A390000D4401AA6946284602F0DBF8009B23B170
:10A3A000284602F0D3F82046B04702B070BD08B589
:10A3B00010B1F6F771F880B208BD0EB403B503AA68
:10A3C00052F8041B0192F9F759FB02B05DF804EB57
:10A3D00003B070478B6820B903F51F700021FDF7AB
:10A3E00049BF03F52B70F9E700F51E7019B14FF462
:10A3F0000061FFF7A6BF6FF40061FFF7B1BF00F582
:10A400001E7011B10421FFF79CBF6FF00401FFF72C
:10A41000A7BF08B500F51D7029B10121FFF791FF15
:10A4200000F0010008BD6FF00101FFF799FFF7E7A9
:10A43000FCF7C2BF73B5002304460093204600F02A
:10A44000DFFBE06900F01DFE05462046A668F9F72F
:10A450001FFDA368B3F8503006F51F7623B14FF403
:10A46000F6700021FDF7ACFB01AA6946304602F008
:10A4700070F815B1009B002BE0D002B070BDF8B5AC
:10A48000044680681F46037D022B0D46164607D002
:10A49000BDE8F8404FF4805100F51E70FFF751BF42
:10A4A0004FF0FF324FF0FF3300F54370FFF767FFC7
:10A4B000A368D3F87822100508D49A6C32B9D3F87F
:10A4C0007432990602D5204600F09AFB3B4632468C
:10A4D0002946204600F0F6FBA368D3F8782212053F
:10A4E00008D49A6C32B9D3F874329B0602D5204650
:10A4F000F9F7CEFC606900F065F8A068BDE8F840A7
:10A5000000F54370FFF794BF0CB407B504AB53F8E4
:10A51000042B0193FFF7B3FF03B05DF804EB02B027
:10A520007047F8B505460F46D1B10846FFF73FFF23
:10A530000646A8684FF42472002300F54370FFF725
:10A540001EFF044618B16FF00F042046F8BD731CBF
:10A55000142BA86800D836B900F54370FFF768FFE0
:10A560006FF01504F1E73946F5F78EFFAB6883F815
:10A570003C60A86800F54370FFF75AFFE5E710B5A7
:10A58000044680684FF0FF324FF0FF3300F5437010
:10A59000FFF7F5FE2046F8F745FBA068BDE8104040
:10A5A00000F54370FFF744BF18B18368D3F8240364
:10A5B00070476FF0150070478368996409B9FFF719
:10A5C000B5BE704710B50269836812680168044619
:10A5D000C0689847236900221A6010BD38B5CB685F
:10A5E0001B7C022B05460C4604D10A2802D10D2003
:10A5F000FFF7F4FF236922681B68D55422691368AA
:10A600000133136023691A6863689A4202D12046B5
:10A61000FFF7D8FF002038BD08B510B1F5F73CFFB3
:10A6200080B208BD10B5047B438922442144B2FBAB
:10A63000F3F003FB1022B1FBF3F003FB1010101A30
:10A6400010BD10B5047B438921441019B1FBF3F10F
:10A65000B0FBF3F0401A10BD30B5057B43892944A7
:10A66000B1FBF3F403FB141101312A4401340180DE
:10A67000B2FBF3F103FB1122848001324C1CC48035
:10A68000428030BD2DE9F74F002607468846144624
:10A6900099460660B2462378002B00F0BF80202B3D
:10A6A0003AD0093B042B37D93B685A1C3A6048F82A
:10A6B00023403B684B4500F0B18000262278002AF9
:10A6C000E9D0A6B9164623461C46272E04D05C2E98
:10A6D00025D0222E40F096802046FFF79DFF611C7A
:10A6E0000246204601F075FF2278002AD3D0B242FC
:10A6F000A34604F1010420D15846FFF78DFF2146FF
:10A700000246584601F065FF9BF800605C46002E4B
:10A71000D9D1C0E70026BEE704F801ABBBE720466D
:10A72000FFF77AFF651C02462946204601F051FFDB
:10A7300066782C46002EC8D1ADE75C2A9BF8012034
:10A74000D3D1B242104608D15846FFF765FF2146E3
:10A750000246584601F03DFFB0E7302A25D10223DA
:10A7600000251BF80300A0F13001C9B2072919D850
:10A77000ED000133EDB2052B45EA0105F1D1591E7B
:10A780005944584601930091FFF746FF019B0099F9
:10A79000023BC21A584601F01CFF9BF801208BF8BF
:10A7A0000050A2E7DBB2022BE9D1782825D10221A3
:10A7B00000251BF80130A3F13000C0B2092808D8E9
:10A7C0002D01EDB20543022901D00423D7E703216F
:10A7D000EFE7A3F16100052805D82D01EDB2573B45
:10A7E0001D43EDB2EFE7A3F14100052803D82D0189
:10A7F000EDB2373BF4E7022902D10BF1010474E713
:10A800000323BCE7202E85D0093E042E82D966782A
:10A81000631C002E7FF458AF1C463CE7304603B063
:10A82000BDE8F08FF8B50E4611460746154601F013
:10A830003DFF0446E0B12846FFF7EEFEA74205467D
:10A8400007D214F8013C202B02BF0135ADB204F150
:10A85000FF342046FFF7E0FE3388421C5B1B521B8F
:10A8600033806119204692B2BDE8F84001F0B1BED4
:10A87000F8BD2DE9F0410F4686B01646044670B18A
:10A88000034601AC00F1100518685968224603C25E
:10A890000833AB421446F7D11868106001AC4FF092
:10A8A0000008414632462046F9F7FCF808F1010855
:10A8B000054628B129683846F5F7DCFD0028F0D1B7
:10A8C000284606B0BDE8F0812DE9F0471C46DDF8CA
:10A8D00020809DF8249000230F46164623602368AD
:10A8E000BB4205461BD256F8230000F0D6FD236874
:10A8F000824618B1013323602846F0E756F823104A
:10A9000042462846FFF7B5FF48B123685A1C22602B
:10A91000B9F1000FE3D08045E1D1236055462846C8
:10A92000BDE8F087F8B50746FFF776FE054638BB69
:10A93000F8BD54B18AB2AA1A013001323944384400
:10A9400001F047FE2C1BA5B20024334698B26A1EC4
:10A950009042EDDA3A5C202A03F1010602D0093A6E
:10A96000042AF2D8B1B28BB29D42EED97B5C202B87
:10A9700002D0093B042BDCD80134A4B20131F2E748
:10A9800000231C46E2E7F8B5846894F85630064682
:10A990002BB9B368B3F85020A3F85220F8BD04F1E6
:10A9A0005600B4F85030C21812F8012C202A1CD0DE
:10A9B000093A042A19D90022C25413461D4601330C
:10A9C000425D202A9BB200EB0501F7D0093A042A28
:10A9D000F4D9002DDDD0B4F850707A1C521B7F1BC7
:10A9E00001F0F7FDA4F85070D3E7013B9BB2A4F847
:10A9F0005030002BD5D184F85630CAE70EB403B5D9
:10AA000003AA52F8041B0192F9F738F802B05DF876
:10AA100004EB03B0704710B50446F5F73DFDB4F8FC
:10AA20005030628F13FA80F3B3FBF2F102FB113066
:10AA3000B0FA80F0400910BD38B584682046F5F7BB
:10AA40002BFDD4F87452B4F85230C5F3400580B2EF
:10AA500005FB0300638FB0FBF3F203FB1200B0FAB7
:10AA600080F0400938BD10B50446FFF7E5FF18B97E
:10AA7000A068FFF7D0FF20B16069BDE81040F9F78A
:10AA800081B810BDF8B584680546B4F85020B4F814
:10AA9000521004F13000FFF7DFFDA868A78EE68EA4
:10AAA000FFF7B9FF10B16869F9F76CF8B74207D141
:10AAB000218E638E2846C91ABDE8F840F9F77EB8A2
:10AAC000E18EA38E2846C91AF9F762F8F0E7F8B5C7
:10AAD000044680680D46B0F85210B0F8502030306F
:10AAE0000D44FFF7B9FDA068ADB2B0F852102A4688
:10AAF0003030FFF7A6FD0746A0682A46B0F852108E
:10AB00003030FFF78FFD794206462046F9F740F8CE
:10AB100031462046F9F752F8A368A3F85250F8BD21
:10AB20002DE9F0410C1E064636DA644224B24FF09D
:10AB3000FF35A4B2AFB216E0B368B3F852C0B3F8B1
:10AB4000508003F1560E6146002281B96B1C02D081
:10AB5000B8F1000F0FD1A1EB0C0109B23046FFF79D
:10AB6000B6FF013CA4B2002CE6D1BDE8F0818845D7
:10AB700001D1012DEFD01EF8013023F02000413823
:10AB8000192807D9303B092B04D9002AE3D13944CD
:10AB900089B2DAE70122FAE70125CAE78368B3F848
:10ABA0005210494209B2FFF792BF8368B3F85010C0
:10ABB000B3F85230C91A09B2FFF789BF8368B3F8F6
:10ABC00052301BB14FF0FF31FFF781BF70478368F0
:10ABD000B3F85220B3F850309A4202D20121FFF765
:10ABE00076BF70478268B2F85210A2F8501083689E
:10ABF000B3F852201344002283F85620F8F7B6BF6A
:10AC000010B504468068B0F85020B0F852103030CB
:10AC1000FFF722FDA368198E2046C1F10101F8F764
:10AC2000CDFFA368998E20460139F8F7B1FF204681
:10AC3000BDE81040F8F79ABF2DE9F041054686B00F
:10AC40000F4614460026A4B906B0BDE8F081D3F83B
:10AC500078229207FBD5BFF35B8F03F51E7353E891
:10AC6000001F21F0020143E80012002AF7D1BFF3D0
:10AC70005B8F686803682246D3F80C80B9196B466D
:10AC8000C047009A1644A41A002ADCD1AB68197D8B
:10AC90000329EED00229DAD803F52B73012101A88C
:10ACA00001F026FC4FF0FF324FF0FF33012101A8E5
:10ACB000FDF788FAA86800F52B7001F047FCD8E78B
:10ACC000FFF7BABFF7B51E4683681546D3F874225E
:10ACD000D206044613D593F83E208A420FD0DB8F6C
:10ACE000ADF80430F8F7BCFF606932462946F8F742
:10ACF000C5FE01A92046F8F7D3FF03B0F0BD606997
:10AD00003246294603B0BDE8F040F8F7B7BE0CB4B0
:10AD100007B504AB53F8042B0193FFF7D3FF03B03F
:10AD20005DF804EB02B070472DE9F0418768B7F891
:10AD30005060B318FF2B05468846144626DCB7F84A
:10AD40005230F61A56331F44B6B2324639463819D5
:10AD500001F03FFC22464146384601F02CFCAA682F
:10AD6000B2F850302344A2F85030AB68B3F850200A
:10AD70001344002283F85620AB68D3F87412890775
:10AD800006D4B3F852201444A3F85240BDE8F08131
:10AD900031462846BDE8F041F9F704B8FFF7C4BFD3
:10ADA00038B505468068B0F85220B0F85040A41A73
:10ADB000A4B29CB156321044411C224601F009FC59
:10ADC000AA68B2F85030013BA2F85030611E284604
:10ADD0000122BDE8384089B2F8F7E4BF38BD10B5AC
:10ADE0008368B3F8502004465AB1B3F8523043B1E7
:10ADF0004FF0FF31FFF76BFE2046BDE81040FFF734
:10AE0000CFBF10BDF8B5C3695E695F68836830461F
:10AE1000D3F87452FEF7B8FEC5F30015044650B1DE
:10AE2000014605F10E023846FFF7DEF930462146AD
:10AE3000FEF7FEFE0120F8BD43681B68D3E9063229
:10AE4000BFF35B8F53E800CF8C4443E800C0002879
:10AE5000F8D1BFF35B8F9368BFF35B8F53E8000FAC
:10AE6000084443E80002002AF8D1BFF35B8F704723
:10AE70002DE9F04743681E68F369B268D3F814807F
:10AE8000D2F874429A68D3F804901279012A0746DE
:10AE90000D46C4F3001403D0032A4FD0BDE8F08759
:10AEA000D8680B7859075EBF2B68C3F34A246B88B8
:10AEB00040F2E7314FF0000A58BF04EB13144FF48F
:10AEC000004C8E46514658BF1734E0FB0CE158BF8A
:10AED00024F007044FF47A724FF00003704654BF19
:10AEE000A4080024F5F75CF902460B4640462146CB
:10AEF000FEF7AFFD814628B938460121BDE8F0478D
:10AF0000FFF79ABF012CF7D92946026851F8043B94
:10AF1000C3F39D0363F39F0240F8042B621E92006B
:10AF200001F049FB40464946FEF70FFEB06800F5C8
:10AF300023705146BDE8F047FDF79CB93046FFF756
:10AF40005FFE01F02BF804F10E07044600B3EFF3A7
:10AF50001184202383F31288BFF36F8FB368D3F873
:10AF600078321A051ED53A4629464846FFF73CF97D
:10AF7000B368D3F878321B0502D43046F8F788FF5F
:10AF800001F00CF890B184F31188BFF36F8F85E75F
:10AF9000B06800F543704FF0FF324FF0FF33FCF71D
:10AFA00093F9DBE73046FFF72BFEDCE7B06800F5EE
:10AFB0004370BDE8F047FCF7FFB910B513460C46E7
:10AFC0000A4601461846FFF77BFE204610BD70B5C5
:10AFD00004460D461646D0E90410FEF719FD324628
:10AFE00020682946F6F75EFE63685B685D60A368CB
:10AFF00000221A60A36801221A7170BD10B50446C0
:10B000000068FFF728F8A36802221A7110BD10B576
:10B0100043681C686068036801219B68984758BBB7
:10B02000E3699B6803221A71A368BFF35B8F03F582
:10B030001E7353E8001F41F4005143E80012002A38
:10B04000F7D1BFF35B8FA068B0F85020B0F8521072
:10B050003030FFF701FB4FF0FF312046F8F798FD45
:10B06000A368198E20464942F8F7A8FD2046FFF74D
:10B07000C9FE0028FAD110BDE069BDE81040FFF715
:10B08000BDBF73B5036882685B681D68AB68D3F8A1
:10B090007432BFF35B8F0446C3F30013002152E800
:10B0A000006F42E800100028F9D1BFF35B8F26B192
:10B0B0004BB960683146F7F799F8284602B0BDE809
:10B0C0007040FFF79FBEAB682846DB8FADF80430B9
:10B0D0000121F8F7C5FD60683146F7F787F801A947
:10B0E0002846F8F7DDFDE8E70EB403B503AA52F8E9
:10B0F000041B0192F8F7C2FC02B05DF804EB03B048
:10B1000070472DE9F843054690460E46002967D062
:10B110000024335D202B23D0093B042B20D930465B
:10B12000F5F7BAF9AB68598F80B2001BA1EB0803A1
:10B13000984206EB040915D94846002710F8012B60
:10B14000202A06D0A2F1090CBCF1040F02D80A2A69
:10B150002DD03B4608EB0702914227D90137EDE796
:10B160000134D6E74B460027B84214D013F8012B20
:10B170000A2A19D16869FFF725FA49463A4628464E
:10B18000FFF75AFD6869F8F79BFE013441462846EF
:10B190003C44F8F713FD68693119FFF7A5FF6869AA
:10B1A000BDE8F843F8F78CBE0137DDE71F46686954
:10B1B000FFF708FA3A4649462846FFF73DFD3C446A
:10B1C000335D202B02D0093B042B01D80134F7E773
:10B1D0006869F8F775FE41462846F8F7EFFC9EE7E8
:10B1E000BDE8F8830020704783690020186070472D
:10B1F0000EB403B503AA52F8041B0192F8F73EFC03
:10B2000002B05DF804EB03B0704708B50168FFF7C2
:10B2100088F9002008BD8368BFF35B8F03F51D73B9
:10B2200053E8001F21F0200143E80012002AF7D163
:10B23000BFF35B8F002070478368BFF35B8F03F51C
:10B240001D7353E8001F41F0080143E80012002A73
:10B25000F7D1BFF35B8F002070478368BFF35B8F2C
:10B2600003F51D7353E8001F21F0100143E800129D
:10B27000002AF7D1BFF35B8F002070478368BFF3CC
:10B280005B8F03F51D7353E8001F21F0080143E8AD
:10B290000012002AF7D1BFF35B8F0020704783684C
:10B2A000BFF35B8F03F51D7353E8001F21F002010C
:10B2B00043E80012002AF7D1BFF35B8F00207047EC
:10B2C0008368BFF35B8F03F51D7353E8001F41F0E4
:10B2D000100143E80012002AF7D1BFF35B8F002072
:10B2E00070478368BFF35B8F03F51D7353E8001F3E
:10B2F00041F0200143E80012002AF7D1BFF35B8F31
:10B30000002070478368BFF35B8F03F51D7353E81C
:10B31000001F41F0020143E80012002AF7D1BFF3F9
:10B320005B8F0020704708B58368D3E900210A606D
:10B3300051600021C3E900111A895B8900681A4431
:10B340000C32FEF72BFE012008BD0023C3607047BE
:10B35000F8B51F460346164653F8044F9C4202D1E7
:10B3600000203880F8BDC568B1B9002DF8D0AC42D6
:10B3700002D10023C360F3E76C68C460002CEFD0F7
:10B38000228904F10C01304601F015F923893B8034
:10B390000022F2540120E5E7002DEED08368AB4295
:10B3A000E7D02C68E9E738B50446051D6368AB4271
:10B3B00004D02046FFF7B7FF0028F7D138BD2DE9AC
:10B3C000F04F02F10C050368C5F10009DB6909F0D3
:10B3D000030985B04D449D4204460191174610D89B
:10B3E0000023C3606AB1466800F1040AB2450BD07D
:10B3F0005EB13389934208D106F10C0001F00BF9DC
:10B4000018B905B0BDE8F08F1E464FF0000823685C
:10B4100019699A68914201BFC3E90288C3E90588A6
:10B42000C3F80480C3F8108020682A4603A9FEF7F9
:10B430002DFD854283461ED920682A4603A9FEF7C2
:10B4400025FD854218D172895A447281AB44039D0F
:10B4500001992F813A46A5F80A9005F10C0001F0F8
:10B46000AAF86268C5E9002A5560206865605946F7
:10B47000FEF72BFDC5E7EAD020680021FEF725FD89
:10B4800063689A45C3D02046FFF74DFFBFE7031D11
:10B49000C0E901330023C360704710B5044628B1EA
:10B4A000F4F7FAFF002380B2984201D8002010BDC3
:10B4B000E25C3F2A03D02A2A01D00133F4E70120BD
:10B4C000F5E710B5044680684FF48072002100F55E
:10B4D000AB7001F098F8A068B0F8502000F1560168
:10B4E00000F5AB7001F067F8A06800F5AB70FFF7EE
:10B4F00019FAA46804F5AB70F4F7CEFF0130A4F894
:10B50000540010BD10B504468068B0F8542000F512
:10B51000AB71563001F04FF8A368B3F85420A3F88C
:10B52000502010BDFEE701460068F9F767B808B57E
:10B53000F9F7D4F8BDE80840F9F7F4B80A46012154
:10B54000FEF7FBBD00210120F9F758B861B662B6DD
:10B5500080F31188BFF36F8F704772B6002383F3B7
:10B560001188BFF36F8FBFF34F8F30BF62B6BFF349
:10B570006F8F704772B6002383F31188BFF36F8F0C
:10B58000BFF34F8F20BF80F31188BFF36F8F62B678
:10B590007047202809D9B0F1004F08D80138B0FA17
:10B5A00080F0C0F11F0040007047082070473E2027
:10B5B000704708B5D1E904319847002008BD08B5A7
:10B5C000F9F73CFE002008BD0B0704D5A0F14103AC
:10B5D000192B98BF203070472DE9F04F85B08A466F
:10B5E00015460293044600283ED000293CD0002B8B
:10B5F00000F00C810A46A046294618F8010BFFF717
:10B60000E3FF0346C0B23F281778064627D013F061
:10B61000C00F0BD1C8B12A2837D029463846FFF7CA
:10B62000D3FF864202F101022DD01DE05B287AD0C3
:10B630005C28F2D1EB07F0D46078FFF7C5FF10F07B
:10B64000FF0618BF04F10208E7E7EC0601D52F2F2B
:10B6500002D0381E18BF012005B0BDE8F08F1FB121
:10B660002F2F03D1A8070DD50120F5E72E2F09D1E3
:10B67000690707D55245F7D0AB0703D512F8013C4F
:10B680002F2BF1D001324446B5E76078FFF79CFFDD
:10B69000C1B22A2918D02E2F09D16F0707D55245DC
:10B6A000E2D0AE0703D512F8013C2F2BDCD079B9DC
:10B6B00015F00200D0D0ED0600F1AA802F2110462F
:10B6C00000F0B9FF0038C5E718F8010F2946DDE79B
:10B6D0002F2908D1AC0706D5104600F0ACFF024672
:10B6E0000028D0D1C0E7029B164603F1FF3925F0B0
:10B6F000040A05F00207B34629469BF80000FFF74D
:10B7000063FF10F0FF0406F10106ADD04B46524630
:10B7100059464046FFF760FF01289DD12F2CEAD102
:10B72000002FE8D098E7002F9ED02F2F01D1A80737
:10B730009AD43846FFF748FF6378212B814601D021
:10B740005E2B1DD10234012314F8010B019329460D
:10B75000FFF73AFFC6B25D2E15D04FF0000B2F2E2B
:10B7600048D05C2E07D1EB0708D414F8010B29460A
:10B77000FFF72AFFC6B2002E3FF476AF234605E05E
:10B7800044460023E0E723464FF0000B21782D29A3
:10B7900037D1607803932946FFF716FF10F0FF00BA
:10B7A000039B18D05D2816D05C2804F102030CD14D
:10B7B00015F0010F09D1E31CA0780393FFF704FFF4
:10B7C00010F0FF003FF450AF039B4E4503DC4845AB
:10B7D000A8BF4FF0010B1C46294614F8010BFFF7D8
:10B7E000F3FEC6B25D2EBAD1019B5B453FF43CAF80
:10B7F000611C03D15B2F7FF437AF44460132A04672
:10B8000041E74E4508BF4FF0010BE4E7032023E773
:10B81000084621E74023FFF7DFBE0369C9B20C22C7
:10B8200001FB0233186C00F00700704770B5C9B215
:10B830000369EFF31185202484F31288BFF36F8F1F
:10B840000C2606FB0134246C14F0C00408D0A2427C
:10B8500006D085F31188BFF36F8F4FF0FF3070BDB6
:10B8600071430B4401221A6485F31188BFF36F8F73
:10B8700043680B445B6898470020F0E78022FFF79D
:10B88000D5BFF8B5069F0469C9B2EFF3118620252C
:10B8900085F31288BFF36F8F0C2569430C44256C28
:10B8A00005F0070CBCF1010F0BD1276486F311885A
:10B8B000BFF36F8FC4E90E2343685B58984700209D
:10B8C000F8BD05F0C005AF4286F31188BFF36F8F56
:10B8D0000CBF6FF077004FF0FF30F1E713B5802415
:10B8E0000094FFF7CEFF02B010BD10B40069CBB2D8
:10B8F0001C2403FB0400002110BC10470020FAF7B1
:10B9000051BE002000F020BA1046FBF791BD4368FD
:10B910005B68D3F810350B600020704743685B68A4
:10B9200002EA010021EA0201C3F80805C3F80C1578
:10B930000020704743685B680020C3F80815704713
:10B9400043685B680020C3F80C15704743685A6869
:10B95000D2F8043521EA03000B40C2F80805C2F80A
:10B960000C350020704710B503695868F8B188425B
:10B9700019D19C6808685860A14200D198600020E5
:10B9800008602AB15A680A609A68596002B99960D9
:10B99000002010E0814206D108682060986881424A
:10B9A000EDD19C60EBE7044600680028F2D1002A44
:10B9B000E8D16FF0150010BD30B543681360057A0B
:10B9C000446804EBC504A34202D36FF0010030BD0C
:10B9D0005C798C4201D00833F0E70020F7E7436838
:10B9E0001B68D3F88004C3F88004704710B544681E
:10B9F0002368C3F84415C3F848250022C3F8202162
:10BA0000D3F82011C3F85821D3F858216268D20620
:10BA100008D5426812680821C2F800154FF4800268
:10BA2000C3F8042301229A6010BD436802691B68B1
:10BA3000D3F8100150B19269002012780A70C3F84F
:10BA40001001D3F8102101221A6070474FF0FF3027
:10BA50007047002A10B5044610DD43681B68D3F810
:10BA6000100150B122690020C3F810019269D3F887
:10BA7000100112780A700120186010BD0020FCE748
:10BA8000436801691A68EFF31183202080F312885C
:10BA9000BFF36F8FC968002088734FF48001C2F82C
:10BAA000041383F31188BFF36F8F70470369DB685A
:10BAB00001229A7370470369DB689A7B02F0FF01E9
:10BAC00062B942681268D2F8580140B1D2F8040352
:10BAD00010F4800003D019610120704700207047E6
:10BAE00043681B68D3F81001003818BF0120704765
:10BAF00043681B681022C3F80423704743681B681F
:10BB00001022C3F80823704743681B684FF4007283
:10BB1000C3F80423704743681B684FF40072C3F8EE
:10BB20000823704738B543681D68D5F804335B02B5
:10BB3000044605D4D5F8040310F0100006D138BD32
:10BB4000FFF7B9FF0028F5D00120F8E72046FFF7FE
:10BB5000C7FF003818BF0120F1E7012070470369D3
:10BB6000D8680160DB685A60704702680346D2F803
:10BB7000580140B95B689B0706D4D2F82001003811
:10BB800018BF0120704701207047F8B50669F368B7
:10BB90009C89BFF35B8F9442A8BF144605461033BF
:10BBA000012253E8000F002803D143E80027002FAB
:10BBB000F7D1BFF35B8F0CBF134600231ED1F36890
:10BBC0002246986800F0F7FCEFF31187202383F3F7
:10BBD0001288BFF36F8F6868FFF7C7FFF36838B943
:10BBE0001861044687F31188BFF36F8F2046F8BDB4
:10BBF000996822462846FFF7F9FEF3E71C46F5E769
:10BC000010B442681368D3F80413C90517D5D3F8E4
:10BC10002011A1B1EFF31181202484F31288BFF326
:10BC20006F8FD3F8204134B10024C3F82041D3F8FA
:10BC300020410124DC6081F31188BFF36F8F5268CB
:10BC4000D20619D5EFF31181202282F31288BFF3B7
:10BC50006F8FD3F8582112B10022C3F80025026972
:10BC6000D2680AB112691AB94FF48002C3F80823E6
:10BC700081F31188BFF36F8F0269D4686CB1D3F878
:10BC8000581161B100212161D468A47B3CB14FF40B
:10BC90008000C3F80803D368997310BC7047D3F8C9
:10BCA000241121B10021C3F82411D3F82431D26822
:10BCB0001368002BF1D0516810BC184710B5002252
:10BCC000044601212820F9F7D7F82820F9F7B8F819
:10BCD0002046BDE81040F9F711BF10B50022044618
:10BCE00001210220F9F7C8F80220F9F7A9F8204647
:10BCF000BDE81040F9F702BF00F150039B009BB272
:10BD000003F1804303F5883300221A601B687047F3
:10BD100008B5FAF7DDF808BDFDF790BA08B5F8F7F1
:10BD200081FBF8F755FCBDE80840FDF787BA0047EE
:10BD300000F08CB8C00000F1804000F5F830C0F889
:10BD40001015C0F814257047FAF7A8BBF7B5019095
:10BD500001A8DDE9084716461D46FAF7ABFC019B32
:10BD6000B6F1000C18BF4FF0010C00EB83000B1E66
:10BD700018BF0123002D43EA4C0314BF4FF00C0CF5
:10BD80004FF0000C002C43EA0C0314BF4FF4E06C9E
:10BD90004FF0000C002F43EA0C03D0F8002714BF2B
:10BDA0004FF4403C4FF0000C43EA0C0322EA03033B
:10BDB00001B109780EB13678760019430DB12D78AE
:10BDC000AD0031430CB12478240229430FB13F78F0
:10BDD0003F040C433C43C0F8004703B0F0BD1FB51F
:10BDE0000DF10F03019300238DF80F1000931A46F5
:10BDF0001946FFF7ABFF05B05DF804FB38B5054603
:10BE000008460C46FAF7A8FCB0B10846FAF798FCC9
:10BE100090B90846FAF788FC2A6801238340C2F8E3
:10BE200008332A6803B202EB8303D3F8102522F00B
:10BE30000302C3F8102538BD20460021BDE8384074
:10BE4000FFF7CDBFFAF70EBDFFF7D8BF08B1F9F77E
:10BE50003FBA7047704740B1C368587810F001008E
:10BE60001EBF1878B0FA80F040097047EFF31183D5
:10BE7000202383F31288BFF36F8FFEE710B5D0E95C
:10BE8000003433B90020E268537843F00103537063
:10BE900010BD204698470028F4D00028B8BF404283
:10BEA000E368FF28A8BFFF201870ECE700F0ABBBE9
:10BEB00000F081BB82684369134313F003030CD184
:10BEC000C3600169994201D800207047C1681160C0
:10BED0004169C26001330A44F3E76FF0150070470F
:10BEE00010B5C0E904320023816083610446FFF786
:10BEF000E1FF0028A8BFC4E9004410BDF8B504461E
:10BF00000D46EFF31186202383F31288BFF36F8F62
:10BF1000C76877B900F015F958B1C0F8B07045613D
:10BF200000F09AF8314604F10800BDE8F840FBF74C
:10BF300045BDE3682B60A369E560013BA36186F31F
:10BF40001188BFF36F8FF8BD08B52024EFF311837C
:10BF500084F31288BFF36F8FFFF7FFFAF6E790F9CB
:10BF60000E308B4201D0FBF7E5BC00207047034642
:10BF70000020C3E90200C3E9003370475AB18A4286
:10BF800009D300F11003C0E90212C0E90000C0E9C2
:10BF90000433002070476FF015007047EFF3058001
:10BFA000003818BF0120704778307047FBF718BD84
:10BFB00010B500238B4202D11360002010BDC45C79
:10BFC000AA2CF9D10133F5E70A46D0E92601FFF79B
:10BFD000EFBFD0E9003213605A600023C0E900339C
:10BFE000704708B5FFF7F5FF437B23F00203437367
:10BFF0000023836008BD38B504460D46FBF770FB8F
:10C00000637B43F002036373E5B1A5602B689D4237
:10C0100009D16B68C4E900531C606C6012E06A6867
:10C020009A42F6D01B68002BF3D094F90E2093F9B6
:10C030000E108A42F3D09142F1DD5A68C4E9003211
:10C0400014605C6038BD90F90E3091F90E008342A7
:10C0500014BFC01A0020704710B5EFF311842023DD
:10C0600083F31288BFF36F8FFBF752FB84F31188C1
:10C07000BFF36F8F10BD10B50446183000F0D8F82C
:10C08000EFF31181202383F31288BFF36F8F627B5C
:10C0900012F0100204D081F31188BFF36F8F10BD2E
:10C0A0002046BDE81040FBF767BB08B5EFF31181F0
:10C0B000202282F31288BFF36F8F83680BB1FFF7E2
:10C0C00090FF81F31188BFF36F8F08BD38B5044628
:10C0D000EFF31185202383F31288BFF36F8F437B27
:10C0E00013F0280F0BD183680BB1FFF77AFF637B46
:10C0F00051B903F0FB0363732046FBF709FB85F39B
:10C100001188BFF36F8F38BD03F0EB03F3E7012114
:10C110001838FFF7DBBF08B50346EFF31181202283
:10C1200082F31288BFF36F8F0068834207D008B193
:10C13000FFF757FF81F31188BFF36F8F08BD002011
:10C14000F8E738B5EFF31185202383F31288BFF3A6
:10C150006F8F0468A0420DD034B12046FFF741FF35
:10C1600004F1180000F064F885F31188BFF36F8FB5
:10C17000204638BD0024F7E710B50146EFF31184DF
:10C18000202383F31288BFF36F8F83680BB1FFF70F
:10C1900028FF84F31188BFF36F8FBDE8104001F1D1
:10C1A000180000F045B8EFF31181202282F31288C5
:10C1B000BFF36F8F027BD2070CD581F31188BFF3D9
:10C1C0006F8F002383F31188BFF36F8F042318460A
:10C1D00002DF7047437B1B0704D581F31188BFF34F
:10C1E0006F8F70470122FBF7C7BA38B5EFF311859F
:10C1F000202383F31288BFF36F8F0468A04213D00B
:10C20000A4B1C4F8B01062612046FFF7EAFE04F161
:10C21000180000F00DF82046FBF77AFA012085F3AC
:10C220001188BFF36F8F38BD0020F8E72046F6E78E
:10C2300010B5EFF31184202282F31288BFF36F8FC1
:10C2400003683BB1FBF7DEFD002084F31188BFF3E8
:10C250006F8F10BD6FF01500F7E708B5FBF7F0FE24
:10C2600008BDFBF7EDBE0023C0E9081200F118027B
:10C27000C0E90622C0E9003303634363704710B589
:10C280000446FFF7D5FFA8B9636A0BB1204698476B
:10C2900004F11800FFF73FFF60B1FFF7DDFEEFF399
:10C2A0001180202383F31288BFF36F8FBDE8104005
:10C2B000FBF7B4BB10BD1423F0B503FB0100002451
:10C2C0004FF48B76202701B9F0BD10F8073C40F8F9
:10C2D0000C4C03F03F03082BA0F1140C0CD826FAE9
:10C2E00003F3DB0708D550F8143C2BB150F8105C71
:10C2F0002B605D6040E9054482F31188BFF36F8FC6
:10C30000EFF3118287F31288BFF36F8F0139604614
:10C31000D9E7F8B50D46D0E900138842044605D1A7
:10C320006368C5E900431D6065601DE0002BF7D020
:10C33000986800B16038A2F160073946FFF783FEC4
:10C340000028EDDC2668B442EAD0002EE8D0B168BF
:10C3500001B160393846FFF776FE002805DD7368C5
:10C36000C5E900631D607560F8BD63689E42D7D063
:10C370003668EAE72DE9F74F00258B46144601930E
:10C3800082462E464FF020082F465D4503DB30469F
:10C3900003B0BDE8F08FEFF3118988F31288BFF383
:10C3A0006F8F9AF80D3003F03F03013B072B0FD836
:10C3B000DFE803F01F040E0A0E0E0E26DAF8103026
:10C3C0009B682BB1022321E0DAF810301B688BBB8D
:10C3D000019B3BBB23782BB39AF80D3003F03F034E
:10C3E000013B072B2FD8DFE803F032272E272E2E14
:10C3F0002E37DAF810309B68002BE9D0012305E0D6
:10C40000DAF810301B6A002BE2D01023DAF80C2087
:10C41000CAF80870C2F386310B4363F39432CAF84A
:10C420000C20277089F31188BFF36F8F01350AF153
:10C43000140AAAE70423E9E7DAF810002246514675
:10C440001030FFF766FFCAF808400136EAE7DAF86D
:10C45000100022465146F4E7DAF810002246514611
:10C460002430EEE72DE9F041846805460E46ECB134
:10C470006378012B25D114F8533C9A0714D5A4F105
:10C4800060073846FFF778FE082E0CBF6FF00303F5
:10C490000023236514F8533CDB0605D154F8483CCF
:10C4A00013B93846FFF7D8FD00232370EB68C3F3B8
:10C4B00086321643002066F39433A860EB60BDE833
:10C4C000F081022BF0D12378002BEDD054F8048CAE
:10C4D000B8F1000FE8D004F11400FFF7A9FEA4F1B1
:10C4E00014070023E3623946404600F051F8DBE7C9
:10C4F00010B55205090201F47C5102F400120A43FE
:10C50000017B00240A43C0E90323846010BD10B5F9
:10C510000346EFF31184202282F31288BFF36F8F5A
:10C520000068834208D0D0E9003213605A600023CB
:10C53000C0E90033FFF796FF84F31188BFF36F8FD4
:10C5400010BD0023C0E900008360704700238360B2
:10C55000704783680B60C3681360704710B400F1C4
:10C560000C04C0E9034410BCFDF7B6B8026801230F
:10C570008B4022EA0303036022FA01F000F001007D
:10C58000704720B100221146C030FFF72EBE704721
:10C5900013B501900846EFF31184202383F312882A
:10C5A000BFF36F8F01A9FBF761FF84F31188BFF31D
:10C5B0006F8F02B010BD0A44914200F1FF3300D1E9
:10C5C000704710B511F8014B03F8014F9142F9D1B2
:10C5D00010BD884210B501EB020402D98442234603
:10C5E00007D8431EA14208D011F8012B03F8012FF0
:10C5F000F8E7024401468A4200D110BD13F8014D0C
:10C6000002F8014DF7E702440346934200D1704718
:10C6100003F8011BF9E710B501390244904201D13A
:10C62000002005E0037811F8014FA34201D0181B48
:10C6300010BD0130F2E7C9B20346184613F8012BCA
:10C6400012B18A42F9D17047002918BF0020704703
:10C6500010B56AB10139841810F8012B11F8013FA7
:10C660009A4203D1A04201D0002AF5D1D01A10BDC0
:10C670001046FCE710B50139044632B111F8013F0C
:10C6800000F8013B013A002BF7D10021FFF7BBFF77
:10C69000204610BD10B5024601448A42134603D01D
:10C6A0001C780132002CF8D1181A10BD0A7870B528
:10C6B0006AB970BD9A4209D10C46054614F8013F8B
:10C6C000002BF6D015F8016F9E42F7D001300378A9
:10C6D000002BEFD11846ECE7F0B5C3F1370704465D
:10C6E000FFB203F01F031046082BE6B233D0102B25
:10C6F0003ED06508A40844EA817445EAC1752D1945
:10C700004FEA910242EB5102290941EA02716D1888
:10C7100042EB1212290A41EA02616D1842EB122221
:10C72000290C41EA02416D1842EB1242AD1842F168
:10C730000002EC0844EA4274D10804EB8402A6EB40
:10C740004205EDB2092D0CD90134A5F10A0541F1DC
:10C750000001EDB212E0E40844EA417406F0070576
:10C76000C908303554EA010200F8015BBCD1F0BDC4
:10C77000240944EA017406F00F050909092D84BF54
:10C78000ED19EDB2EDE710B50C4600F03CF80028CD
:10C79000A2BF23680133236010BDBDF8001068B14B
:10C7A00011F0100F01D00270704711F0080F02D085
:10C7B000C0E9002370474B0701D5026070478B0624
:10C7C000FBD50280704710B5144600F04EF80028E3
:10C7D000A2BF236803F1FF33236010BD70B5054687
:10C7E0000E4631462846FFF7CEFF041E09DB202CFB
:10C7F000F7D0A4F10903042BF3D932462946FFF7F9
:10C80000E2FF204670BD10B58378DB07044617D5DC
:10C810004FF00002D4E85F3FC4E8512F0029F9D15E
:10C820009BB213B1581EC0B20CE0A3689847002811
:10C83000F9DAA378013014BF082204221343A3704D
:10C840004FF0FF3010BD02690346107810B101327D
:10C850001A6170476FF001007047D1E904329342CA
:10C860001EBF5A1C0A61187070478B78DA0702D411
:10C870004FF0FF307047431CFAD0BFF35B8FC0B25C
:10C88000431CD1E85F2F002A04D1C1E85C3FBCF112
:10C89000000FF6D1BFF35B8FEAD18B7823F008034A
:10C8A0008B707047014800687047000054240020D6
:08C8B0002439FF7F01000000A4
:10C8B800C1520000000000008D53000038C900007C
:10C8C8004972000000000000D18200000000000052
:10C8D8004D57000060C900004D5700004CC90000CA
:10C8E80019BD000000000000DBBC000088C9000082
:10C8F800BDBC000074C90000FD5500000000000028
:10C9080045600000000000006D16000000000000F7
:10C918009D520000000000001DBD00000000000046
:10C92800F5820000000000008D2A000000000000D1
:10C938004AF100006CD2000084D20000F801002007
:10C948007C24002073F10000A0D20000D0D20000A7
:10C95800FA010020D024002081F10000B8D20000A4
:10C96800D0D20000FC010020DC240020B6F1000039
:10C97800F4D200004CD30000FE01002098000020F3
:10C98800C4F1000020D300004CD3000000020020B6
:04C99800CC000020AF
:10C99C004D6600002FBD00000000000045B50000F2
:10C9AC0088C9000001BC00000000000045B5000073
:10C9BC000000000045B500000000000045B5000077
:10C9CC00D96C00002FBD00000000000045B5000030
:10C9DC000000000045B500000000000045B5000057
:10C9EC000000000045B500000000000045B5000047
:10C9FC000000000045B500000000000045B5000037
:10CA0C000000000045B500000000000045B5000026
:10CA1C000000000045B5000000000000D5600000DB
:10CA2C000000000045B500000000000045B5000006
:10CA3C000000000045B500000000000045B50000F6
:10CA4C000000000045B500000000000045B50000E6
:10CA5C000000000045B500000000000045B50000D6
:10CA6C000000000045B500000000000045B50000C6
:10CA7C000000000045B500000000000045B50000B6
:10CA8C000000000045B500000000000045B50000A6
:10CA9C000000000045B500000000000045B5000096
:10CAAC000000000045B500000000000045B5000086
:10CABC000000000045B500000000000045B5000076
:10CACC000000000045B500000000000045B5000066
:10CADC0074C9000001BC00000000000045B5000056
:10CAEC000000000045B500000000000045B5000046
:10CAFC000000000045B500000000000045B5000036
:10CB0C000000000045B500000000000045B5000025
:04CB1C00FFFFFFFF19
:10CB2000F802002080270020000200000909000010
:10CB300000000000000000000000000007000000EE
:10CB400000000000DDDA000000000000000000002E
:10CB5000A0DB00000300000065F1000003000000FE
:10CB6000F6DA000003000000B9DB0000030000005B
:10CB7000BDDB000003000000EAF00000030000003D
:10CB8000DAF20000030000003BE3000003000000B5
:10CB9000EBDA00000300000041E3000003000000A6
:10CBA00046F1000003000000D2F100000300000085
:10CBB00024CF0000081C00204CE30000000000000F
:10CBC0005FE3000060000020101C00203000002007
:10CBD00002000000A8CE0000B01B0020BCCE000068
:10CBE0006402002041E30000A8140020802C0020F3
:10CBF00090CF000010CE000050CE000010CF0000FB
:10CC000068CF000058CD0000A4CF000054CF000032
:0CCC100040CF00007CCF000088CC00006A
:10CC1C000000000000000000000000000000000008
:04CC2C000000000004
:10CC300024F30000000100001B5B4A00001B5B485E
:10CC400000001B5B324A00001B5B4A00001B5B6D4F
:10CC500000001B3700001B3800001B5B3F336C00DB
:10CC6000001B5B4800001B5B324A00001B370000C2
:10CC70001B38000000000000000000000000000061
:10CC80000338FDD870470000F1DA0000E8D9000051
:10CC90009CCC00000000000000000000A0CC0000C0
:10CCA0000ADA00000FDA0000000000001D06000094
:10CCB000000000003FDA000044DA0000000000003D
:10CCC000990500000000000062EB000070DA00002F
:10CCD000000000003106000003000000A1DA00009F
:10CCE000A6DA0000000000000107000003010000B8
:10CCF0000000000000000000000000000000000034
:10CD00000000000060C900000F00110060C90000B1
:10CD10000D00110060C9000011001100680400201E
:10CD2000000400003DA00000DF9F000002000000A2
:10CD3000000000006EDC000076DC00000000000057
:10CD400000000000000000007EDC000082DC00002B
:10CD500086DC00008ADC000028DF00002FDF0000F6
:10CD60006CCD0000000000000000000070CD00004D
:10CD70003FDF000046DF0000000000000D2400003F
:10CD80000000000055DF00005CDF00000000000034
:10CD90009D2300000000000076DF00007EDF000021
:10CDA00000000000952200000000000093DF00005A
:10CDB0009ADF000000000000A9040000010100004B
:10CDC000D7DF0000DFDF0000000000007D22000050
:10CDD00000000000EFDF0000F5DF000000000000B1
:10CDE000A924000002000000F8DF000002E00000BB
:10CDF00000000000292400000300000000000000E3
:10CE00000000000000000000000000000000000022
:10CE100044E000004BE0000024CE000000000000D1
:10CE20000000000028CE00005BE0000060E0000091
:10CE3000000000006125000000000000000000006C
:10CE400000000000000000000000000000000000E2
:10CE5000DAE10000E1E1000064CE0000ED25000011
:10CE60000000000068CE00009DE20000A2E2000089
:10CE700000000000B926000005020000DAE2000010
:10CE8000DFE2000000000000B52900000201000000
:10CE90000000000000000000000000000000000092
:10CEA000000000003A000000172700201E000000CC
:10CEB000C1AC0000C0CB000028000020B0CB0000B7
:10CEC000E8CE0000F41B002064000000D4CE000077
:10CED000B41B00206015002080000000000000004E
:10CEE00053A2000002000000BBAF0000FC1B0020AA
:10CEF000172700201E000000C52A0000A1A2000084
:10CF00007DA20000C1A200008FA20000000000006E
:10CF100076E6000038E600000000000065380000FA
:10CF20000100000071AE000039AE00000FB000003B
:10CF300000000000000000000000000000000000F1
:10CF400033E700003AE7000000000000D540000091
:10CF50000100000064E700006BE70000B8CF0000AC
:10CF60007D4100000101000010E8000018E8000009
:10CF700000000000914000000100000029E80000CE
:10CF80002FE80000E4CF00000000000000000000D7
:10CF900055E800005BE80000000000004941000087
:10CFA0000100000069E800006DE8000000000000DA
:10CFB000E5B1000000000000BCCF000090E80000D8
:10CFC00098E8000000000000E93F000001000000B8
:10CFD0000000000000000000000000000000000051
:10CFE00000000000E8CF0000DCE80000E5E80000F9
:10CFF000000000002D4000000100000002E90000D8
:10D0000011E9000088D000000000000000000000CE
:10D01000C1E90000C8E90000C8D10000000000001C
:10D0200000000000DFE90000E5E9000088D1000011
:10D030000000000000000000FCE9000003EA00001E
:10D0400048D10000000000000000000012EA0000CB
:10D0500017EA000008D10000F140000001010000C3
:10D060002AEA000030EA0000C8D0000000000000FA
:10D0700000000000000000000000000000000000B0
:10D0800000000000000000008CD0000042EA000018
:10D090004CEA0000000000007DB20000010000002A
:10D0A00084EA00008BEA00000000000039B20000B2
:10D0B000010000000000000000000000000000006F
:10D0C0000000000000000000CCD00000C2EA000018
:10D0D000C8EA000000000000E9B100000100000003
:10D0E000F6EA0000FBEA0000000000001540000026
:10D0F000010000000000000000000000000000002F
:10D1000000000000000000000CD10000E2D500008B
:10D1100027EB0000000000009FB2000001000000AB
:10D12000DCDF000066EB00000000000005B300003B
:10D1300001000000000000000000000000000000EE
:10D1400000000000000000004CD10000E2D500000B
:10D1500079EB0000000000008140000001000000A9
:10D16000DCDF000089EB0000000000000BB20000D3
:10D1700001000000000000000000000000000000AE
:10D1800000000000000000008CD10000E2D500008B
:10D1900098EB00000000000017B200000100000042
:10D1A000DCDF0000B0EB000000000000E3B2000094
:10D1B000010000000000000000000000000000006E
:10D1C0000000000000000000CCD10000E2D500000B
:10D1D000C7EB0000000000005BB20000010000008F
:10D1E000DCDF0000DFEB000000000000C1B2000047
:10D1F000010000000000000000000000000000002E
:10D2000000000000000000000000000025B5000044
:10D210008000002078000020700000200000000046
:10D22000680000203D4500003144000085440000B6
:10D23000E5440000000000200000000000000B0694
:10D240000200000048D200000000000037F100009A
:10D2500026000207000000203FF1000022000B1111
:10D2600015530000E5520000000000006D5400005E
:10D270005953000059F10000FDB8000003B9000047
:10D280005FF10000E55300007DB80000DDB800004C
:10D29000000000001BB800000000000000000000BB
:10D2A000FFFF000000030050FFFFFFFF0100000030
:10D2B0000060004000000000FFFFFFFF0000005082
:10D2C00000000000000000000060004000000000BE
:10D2D000E15700000FB900001DB9000035B900008A
:10D2E00041B900004DB900004D56000067B900007B
:10D2F000000000000080024002000000000000006A
:10D3000004D300000080024010D3000001000000A0
:10D3100018D30000020000001C00000003000200FF
:10D3200000200040020000000000000030D3000098
:10D33000002000403CD300000100000044D3000066
:10D340000200000017000000190602002BBA0000BE
:10D350004D5D0000DFB900008BBB000053BA000038
:10D3600081BA0000ADBA0000B7BA0000F1BA0000FF
:10D37000FDBA0000B7BA0000E1BA000009BB000026
:10D3800017BB000025BB00005BBB00005FBB0000BB
:10D3900086F2000094F20000A8F20000B7F200004C
:10D3A000C3F20000B8C80000B8C8000008C90000F7
:10D3B00010C9000038C9000038C90000DFF20000C1
:10D3C0000500000009F3000007000000E5F200007E
:10D3D00008000000EEF2000004000000F3F200007C
:10D3E00009000000FDF200000800000006F3000044
:10D3F0000A00000011F3000006000000FF8FFFFF8D
:10D40000FF8FFFFFFE8FFFFFFE8FFFFFFD8FFFFFF0
:10D41000FC8FFFFFFC8FFFFF6D757465785F667290
:10D4200065652063616C6C65642077697468204E63
:10D43000554C4C20706172616D657465720000001E
:10D4400043616E277420696E697469616C697A65DD
:10D45000206D757465782C20776173204E554C4C87
:10D460000D0A0000436F756C64206E6F74206C6F42
:10D47000636B20706F7765722073617665206D75C0
:10D4800074657800426F6172643A20202020202069
:10D49000416C706861204230206E5246353238341B
:10D4A000300A005265766973696F6E3A2020205207
:10D4B000455620312E320A005541525430205458DE
:10D4C0003A20202050302E32330A00554152543039
:10D4D0002052583A20202050302E32350A00426126
:10D4E00075643A2020202020202031313532303020
:10D4F0000A004C4544205265643A202020205030D8
:10D500002E313720286163746976652D6C6F772919
:10D510000A004C454420477265656E3A2020503021
:10D520002E313320286163746976652D6C6F7729FD
:10D530000A004C454420426C75653A20202050304A
:10D540002E313520286163746976652D6C6F7729DB
:10D550000A004275696C6420646174653A2046650E
:10D560006220203820323032362032303A35383A94
:10D5700032360A00706F6E670A0055736167653A4C
:10D580002074657374206C6564203C7265647C67EC
:10D590007265656E7C626C75653E203C6F6E7C6F5B
:10D5A00066663E0A0072656400677265656E0062B9
:10D5B0006C756500556E6B6E6F776E204C45442020
:10D5C000636F6C6F723A2025732028757365207223
:10D5D00065642C20677265656E2C20626C75652908
:10D5E0000A006F666600556E6B6E6F776E207374FF
:10D5F0006174653A2025732028757365206F6E2C41
:10D60000206F6666290A004661696C656420746F44
:10D6100020736574204C45443A2025640A004C452B
:10D62000442025732025730A0048494748004C4F81
:10D63000570055736167653A20746573742067708D
:10D64000696F203C706F72742E70696E3E203C6969
:10D650006E7C6F75743E205B686967687C6C6F7761
:10D660005D0A0020204578616D706C653A20746514
:10D670007374206770696F20302E3137206F757496
:10D6800020686967680A0020204578616D706C65C4
:10D690003A2074657374206770696F20302E3235BC
:10D6A00020696E0A0025752E257500496E76616C1D
:10D6B00069642070696E20666F726D61743A20250E
:10D6C00073202875736520706F72742E70696E2CCC
:10D6D00020652E672E20302E3137290A00496E76BC
:10D6E000616C696420706F72743A2025752028750A
:10D6F00073652030206F722031290A00496E7661EF
:10D700006C69642070696E3A2025752028757365F0
:10D7100020302D3331290A004750494F20706F7255
:10D720007420257520646576696365206E6F7420AA
:10D7300072656164790A004661696C656420746F82
:10D7400020636F6E666967757265205025752E259A
:10D7500030327520617320696E7075743A202564CB
:10D760000A004661696C656420746F2072656164AB
:10D77000205025752E253032753A2025640A005038
:10D7800025752E25303275203D2025640A006F75E1
:10D7900074006869676800556E6B6E6F776E206CF9
:10D7A0006576656C3A202573202875736520686955
:10D7B00067682C206C6F77290A004661696C656484
:10D7C00020746F20636F6E666967757265205025DF
:10D7D000752E25303275206173206F7574707574E5
:10D7E0003A2025640A004661696C656420746F20E4
:10D7F000736574205025752E253032753A202564C6
:10D800000A005025752E25303275202D3E202573B7
:10D810000A00556E6B6E6F776E2064697265637473
:10D82000696F6E3A202573202875736520696E2C08
:10D83000206F7574290A00526564204C45442047C6
:10D8400050494F20646576696365206E6F7420725D
:10D850006561647900477265656E204C45442047D8
:10D8600050494F20646576696365206E6F7420723D
:10D870006561647900426C7565204C4544204750D1
:10D88000494F20646576696365206E6F7420726508
:10D89000616479004661696C656420746F20636F10
:10D8A0006E66696775726520726564204C45443AFE
:10D8B000202564004661696C656420746F20636F85
:10D8C0006E66696775726520677265656E204C4586
:10D8D000443A202564004661696C656420746F20B9
:10D8E000636F6E66696775726520626C7565204C42
:10D8F00045443A202564003D3D3D20416C706861FF
:10D90000204230206E52463532383430205368651C
:10D910006C6C2054657374204669726D7761726512
:10D92000203D3D3D00426F6172643A20202020413D
:10D930006C706861204230202852455620312E32CA
:10D94000290055415254303A2020202054583D504F
:10D95000302E3233202052583D50302E3235202088
:10D9600040203131353230302062617564004C45E1
:10D9700044733A20202020205265643D50302E31DF
:10D98000372020477265656E3D50302E31332020A0
:10D99000426C75653D50302E3135004275696C64BE
:10D9A0003A2020202046656220203820323032364E
:10D9B0002032303A35383A3236005368656C6C2084
:10D9C00072656164792E20547970652027746573BF
:10D9D000742070696E672720746F2076657269669F
:10D9E0007920554152542E005465737420636F6D35
:10D9F0006D616E647320666F72204D5449422076CB
:10DA0000616C69646174696F6E0070696E67005261
:10DA10006573706F6E64207769746820706F6E67CD
:10DA200020284D544942205541525420636F6E6E58
:10DA30006563746976697479207465737429006903
:10DA40006E666F005072696E7420626F617264203E
:10DA5000696E666F2C20554152542070696E732C8C
:10DA600020616E64206275696C6420646174650075
:10DA7000436F6E74726F6C204C4544733A2074652A
:10DA80007374206C6564203C7265647C67726565A4
:10DA90006E7C626C75653E203C6F6E7C6F66663E88
:10DAA000006770696F004750494F20636F6E747252
:10DAB0006F6C3A2074657374206770696F203C70D6
:10DAC0006F72742E70696E3E203C696E7C6F757447
:10DAD0003E205B686967687C6C6F775D0068656194
:10DAE0007274626561745F746964007368656C6CFC
:10DAF0005F74657374006765746F70740028756E69
:10DB00007369676E6564292063686172202A2075D5
:10DB100073656420666F72202525702061726775B9
:10DB20006D656E742E2049742773207265636F6D66
:10DB30006D656E64656420746F2063617374206921
:10DB40007420746F20766F6964202A206265636197
:10DB5000757365206974206D6179206361757365E3
:10DB6000206D69736265686176696F7220696E20E5
:10DB70006365727461696E20636F6E666967757242
:10DB80006174696F6E732E20537472696E673A22E6
:10DB900025732220617267756D656E743A25640085
:10DBA00063627072696E74665F7061636B616765F2
:10DBB000006C6F6767696E67006C6F67006C6F67FA
:10DBC0005F6D676D74004D65737361676520282212
:10DBD000257322292064726F70706564206265630A
:10DBE0006175736520697420657863656564732069
:10DBF00073697A65206C696D69746174696F6E20F0
:10DC000028257529000D0A001B5B306D0025732047
:10DC1000005B2530386C755D20005B253032753A2D
:10DC2000253032753A253032752E253033752C2546
:10DC30003033755D200025732F003C25733E200096
:10DC400025733A2000253032782000202020007CE7
:10DC500000206D657373616765732064726F707007
:10DC60006564202D2D2D0D0A002D2D2D20001B5B10
:10DC7000313B33316D001B5B313B33336D006572DB
:10DC8000720077726E00696E660064626700332E00
:10DC9000362E3939005A657068797220766572734C
:10DCA000696F6E2025730A00557074696D653A209E
:10DCB000256C6C75206D730A002D70002D2D70720F
:10DCC000657474790055737570706F727465642033
:10DCD0006F7074696F6E3A2025730A0075707469ED
:10DCE0006D653A20256C6C7520646179732C202554
:10DCF0006C6C7520686F7572732C20256C6C7520A8
:10DD00006D696E757465732C20256C6C7520736558
:10DD1000636F6E64732C20256C6C75206D696C6C60
:10DD2000697365636F6E64730A0053636865647535
:10DD30006C65723A2025752073696E6365206C618D
:10DD400073742063616C6C0A00546872656164735B
:10DD50003A0A004E41002573257020252D3130737D
:10DD60000A00096F7074696F6E733A2030782578F5
:10DD70002C207072696F726974793A20256420745E
:10DD8000696D656F75743A20256C6C640A000973BF
:10DD9000746174653A2025732C20656E7472793A2B
:10DDA0002025700A00556E61626C6520746F2064D6
:10DDB000657465726D696E6520756E757365642036
:10DDC000737461636B2073697A6520282564290A5E
:10DDD0000A0009737461636B2073697A6520257A80
:10DDE000752C20756E7573656420257A752C2075E9
:10DDF0007361676520257A75202F20257A75202884
:10DE00002575202525290A0A002570204952512010
:10DE100025303264202573287265616C2073697A1D
:10DE2000652025347A75293A09756E757365642005
:10DE300025347A750975736167652025347A7520F4
:10DE40002F2025347A75202825327A75202525291A
:10DE50000A006379636C65733A2025752068772022
:10DE60006379636C65730A00556E61626C6520743A
:10DE70006F207061727365206C6F672073657665C3
:10DE8000726974792028657272202564290A004914
:10DE90006E76616C6964206C6F67206C6576656C6A
:10DEA0003A2025640A00556E61626C6520746F200B
:10DEB00066696E64206C6F6720736F757263653A74
:10DEC0002025730A00556E61626C6520746F2070A6
:10DED0006172736520696E70757420286572722096
:10DEE0002564290A00257020252D333273202872DD
:10DEF00065616C2073697A652025347A75293A0941
:10DF0000756E757365642025347A7509757361675C
:10DF1000652025347A75202F2025347A7520282510
:10DF20003275202525290A006B65726E656C004BE1
:10DF300065726E656C20636F6D6D616E64730063F6
:10DF400079636C6573004B65726E656C20637963F1
:10DF50006C65732E00737461636B73004C6973742A
:10DF6000207468726561647320737461636B2075DB
:10DF7000736167652E0074687265616473004C6933
:10DF80007374206B65726E656C2074687265616471
:10DF9000732E00757074696D65004B65726E656CEB
:10DFA00020757074696D652E2043616E2062652056
:10DFB00063616C6C6564207769746820746865209F
:10DFC0002D70206F72202D2D707265747479206F02
:10DFD0007074696F6E730076657273696F6E004B53
:10DFE00065726E656C2076657273696F6E2E007354
:10DFF0006C656570006D73006C6F672D6C65766580
:10E000006C003C6D6F64756C65206E616D653E20C3
:10E010003C73657665726974792028302D34293E09
:10E020000052454144590044495341424C45440043
:10E03000646576696365733A0A005B25705D002D3F
:10E0400020257300646576696365004465766963BD
:10E050006520636F6D6D616E6473006C697374002D
:10E060004C69737420636F6E6669677572656420AE
:10E0700064657669636573005573696E67206461D2
:10E0800074612077696474682025640A00496E63AE
:10E090006F7272656374206461746120776964745F
:10E0A000680A00526561642076616C75652030787D
:10E0B00025780A0057726974696E672076616C75FD
:10E0C0006520307825780A00696E76616C69642075
:10E0D0006164647220272573270A00696E76616C7B
:10E0E00069642073697A6520272573270A00696EA1
:10E0F00076616C69642077696474682027257327CA
:10E100000A00613A733A773A00272D61203C616436
:10E1100064726573733E27206973206D616E64615C
:10E12000746F72790A00272D73203C73697A653EFB
:10E1300027206973206D616E6461746F72790A00C3
:10E140006465766D656D206C6F61642073757070A9
:10E150006F7274732073657474696E67206279706E
:10E16000617373206F6E20612073696E676C652028
:10E17000696E7374616E63652E0A004C6F61646929
:10E180006E672E2E2E0A7072657373206374726C24
:10E190002D78206374726C2D7120746F2065736309
:10E1A0006170650A004E756D626572206F6620624F
:10E1B0007974657320726561643A2025640A002DC4
:10E1C0002D002D6500556E6B6E6F776E206F70742D
:10E1D000696F6E20222573220A006465766D656D75
:10E1E00000526561642F7772697465207068797375
:10E1F0006963616C206D656D6F72790A5573616733
:10E20000653A0A52656164206D656D6F72792061AF
:10E210007420616464726573732077697468206F19
:10E220007074696F6E616C2077696474683A0A640F
:10E2300065766D656D2061646472657373205B77CC
:10E24000696474685D0A5772697465206D656D6FE5
:10E2500072792061742061646472657373207769D8
:10E260007468206D616E6461746F7279207769647F
:10E27000746820616E642076616C75653A0A646525
:10E28000766D656D2061646472657373203C776997
:10E290006474683E203C76616C75653E0064756D03
:10E2A000700055736167653A0A6465766D656D2027
:10E2B00064756D70202D61203C61646472657373B8
:10E2C0003E202D73203C73697A653E205B2D7720BC
:10E2D0003C77696474683E5D0A006C6F6164005548
:10E2E000736167653A0A6465766D656D206C6F6170
:10E2F00064205B6F7074696F6E735D205B61646432
:10E30000726573735D0A4F7074696F6E733A0A2D8C
:10E3100065096C6974746C652D656E6469616E2045
:10E3200070617273650052582072696E6720627561
:10E33000666665722066756C6C2E007368656C6C21
:10E340002E7368656C6C5F75617274007368656CC0
:10E350006C5F756172745F6261636B656E64006EA1
:10E36000726635323834303E2000537562636F6D0B
:10E370006D616E64733A0A006E6F74207465726D1D
:10E38000696E617465643A2025630A00506C6561AA
:10E3900073652073706563696679206120737562A7
:10E3A000636F6D6D616E642E0A004572726F723A12
:10E3B00020726571756573746564206D756C746920
:10E3C000706C652066756E6374696F6E2065786524
:10E3D000637574696F6E730A003A20636F6D6D61C7
:10E3E0006E64206E6F7420666F756E6400546F6F7C
:10E3F000206D616E7920617267756D656E74732032
:10E40000696E2074686520636F6D6D616E642E0A9D
:10E410000025733A2077726F6E6720706172616DAC
:10E420006574657220636F756E740A005741524EB1
:10E43000494E473A2041207072696E7420726571AE
:10E4400075657374207761732064657465637465A2
:10E4500064206F6E206E6F7420616374697665202E
:10E460007368656C6C206261636B656E642E0A0074
:10E470000A25732573005368656C6C207468726597
:10E480006164206572726F723A20256400506C6579
:10E4900061736520707265737320746865203C54E5
:10E4A00061623E20627574746F6E20746F207365B4
:10E4B0006520616C6C20617661696C61626C6520BD
:10E4C000636F6D6D616E64732E0A00596F75206302
:10E4D000616E20616C736F207573652074686520B0
:10E4E0003C5461623E20627574746F6E20746F20BC
:10E4F00070726F6D7074206F72206175746F2D6310
:10E500006F6D706C65746520616C6C20636F6D6DF0
:10E51000616E6473206F7220697473207375626317
:10E520006F6D6D616E64732E0A00596F75206361A3
:10E530006E2074727920746F2063616C6C20636F3D
:10E540006D6D616E64732077697468203C2D683E40
:10E55000206F72203C2D2D68656C703E20706172BA
:10E56000616D6574657220666F72206D6F726520D3
:10E57000696E666F726D6174696F6E2E0A000A5360
:10E5800068656C6C20737570706F72747320666F41
:10E590006C6C6F77696E67206D6574612D6B657942
:10E5A000733A0A20204374726C202B202861206B60
:10E5B00065792066726F6D3A206162636465666B8F
:10E5C0006C6E707577290A2020416C7420202B20F6
:10E5D0002861206B65792066726F6D3A206266292A
:10E5E0000A506C6561736520726566657220746F90
:10E5F000207368656C6C20646F63756D656E746103
:10E6000074696F6E20666F72206D6F72652064652D
:10E610007461696C732E0A000A417661696C6162EB
:10E620006C6520636F6D6D616E64733A0A0025300E
:10E6300038583A20007C0A005072696E7473207456
:10E6400068652068656C70206D6573736167652E01
:10E65000001B5B25642563001B5B313B3325646D28
:10E66000001B5B34303325646D002573252D2A7320
:10E67000002D68002D2D68656C7000202D20002075
:10E6800020004C6F7374206C6F67733A20256C7593
:10E690000A00416374697665207368656C6C20625A
:10E6A00061636B656E64733A0A0020202532642E24
:10E6B000203A257320282573290A005B2533645DE1
:10E6C0002025730A0025733A257325730A002075E7
:10E6D0006E6B6E6F776E20706172616D65746572BE
:10E6E0003A20004563686F207374617475733A2033
:10E6F00025730A004E6F20726573706F6E7365200C
:10E7000066726F6D20746865207465726D696E61E4
:10E710006C2C20617373756D6564203830783234E9
:10E720002073637265656E2073697A650A001B5BEE
:10E73000366E0072657476616C005072696E74207A
:10E7400072657475726E2076616C7565206F6620D7
:10E750006D6F737420726563656E7420636F6D6D89
:10E76000616E6400726573697A6500436F6E736FE2
:10E770006C652067657473207465726D696E616C79
:10E780002073637265656E2073697A65206F7220ED
:10E79000617373756D65732064656661756C742053
:10E7A000696E2063617365207468652072656164B9
:10E7B0006F7574206661696C732E204974206D75C5
:10E7C0007374206265206578656375746564206183
:10E7D000667465722065616368207465726D696E28
:10E7E000616C207769647468206368616E67652076
:10E7F000746F20656E7375726520636F72726563E6
:10E8000074207465787420646973706C61792E006B
:10E81000686973746F727900436F6D6D616E642007
:10E82000686973746F72792E007368656C6C00553B
:10E83000736566756C2C206E6F7420556E69782D2B
:10E840006C696B65207368656C6C20636F6D6D61BE
:10E850006E64732E00636C65617200436C65617257
:10E860002073637265656E2E0072656D0049676E78
:10E870006F7265206C696E657320626567696E6E84
:10E88000696E672077697468202772656D2027009C
:10E8900064656661756C7400417373756D652038CD
:10E8A000302063686172732073637265656E2077D0
:10E8B0006964746820616E642073656E6420746896
:10E8C00069732073657474696E6720746F2074684F
:10E8D00065207465726D696E616C2E006261636B98
:10E8E000656E6473004C6973742061637469766546
:10E8F000207368656C6C206261636B656E64732E57
:10E900000A006261636B73706163655F6D6F64655C
:10E9100000546F67676C65206261636B737061633D
:10E9200065206B6579206D6F64652E0A536F6D6588
:10E93000207465726D696E616C7320617265206E02
:10E940006F742073656E64696E67207365706172A1
:10E950006174652065736361706520636F64652011
:10E96000666F72206261636B737061636520616EB4
:10E97000642064656C65746520627574746F6E2EB6
:10E98000205468697320636F6D6D616E6420666FDB
:10E9900072636573207368656C6C20746F20696E98
:10E9A000746572707265742064656C657465206B43
:10E9B0006579206173206261636B73706163652E9A
:10E9C00000636F6C6F727300546F67676C652063D0
:10E9D0006F6C6F7265642073796E7461782E007647
:10E9E0007431303000546F67676C65207674313055
:10E9F0003020636F6D6D616E64732E0070726F6D89
:10EA0000707400546F67676C652070726F6D7074FE
:10EA10002E006563686F00546F67676C65207368CC
:10EA2000656C6C206563686F2E007374617473008D
:10EA30005368656C6C207374617469737469637373
:10EA40002E006261636B73706163650053657420AF
:10EA5000646966666572656E74206573636170656E
:10EA600020636F646520666F72206261636B7370F0
:10EA700061636520616E642064656C657465206BFC
:10EA800065792E0064656C65746500536574207447
:10EA900068652073616D65206573636170652063CF
:10EAA0006F646520666F72206261636B737061636F
:10EAB0006520616E642064656C657465206B6579A2
:10EAC0002E007265736574005265736574207368F7
:10EAD000656C6C2073746174697374696373206608
:10EAE0006F7220746865204C6F67676572206D6F68
:10EAF00064756C652E0073686F77004765742073CA
:10EB000068656C6C207374617469737469637320D5
:10EB1000666F7220746865204C6F67676572206D40
:10EB20006F64756C652E0044697361626C65207357
:10EB300068656C6C206563686F2E20456469746934
:10EB40006E67206B65797320616E64206D657461FA
:10EB50002D6B65797320617265206E6F742068611A
:10EB60006E646C656400456E61626C6520736865F7
:10EB70006C6C206563686F2E0044697361626C651C
:10EB80002070726F6D70742E00456E61626C65202E
:10EB900070726F6D70742E0044697361626C6520D1
:10EBA000767431303020636F6D6D616E64732E004A
:10EBB000456E61626C6520767431303020636F6D14
:10EBC0006D616E64732E0044697361626C652063CD
:10EBD0006F6C6F7265642073796E7461782E004576
:10EBE0006E61626C6520636F6C6F7265642073790F
:10EBF0006E7461782E00436F6D6D616E6420627576
:10EC00006666657220697320746F6F2073686F7217
:10EC10007420746F20657870616E6420616C6C2064
:10EC2000636F6D6D616E6473206D61746368696E8E
:10EC3000672077696C6463617264207061747465C5
:10EC4000726E3A2025730A002A2A2A20426F6F74B6
:10EC5000696E67206E524620436F6E6E6563742046
:10EC600053444B2076322E372E302D3563623835A3
:10EC700035373063613433202A2A2A0A002A2A2AA7
:10EC8000205573696E67205A6570687972204F53FA
:10EC90002076332E362E39392D3130306265666359
:10ECA0003730633734202A2A2A0A006D7574657854
:10ECB0005F696E69742063616C6C65642077697448
:10ECC00068204E554C4C20706172616D65746572A0
:10ECD00000436F756C64206E6F7420616C6C6F63A1
:10ECE000617465206D75746578206265666F726504
:10ECF00020696E697469616C697A696E6700723047
:10ED00002F61313A20203078253038782020723138
:10ED10002F61323A20203078253038782020723226
:10ED20002F61333A20203078253038780072332F25
:10ED300061343A2020307825303878207231322FF3
:10ED400069703A2020307825303878207231342F9D
:10ED50006C723A2020307825303878002078707333
:10ED6000723A2020307825303878004661756C740E
:10ED7000696E6720696E737472756374696F6E2053
:10ED80006164647265737320287231352F70632952
:10ED90003A2030782530387800556E68616E646CA2
:10EDA0006564204952516E3A202564002A2A2A2A95
:10EDB0002A204D5055204641554C54202A2A2A2AB3
:10EDC0002A002020537461636B696E67206572723C
:10EDD0006F722028636F6E7465787420617265614C
:10EDE000206D69676874206265206E6F742076619B
:10EDF0006C696429002020556E737461636B696EC1
:10EE000067206572726F7200202044617461204136
:10EE100063636573732056696F6C6174696F6E000C
:10EE200020204D4D46415220416464726573733A0F
:10EE30002030782578002020496E737472756374D1
:10EE4000696F6E204163636573732056696F6C61EF
:10EE500074696F6E002020466C6F6174696E672D57
:10EE6000706F696E74206C617A7920737461746557
:10EE700020707265736572766174696F6E20657259
:10EE8000726F72002A2A2A2A2A20555341474520A8
:10EE90004641554C54202A2A2A2A2A002020446917
:10EEA000766973696F6E206279207A65726F0020CF
:10EEB00020556E616C69676E6564206D656D6F725B
:10EEC00079206163636573730020204E6F20636F48
:10EED00070726F636573736F7220696E737472758D
:10EEE0006374696F6E73002020496C6C6567616C98
:10EEF000206C6F6164206F66204558435F52455413
:10EF000055524E20696E746F205043002020496C8A
:10EF10006C6567616C20757365206F662074686529
:10EF20002045505352002020417474656D70742048
:10EF3000746F206578656375746520756E646566A9
:10EF4000696E656420696E737472756374696F6E3F
:10EF5000002A2A2A2A2A20425553204641554C5439
:10EF6000202A2A2A2A2A002020537461636B696EA2
:10EF700067206572726F720020205072656369733A
:10EF800065206461746120627573206572726F72AE
:10EF90000020204246415220416464726573733AF6
:10EFA0002030782578002020496D70726563697380
:10EFB00065206461746120627573206572726F727E
:10EFC000002020496E737472756374696F6E2062DD
:10EFD0007573206572726F72005265736572766523
:10EFE0006420457863657074696F6E2028005370E3
:10EFF0007572696F757320696E746572727570745D
:10F0000020284952512000535053454C20696E200E
:10F01000746872656164206D6F646520646F6573E8
:10F02000206E6F7420696E6469636174652050534B
:10F0300050002A2A2A2A2A20484152442046415573
:10F040004C54202A2A2A2A2A00202042757320663E
:10F0500061756C74206F6E20766563746F722074B6
:10F0600061626C6520726561640020204465627590
:10F0700067206576656E740020204661756C74208B
:10F08000657363616C6174696F6E202873656520B8
:10F0900062656C6F772900415243485F455843458C
:10F0A0005054207769746820726561736F6E2025F3
:10F0B000780A002A2A2A2A2A204465627567206D68
:10F0C0006F6E69746F7220657863657074696F6EB6
:10F0D000202A2A2A2A2A002A2A2A2A2A2025732094
:10F0E000256429202A2A2A2A2A006D707500466183
:10F0F000696C656420746F20616C6C6F636174650A
:10F10000206E6577204D505520726567696F6E20BF
:10F1100025750A00506172746974696F6E202575D7
:10F120003A2073616E69747920636865636B206649
:10F1300061696C65642E00464C4153485F30005352
:10F1400052414D5F3000736F6300636C6F636B40BF
:10F150003430303030303030006866636C6B006CB7
:10F1600066636C6B00636C6F636B5F636F6E74726E
:10F170006F6C006770696F4035303030303330303D
:10F18000006770696F40353030303030303000000B
:10F19000010203040506074661696C656420746F0B
:10F1A00020616C6C6F636174652050504920436826
:10F1B000616E6E656C007561727440343030323847
:10F1C000303030007561727440343030303230305D
:10F1D0003000756172745F6E7266785F756172740B
:10F1E0006500000000000001010000000000002098
:10F1F000303030303030303030303030303000016E
:10F2000048616C74696E672073797374656D00551D
:10F210006E6B6E6F776E206572726F7200756E6BBB
:10F220006E6F776E003E3E3E205A45504859522040
:10F23000464154414C204552524F522025643A20B9
:10F240002573206F6E20435055202564004661755C
:10F250006C7420647572696E6720696E7465727271
:10F260007570742068616E646C696E670A0043751E
:10F270007272656E74207468726561643A202570DC
:10F2800020282573290043505520657863657074E4
:10F29000696F6E00556E68616E646C656420696E9E
:10F2A0007465727275707400537461636B206F764D
:10F2B0006572666C6F77004B65726E656C206F6F60
:10F2C0007073004B65726E656C2070616E696300CF
:10F2D00069646C65006D61696E006F73002B00647A
:10F2E000756D6D7900707265737461727400646518
:10F2F00061640073757370656E6465640061626F4C
:10F300007274696E670073757370656E64696E6799
:10F3100000717565756564006B5F69735F696E5F29
:10F3200069737200737973776F726B7100286E75F1
:10F330006C6C29002A666C6F61742A006364696EC4
:08F340006F70737578585B00D3
:10F3480001000000010000000000000000000000B3
:10F358000000000008DE00000100000001000000BD
:10F36800FF970000FF9F0000000000000100000060
:10F378004000002000000000000000000000000025
:10F38800C061002000000000000000000000000034
:10F398000000000000000000000000000002000063
:10F3A800F8CE000060170020A00200203A000000FC
:10F3B800B40200203A0000008C0200203A0000004D
:10F3C800C80200203A00000000000000BFB500009D
:10F3D8000000000000000000000000000008070016
:10F3E80000010300B80000200000000037270020BB
:10F3F8003627002000000000000000000000000088
:10F408003827002020000000000000000000000055
:10F4180000C2010000010300EC0000200000000011
:10F428005927002058270020000000000000000095
:10F43800000000005A270020200000000000000003
:10F4480000000000000000000000000000000000B4
:10F4580000000000000000000000000000000000A4
:10F468000000000000000000000000000000000094
:10F478000000000000000000000000000000000084
:10F488000000000000000000000000000000000074
:10F498000000000000000000000000000000000064
:10F4A8000000000000000000000000000000000054
:10F4B80008000000FF00000000000000030000003A
:10F4C80000000000FFFF0F008801002088010020D5
:10F4D80090010020900100200000000075920000BB
:10F4E800DC010020D4010020CC0100200000000035
:10F4F800C401002091930000DD92000011930000E8
:10F50800599300003C2500203A00003A402500208D
:10F518003A00003A442500203A00003A48250020E5
:10F528003A00003AEC010020B0010020A8010020B8
:08F53800A4010020A001002045
:0AF5400000000000000000000000C1
:02F54A00FFFFC1
:10F54C0000000000000000000000000000000000AF
:10F55C00000000000000000000000000000000009F
:10F56C00000000000000000000000000000000008F
:10F57C00000000000000000000000000000000007F
:04F58C00000000007B
:10F59000000000000000000000000000000000006B
:10F5A000000000000000000000000000000000005B
:10F5B000000000000000000000000000000000004B
:10F5C00000000000C04D00200010000000000000FE
:04F5D0000000000037
:10F5D4008C0200208C0200200000000000000000CB
:10F5E4000E000000A0020020A00200200000000085
:10F5F400000000000E000000B4020020B40200204D
:10F6040000000000000000000E000000C8020020FE
:10F61400C802002000000000000000000E000000EE
:10F62400DC020020DC0200200000000001000000D9
:08F63400EC020020EC020020B2
:04F63C0015E015E0E0
:0400000300004C5D50
:00000001FF
