:020000040000FA
:10000000F80B0020690600000D07000011580000E1
:1000100031580000515800009158000071580000FC
:10002000000000000000000000000000AD260000FD
:100030000D070000000000000D0700000D07000084
:100040000000000000000000000000007D31000002
:10005000000000000D07000000000000000000008C
:100060000D0700000D0700000D0700000D07000040
:10007000000000000D0700000D0700000D07000044
:100080000D0700000D070000000000000000000048
:100090000D0700000D070000000000000000000038
:1000A0000D07000000000000000000000D07000028
:1000B0000D0700000D0700000D0700000D070000F0
:1000C0000D0700000D0700000D0700000D070000E0
:1000D0000D070000000000000D07000000000000F8
:1000E0000D070000000000000D07000000000000E8
:1000F0000D070000000000000000000000000000EC
:10010000000000000D0700000000000000000000DB
:1001100000000000000000000000000000000000DF
:10012000000000000D0700000000000000000000BB
:1001300000000000000000000000000000000000BF
:100140000D07000000015F5F00000000FE0B0000D3
:100150003D270000800600000000000000000000B5
:10016000000000000000000000000000401200201D
:100170000000000001015F5F030100001F0100009B
:1001800085040000000000000000000001000000E5
:10019000010000000000000000000000000000005E
:1001A0000000000070000000945C0000800000006F
:1001B000000F000001000000D102000001015F5F9C
:1001C000040100001F010000F30500000000000012
:1001D000000000000000000001000000000000001E
:1001E0000000000000000000000000009F5C000014
:1001F000400000000507000001000000DF040000CF
:1002000038B50025054C29462046D4F80024C4F80A
:10021000045405F0A6FBC4F8005438BD200C00209F
:1002200013B511460022CDE9002242680346382A60
:10023000046844D194F82820022A19D01AB900F091
:1002400047F902B010BD21482468D0F80404013AEF
:10025000CDE90040082A35D8DFE802F0050A0E1380
:10026000181D22272C006A46184600F02EF9E8E7F0
:10027000184600F018F9E4E76A46184600F016F947
:10028000DFE76A46184600F00BF9DAE76A461846D7
:1002900000F00FF9D5E76A46184600F00DF9D0E7EF
:1002A0006A46184600F00BF9CBE76A46184600F09C
:1002B00009F9C6E76A46184600F00EF9C1E76FF083
:1002C0008000BEE76FF08500BBE700BF200C002078
:1002D0002DE9F04F05680446A1B0002D40F0AA803A
:1002E0002022294602A805F03CFB12AF2022294615
:1002F0000AA805F036FB38222946384605F031FBBE
:10030000E26904F11C039846B2B10426E26A04F1E2
:100310002C03EAB10425EEB96FF08306304621B014
:10032000BDE8F08F002EF1D053F8041D3246013E97
:100330000029F7D01646E9E70326F5E7002DEAD0B5
:1003400053F8041D2A46013D0029F7D01546E2E77F
:100350000325F5E738233A460021606805F03EFBA7
:100360003828D9D14FF00109CDE90270334F0DF192
:10037000080A04F1100B4E45D7F800141CD10DF1FA
:1003800028094B46002008EB850EC64533D108B13D
:10039000C7F80014A3683146C7F804340AAA2B46EC
:1003A00002A8FFF73DFF00270646BD4209F10809F4
:1003B00038D1FFF725FFB1E75BF8043FC1F5806254
:1003C000D81C20F00300904204D9FFF719FF6FF00A
:1003D0008C06A3E70844CA19C7F8000449466068B8
:1003E000019205F0FBFA019ACAF80C0009F1010923
:1003F0004AF8082FBFE758F804CFC1F5806A0CF11E
:10040000030222F00302524503F1080305D87818CD
:1004100043E9020C11440120B7E70028D5D0C7F802
:100420000014D2E7394659E90223606805F0EBFA77
:100430000137BAE76FF0850670E700BF200C002097
:1004400008B528220021024805F08BFA002008BDDB
:100450002810002010B5044C0F222046034905F057
:100460005BFA204610BD00BF51100020F6050000C9
:1004700008B50121024803F031FA002008BD00BF91
:100480005010002008B5FFF7DBFF40B9FFF7E2FF8F
:10049000FFF7EEFF18B9BDE8084003F08DBA08BDBC
:1004A0006FF0850070476FF0850070476FF0850032
:1004B00070476FF0850070476FF0850070476FF0F0
:1004C000850070476FF0850070476FF085007047BA
:1004D000D1E9000103F050BA6FF085007047F0B524
:1004E00003680546B3F57D7FA7B007D040F2F5322B
:1004F000934207D06FF0850027B0F0BD01F062FC99
:100500000020F9E700243C22214607A8CDE9024457
:10051000CDE90444069405F024FA3C22214617A8AC
:10052000169405F01EFAEA69019405F11C0302B362
:100530000426EA6A05F12C033AB30424731E012B46
:1005400052D8012C50D80423002168680DEB030217
:1005500005F044FA04281AD06FF08000CCE7002E92
:10056000E7D053F8041D3246013E0029F7D0164665
:10057000DFE70326F5E7002CE0D053F8041D224600
:10058000013C0029F7D01446D8E70324F5E7022EF2
:1005900016D16E69402E29D806AF33463A4601215E
:1005A000686805F01BFA8642D6D1CDE9027602A929
:1005B00044B92246019801F0EEFD044620469BE72F
:1005C0000021F5E72B6A402BC6D816AACDE90423F3
:1005D000019804AA01F0DFFDDDE9042304460021AF
:1005E000686805F010FAE9E7012085E76FF08900F7
:1005F00082E7002070474D62656420544C532033DD
:100600002E352E3000000000000000000000000029
:1006100000000000000000000000000000000000DA
:10062000942F000001000000407C0000801000209A
:100630004A000000407C0000200C00200000000068
:10064000407C0000000C002000000000A8110020E9
:10065000C4050000200C002018010000000C002040
:100660000800000002F004BC08B572B61E4A1F4B19
:100670009A601F4B83F309881E4B83F30A8883F328
:100680000B881D4B16A1D1E90001C3E9000100F060
:1006900089F81A4B1A498B4212D30020194B1A4978
:1006A0008B4218D302F08AFF186850F8224058682D
:1006B00040F82240013298688242F5D30C33EAE7D1
:1006C0000022F8E71C6844F8220001325C68A2426C
:1006D000F8D30833E4E70022F8E700BFAFF3008067
:1006E000A5EDF5FEA5EDF5FE0000000000ED00E033
:1006F000F80B002000040020F80B00202806000062
:100700004C0600004C06000064060000EFF3088071
:10071000EFF309812DE9F00F6B46724600F02CF9DA
:1007200008B0FFF79FFFFEE708B5EFF31083012B3A
:100730000C4A07D1126ABFF34F8F511C4A424A41FB
:10074000104608BD01F092FB00B172B6126ABFF309
:100750004F8F531C5A425A4101F088FB0028EFD0BA
:1007600062B6EDE70080FF0008B5EFF31083012BC0
:100770000B4A06D1D269BFF34F8F02F00102104637
:1007800008BD01F073FB00B172B6D269BFF34F8FA1
:1007900002F0010201F06AFB0028F0D062B6EEE739
:1007A0000080FF00694A10B5D2F8D03043F0020350
:1007B000C2F8D03001F05AFB30B14FF05023002284
:1007C000C3F81421C3F8182101F05FFB28B10122FE
:1007D0005F4BC3F8382AC3F878254FF47F02D2F86C
:1007E0003031D2F83421BFF34F8FC3F30B03092B01
:1007F00005D1012A1EBF0122554BC3F8782501F00F
:1008000044FB18B10E22534BC3F8E42E01F02EFB2B
:1008100030B100224E4BC3F80C270122C3F8102739
:100820000022D30003F57F03D3F80013BFF34F8FEB
:10083000013108D0D3F800130132D3F80433B2F5F4
:10084000807F0B60EDD1EFF31084FFF78DFF002860
:100850004DD0BFF34F8F404BD3F80024012AFBD17A
:10086000C3F80425D3F80024012AFBD1012C03D0BE
:1008700001F0FCFA00B172B6FFF776FF58B1374AC3
:10088000D36923F00103D361BFF34F8F324AD2F80B
:100890000034012BFBD1FFF747FF68B12F4A136AE1
:1008A00023F0FF0343F020031362BFF34F8F2A4A64
:1008B000D2F80034012BFBD1012C03D001F0D6FA81
:1008C00000B162B60022244BC3F80425D3F80024FB
:1008D000012AFBD1BFF34F8F1C49214BCA6802F498
:1008E000E0621343CB60BFF34F8F00BFFDE7FFF71C
:1008F0001BFF0028ADD1154AD2F88C3043F4406379
:10090000C2F88C304FF47F03D3F83021D3F8343160
:10091000BFF34F8FC2F30B02092A16D1013B022B02
:1009200002D8104AD35C83B10C480F4903680A4AC5
:100930008B420CBF5A230023C2F8103EC36A8B427D
:100940000CBF5A230023C2F8003E10BD00ED00E0AA
:100950000040005000A00350009003500080FF00B2
:100960000400FA054C320000FA50FA507C2201498A
:1009700004F0D2BFDC18002038B51D46374B384C88
:100980005B68C3F308032360EFF30383C4E901202A
:100990006365C2F3801302F00C020C2AE16038D1C7
:1009A0000BB9EFF3898120222E48216104F0B4FFB6
:1009B00025B1202229462C4804F0AEFF274B9A6A25
:1009C000A265D96AE165986B206602F40040606612
:1009D000586BA06602F08000E0669A62D962D3F894
:1009E000E4202267D3F8E810616702F04001A167B4
:1009F000C3F8E42000F06AF80E211C4801F057FA11
:100A00002268D31E042B1CD8DFE803F0090F12154F
:100A1000180013B9EFF38881C5E70146C3E70C213D
:100A20001348BDE8384001F042BA12211148F8E7F6
:100A30000B211148F5E70D211048F2E70E2110486F
:100A4000EFE70F2A98BF1421BDE8384089BF252160
:100A50000C480D48103A01F0D5BB00BF00ED00E096
:100A6000DC180020F0180020101900204F32000080
:100A70005D320000693200007B32000086320000E7
:100A800093320000A1320000B53200002DE9F3419D
:100A900006460F460C4DD5F82C80C04710F00104D7
:100AA000FBD1394630466B69984740B9C047C30708
:100AB000FCD42B6A019302B0BDE8F04118472046F0
:100AC00002B0BDE8F08100BFDC32000010B5094C77
:100AD0000020A3689847236902209847A46A4FF42E
:100AE000E1210120A0472346BDE810400121152047
:100AF000184700BFDC32000010B5044C0020236909
:100B00009847E368BDE81040184700BFDC3200009A
:100B1000064B82B01868002382B262F30F03000C08
:100B200060F31F43184602B0704700BF1C3300003B
:100B3000014B1869704700BF84100020014B5869B1
:100B4000704700BF8410002038B50C4D0C4695F856
:100B5000203013B94FF0FF3038BD0A460146284611
:100B600000F06CFF064B984205D00B3B9842F1D148
:100B700000206C61F0E76FF00100EDE784100020C9
:100B80000B00AD0BF0B51B4E054696F820300C4619
:100B900091B01BB94FF0FF3011B0F0BD00F06043D1
:100BA000B3F1005F21D100230A460146304600F030
:100BB00031FC114B98421AD00B3B9842EAD1346178
:100BC00011E0A71B402F28BF4027A9193A466846C5
:100BD00004F0A2FE39466846FFF7D4FF0028DBD1B7
:100BE0004036B442EDD80020D6E70026F9E76FF092
:100BF0000100D1E7841000200B00AD0BC3B2012B24
:100C000010B540F096804DF6C023994270D028D898
:100C1000B1F5615F6FD011D8B1F5965F6DD008D88E
:100C2000B1F5966F6BD0B1F5166F6BD06FF0070012
:100C30005DE0B1F5165FF9D1454B33E047F612237D
:100C4000994262D007D8B1F5964F61D0B1F5E14F26
:100C5000ECD1404B26E0B1F5164FE7D14FF41D0320
:100C600020E03D4B994255D011D8B1F5E13F54D029
:100C700007D8B1F5614F53D0B1F5963FD6D1374B78
:100C800010E0B1F5613FD1D14FF06C730AE0B1F5DE
:100C9000612F48D0324B994248D0B1F5E12FC5D1F0
:100CA0004FF0E86310F4E06F46D110F4404103D0F8
:100CB000B1F5804F43D1102110F4405203D0B2F56A
:100CC000805F3FD10E2210F4403003D0B0F5403F9A
:100CD0003BD10120234C20766276E361A1760A4362
:100CE00024681043C4F82435C4F86C05002010BDF6
:100CF0004FF46503D6E71C4BD4E71C4BD2E74FF407
:100D00009E23CFE74FF41D23CCE74FF40003C9E740
:100D1000174BC7E74FF08063C4E74FF0EB73C1E7B1
:100D20004FF46B03BEE74FF07063BBE74FF08053A7
:100D3000B8E76FF00300DAE76FF00800D7E76FF06D
:100D40000A00D4E76FF00900D1E76FF00B00CEE79F
:100D50000050270000C0750090D0030000903A01B9
:100D600040420F008410002000F03A0000B0130051
:100D700000A04E0010B5114C204600F0D5FD00211A
:100D8000206884F8201000F047FF226842F3073201
:100D9000002A11DB012153099B0003F1604303F595
:100DA0006143D3F8800202F01F0201FA02F202430B
:100DB000C3F88022D3F88032002010BD84100020B8
:100DC00010B5264C002120688EB000F017FF226875
:100DD00042F30732002A12DB012053099B0003F182
:100DE000604303F56143D3F8801202F01F0200FA5A
:100DF00002F221EA0202C3F88022D3F880322422D0
:100E0000002105A804F0ADFDD4E902124FF0FF3334
:100E1000CDE90133CDE903334FF0EB730B93072397
:100E200001A88DF8363001F060F8014600220B4829
:100E300000F03AFA0A4B98420DD10C9B0020238314
:100E40001B0CA3760B9BC4E90400E361012384F827
:100E500020300EB010BD6FF00100FAE784100020C2
:100E60000000AD0B7FB500250C46C0F808511646B2
:100E7000D0F80821D0F8002222F02002C0F8002289
:100E8000104AC0F8082301F080F8A560256104F13C
:100E90004C03D3E8EF1F21F47F0121F47041C3E834
:100EA000E21F002AF5D110222946684604F059FDB8
:100EB000042368468DF800300196D4E90013984762
:100EC00004B070BD10020A0000F01F03400909D1F0
:100ED000074A02EB8303D3F80012064A0A40C3F81C
:100EE000002270470022803352F82330FFDE00BF1B
:100EF00000258450F0F8FCFF2DE9F04F804690F873
:100F000004A05020664F0E4600FB0A70416885B071
:100F100049B113F0020304D0836B002B00F0B280C0
:100F20000123009300E000914FF0500909FB0A7380
:100F3000DB6CD90600F1A6804FF0010BB3180293C9
:100F4000029BB34200F0A78006F06043039398F839
:100F50000450D8F8004009FB05739A6B9AB9039BBB
:100F6000B3F1005F40F09980019200F0A1FD09FB10
:100F70000572D16C204601F0010100F0D4FF28B9C0
:100F800000F09EFDE3E701230193EEE7516C334649
:100F90000029BCBFD4F84C155164019A42B109FB39
:100FA00005713078D1E90E23D054D1E90E321344C3
:100FB0001BB1C4F84435C4F848B50022C4F8202158
:100FC000D4F82011C4F85821D4F85811C4F850218D
:100FD000D4F850210822C4F80025009AE2B14FF459
:100FE0008003C4F80433C4F808B000F069FD50234E
:100FF00003FB0A72516800294BD1D26C120748D505
:1010000003FB0A734C33D3E8EF1F21F00801C3E858
:10101000E21F002A36D0F6E7C4F808B0019300F0CA
:101020004FFD09FB0572D16C019B01F001012046C7
:10103000019300F078FF8446019BD4F84C05D4F866
:101040004425BCF1000F0DD19342F0D005EB85058E
:1010500007EB0515D1B100F02BFD2946204600F025
:10106000D9FFC2E705EB8505934207EB0515F1D1E2
:101070000028EFD100F01CFD2946204600F0CAFFF1
:1010800000F01EFD074805B0BDE8F08FC4F80CB0B5
:10109000E1E7013654E70448F5E70448F3E700BF09
:1010A000581900200800AD0B0000AD0B0400AD0B7B
:1010B000430904D10123034A83409360704700230E
:1010C0009B60FFDE0025845000F01F0340090BD118
:1010D000084A02EB8302D2F80012074B0B4043F0A0
:1010E0000303C2F8003270470022803352F82330E5
:1010F000FFDE00BF00258450F0F8FCFF2DE9F84327
:1011000091F8303005460C4690F804800F6853BBC8
:101110005023DFF85091781C03FB0893DE6C46F0F7
:101120000072DA6404D03846FFF7C2FFFFF7CCFF45
:101130006068411C01D0FFF7C7FE94F82C30012BEA
:1011400011D1502303FB0893E06846F02066421C4F
:10115000DE6401D0FFF7B8FEA068431C03D0FFF7A0
:10116000A7FFFFF7B1FF94F82F0038B950223D4B8D
:1011700002FB0833DA6C42F08072DA6494F82CC017
:1011800094F82D1094F82E202B68D4F828E041EA2A
:101190000C010A43E668D4E90198C3F824E5C3F8D2
:1011A0006C2550B9BCF1010FC3F80C75C3F8149548
:1011B00004BFC3F80885C3F81065D3F8682503F2A7
:1011C0006458012A08BFDA60D3F86425012A13D1D4
:1011D000082149F64046244FC3F8001547F001079F
:1011E0005A60D8F800309BBB2B68D3F88024C3F832
:1011F00080240022C3F8002500212B6894F83220B7
:10120000C3F81011D3F81001C3F82011D3F820014E
:10121000C3F82411D3F82401C3F84411D3F84401CE
:10122000C3F85811D3F8581143F307335201002B78
:10123000D2B212DB0D49C81880F8002301225809E8
:1012400003F01F0302FA03F341F82030BDE8F883EE
:101250004020B847013EC4D1C6E7054903F00F035B
:10126000CA54F3E7581900202033000000E100E0E1
:1012700014ED00E000F01F0340090BD1084A02EB17
:101280008302D2F80012074B0B4043F00203C2F86E
:10129000003270470022803352F82330FFDE00BF57
:1012A00000258450F0F8FCFF2DE9F34790465022CA
:1012B00090F80490514C02FB09FA04EB0A070D4622
:1012C00097F848100646002940F0858009EB890010
:1012D00004EB001004F045FB2B69AA6944F80A30BE
:1012E0006B69BB6302B1013A502303FB0943DA6324
:1012F0002A6A042A81BFEA699A610022DA6195F8B4
:101300003130B8F1000F37D083F001073F0233B11D
:10131000502303FB0943DA6C42F00102DA645023E4
:1013200003FB09440123C4F8048084F8483034687E
:10133000D4F84C2112BB29463046FFF7DFFE0822C5
:10134000002334688DF80730C4F800250DF107023A
:10135000C4F84425C4F8483501230A25A360E36096
:10136000D4F85831002B38D1254B402043F00103ED
:101370009847013DF4D128E04746C8E708224FF0DE
:101380006409C4F8002563601D4B43F0010AD4F8DA
:101390004431F3B9D4F82431DBB94FF42070D0478D
:1013A000B9F10109F3D14B460022C4F84C21D4F81D
:1013B0004C11C4F81021D4F81011C4F84421D4F809
:1013C0004411C4F80025002BB5D10E4802B0BDE889
:1013D000F0870123E8E70C48F8E70023C4F8203140
:1013E0009845D4F82021C4F80035084B08BF0023E5
:1013F0001F4333680648C3F80473E7E75819002011
:10140000203300000100AD0B0C00AD0B10020A00F0
:101410000000AD0B2DE9F04784460F469E46164668
:101420000579002A51D04FF0500ADFF8AC80D0F88F
:1014300000900AFB058ADAF8044074B96BB9DAF84F
:101440002C50002D43D1CAF82C20FFF755FD04463F
:10145000CAF82C502046BDE8F0871EF0030F07D0D5
:10146000734632463946BDE8F0476046FFF744BD53
:1014700007F06043B3F1005F4FF0500414D104FB58
:10148000058400F015FBE26A1AB1144C00F018FB59
:10149000E0E7C4E90A7605EB8505484608EB051147
:1014A00000F0C3FD0E4CF1E704FB0584A36B83B190
:1014B00000F0FEFAE36A002BE7D1E36C012243F06F
:1014C0000203C4E90A76E364E5E7064CC2E7034C8D
:1014D000C0E7054CBEE700BF581900200B00AD0B5C
:1014E0000000AD0B0600AD0B0A00AD0B2DE9F84373
:1014F00050230679284D046803FB0653D4F804737F
:10150000DA6AC4F8087322B92448C4F80473BDE841
:10151000F88306EB860005F14C024FEA001802EB57
:101520000012D2E8EFCF4CF0080CC2E8E0CF002860
:10153000F7D10122E26031B3D96C01EA02094946D0
:10154000204600F0F0FC0028FAD000F0B1FAB9F122
:10155000000F1CD1D4F8203153B10123E360D4F83B
:101560005831002BFBD0204605EB080100F052FD5E
:1015700000F0A6FA0023C4F82031D4F8202150222C
:1015800002FB0655EB620648C4F80473BFE7D4F8C3
:101590005831002BE7D1EBE7581900200500AD0BBF
:1015A0000000AD0B2DE9F84390F80480484F08EB9C
:1015B0008806360106F14C0504683D44D5E8EF3F46
:1015C00043F48052C5E8E02F0028F7D1DB047BD438
:1015D000480705D5502303FB08739B69002B75D082
:1015E0003C4B3E44C4F808330823C4F800350023BC
:1015F000C4F81031D4F81021C4F84C31D4F84C217F
:10160000C4F844310A03D4F844318B0303F4804313
:1016100002F400524903134301F400410B43D5E89F
:10162000EF2F1A43C5E8E12F0029F8D14FF05009F8
:1016300009FB0879D9F80830BBB9D9F8043063B987
:10164000D5E8EF3F23F47F0323F47043C5E8E23F7E
:10165000002AF5D12048BDE8F8830321304600F088
:101660006FFCD9F80830002BEAD0D4F804335907BE
:1016700013D5502303FB08735A6872B1DB6C1A034D
:101680000BD5D5E8EF3F23F40023C5E8E23F002A5D
:10169000F7D10621304600F053FC502303FB0873BA
:1016A000DB6CDB0401D40D48D5E7D4F84C310BB921
:1016B00001232360502303FB08735B68002BF2D0E7
:1016C000044BC4F80433EEE70548C4E70548C2E715
:1016D0005819002010020A000200AD0B0000AD0BEB
:1016E0000B00AD0B0800AD0B2DE9F84F056801F0BC
:1016F0006043D5F804A3B3F1005F90F804B08946C5
:101700001746C5F808A37CD15023404E03FB0B635A
:101710009A6852B15B68002B5ED1D5F81021002A7F
:101720005AD0C5F81031D5F81031502404FB0B64A1
:10173000E269C4E90297002A3CD00BEB8B08974280
:101740004FEA081824D24FF0000B3A46A1694846E8
:10175000C4E902BB04F0E0F8E269A069D21BC11938
:10176000E26104F0A3F863686BB1B04449463A46BD
:10177000404600F0F6FBE36C990404D55A46414616
:101780002846FFF76FFB2248C5F804A3BDE8F88F91
:101790004846A16904F0C0F8E36963620023E3618D
:1017A0001C4B9844D8E8EF3F43F40023C8E8E23FDD
:1017B000002AF7D1502303FB0B63586ADA68996853
:1017C000DB6C121A0144C5F83415C5F83825DA0463
:1017D000D9D501232B60D6E7502303FB0B66336971
:1017E0008BB9F36CC5F834955B04C6E90497C5F86A
:1017F0003875C8D5D5F8003243F02003C5F800325B
:10180000C1E70548C0E70548BEE700BF58190020FA
:101810000000AD0BA41900200A00AD0B0B00AD0BAE
:1018200050232DE9F0413C4D90F80480046803FBFF
:101830000853DB6CD4F8000203F48223B3F5805F15
:1018400068D1D4F80463C4F8086309B9830656D490
:10185000D4F8003223F02003C4F800324FF484237C
:1018600008EB8801090101F14C072F44D7E8EF0F7D
:101870001843C7E8EC0FBCF1000FF7D12AB9502389
:1018800003FB08535B68002B41D1244BC4F8083399
:1018900001236360D4F84431002BFBD00023C4F84B
:1018A0004C31D4F84C21C4F81031D4F81021C4F8CC
:1018B0004431D4F84431502303FB0853DA6C12F45A
:1018C00000421FD1DA61204600F05FFB502303FB8A
:1018D00008550023AB602B61D7E8EF3F23F47F036B
:1018E00023F47043C7E8E23F002AF5D126F420260E
:1018F00026F404760A48C4F80463BDE8F0814FF486
:101900008033ADE72046294400F051FBDBE701239B
:101910006360EFE70348F0E75819002010020A005F
:101920000000AD0B0500AD0B2DE9F8432F4A03680D
:101930000679C3F8082343F30733002B04460DDB75
:1019400001215A0903F01F03994002F12003284A9C
:1019500042F82310BFF34F8FBFF36F8F0122204651
:101960001146FFF75DFF01212046FFF7BFFD502123
:101970002279204D236801FB0252D46CD3F80C0568
:10198000E201D3F81495D3F80875D3F8108509D57A
:101990004FF0FF32C3F80C25C3F81425C3F808250F
:1019A000C3F81025A30116D5411C01D0FFF762FC36
:1019B000B9F1FF3F02D04846FFF75CFC22010AD58F
:1019C000B8F1FF3F02D04046FFF754FC7B1C02D029
:1019D0003846FFF74FFC5023002203FB0653DA641E
:1019E00083F848205A60BDE8F88300BF10034A001E
:1019F00000E100E05819002010B5502402790B4B8B
:101A000004FB02335B686BB90368D3F810211AB981
:101A1000D3F80025082A07D011B1D3F83C350B6064
:101A2000034810BD0348FCE70348FAE758190020B3
:101A30000000AD0B0800AD0B0B00AD0BF7B5054674
:101A40001646FFF751FE164B0446984222D1032159
:101A500028462F79FFF7A6FD124B984201D0A042ED
:101A60001BD15022104B02FB07335B6893B90C4C1F
:101A7000284601A9FFF7C0FFA042F9D1019BB3425C
:101A800007D301222846114603B0BDE8F040FFF716
:101A9000C7BE064C204603B0F0BD0446FAE700BFBF
:101AA0000000AD0B0B00AD0B581900200800AD0B6A
:101AB00072B6024A1368013313607047A8190020F8
:101AC000034A1368013B136003B962B6704700BF55
:101AD000A81900200722024BC3F80423704700BF57
:101AE00000300050084BD3F80801D3F8002100382B
:101AF00018BF012080000AB140F00100D3F8043182
:101B00000BB140F002007047003000500022074B3C
:101B1000C3F80021D3F80011C3F80421D3F804114D
:101B2000C3F80821D3F80831704700BF00300050D7
:101B300000231720094A03F5C0710133202B42F816
:101B40002100F8D100231720044A03F5E071013386
:101B5000202B42F82100F8D1704700BF0030005020
:101B600010B59DF80840C00B43EA0423064CC90B8E
:101B700043EA0213884200D910BDC2B202F5C07216
:101B800044F822300130F5E70030005010B59DF8E0
:101B9000084000F1604043EA042301F16041074C32
:101BA000400B490B43EA0213884200D910BDC2B270
:101BB00002F5E07244F822300130F5E700300050C1
:101BC000C0F30E03C3F50043B3FA83F3C3F11B0361
:101BD000064AC0F3C730DBB240F4807043F4807330
:101BE000C2F80005C2F80435704700BF003000504D
:101BF0004303014818447047FF1FF81F054BC0F30B
:101C00000730090241F0300100F5007043F8201060
:101C1000704700BF00300050044BC0F3073009028A
:101C200000F5007043F82010704700BF00300050EE
:101C3000003A18BF0122003918BF0121036889004A
:101C4000074841EA4201186359605A6842F00102AC
:101C50005A60BFF34F8FBFF36F8F0020704700BFF4
:101C600004AAFF0008B5FFF73DFF044B16211860DA
:101C70000348BDE8084000F01AB900BFEC1F00207F
:101C8000263300000C22014903F046BEEC1F002061
:101C900010B501F058FA044690B901F0C3FE0446AD
:101CA00080B90A4A2E21D368094823F008031B048F
:101CB0001B0C43F0BF6343F40033D36000F0F7F82C
:101CC000204610BD45F22354FAE700BF00ED00E0C6
:101CD0003C330000024B1860024B00201960704733
:101CE000FC1F0020F81F00201FB5274C4269236805
:101CF0005A6282699A62C269DA62026A1A63426A45
:101D00005A63826A9A63C26ADA63026B1A64426B2C
:101D10005A60826B9A60C26BDA60026C1A61426C24
:101D20005A61826C9A61C26CDA61026D1A62826DCC
:101D30005A65C26D9A65026FDA65026E1A66826E26
:101D40005A66426F9A66EFF388825A64EFF389828B
:101D50009A644268DA64EFF394821A65026801A813
:101D60001A67FFF78FFF2368019ADA6601221A705B
:101D7000064B1C6864086400204621462246234620
:101D800003F0A3FE04B010BDFC1F0020F81F0020CC
:101D900000B5A1B001A8FEF7E9FD029B63B15B06A7
:101DA0000AD4019B23F00203052B05D1044B1B68C9
:101DB00013B101A8FFF798FF21B05DF804FB00BF45
:101DC000F81F0020BFF34F8F0549064BCA6802F485
:101DD000E0621343CB60BFF34F8F00BFFDE700BF4E
:101DE00000ED00E00400FA0538B543680C2B30D153
:101DF0004B68042B2DD14FF0FF3304680D68216828
:101E00002B6031B3A26822B30623012001F0F3F85E
:101E1000F8B96168104B99420DD9A2680F48531860
:101E2000834202D9F438834210D8206803F074FD4D
:101E30000020286038BD0A4B99420AD9A268094897
:101E40008B188342F1D90730814202D90648834278
:101E5000EBD90220EEE700BFFF01FF002C02FF00DC
:101E60002F01FF003801FF004C01FF004FF47F03FA
:101E7000D3F83001D3F83431BFF34F8FC0F30B00E8
:101E8000A0F109035842584170474FF47F02D2F83D
:101E90003031D2F83401BFF34F8FC3F30B03092B5A
:101EA00003D1431E58425841704700207047FEF747
:101EB000EDBD012070476FF003007047002382B032
:101EC0000193019802B070476FF003007047002340
:101ED00082B00193019802B07047022814BF6FF0DE
:101EE000030000207047FEF74DBE30B501EB8202C3
:101EF000914200D130BD51F8044B04F07F037F2B99
:101F00004FEA144408BF4FF0FF33032CF0D8DFE84A
:101F100004F0020406080360EAE74360E8E7836030
:101F2000E6E7C360E4E70346D0F8580130B931B9B9
:101F3000D3F82001003818BF0120704701207047F6
:101F400030B504460D4685B010220021684603F0E6
:101F500008FDD4E9001368468DF80050984705B095
:101F600030BD7FB504460E46154600211022684656
:101F700003F0F7FC012368468DF80030CDE90165D8
:101F8000D4E90013984704B070BD10B50446FFF7BC
:101F90008FFDD4F8583133B1D4F8043313F48003EF
:101FA00008BFC4F80035BDE81040FFF789BD70B523
:101FB0000D4604460522AA21D0F83C65A86903F025
:101FC000D0FC0522AB69C4F83435C4F838250022AA
:101FD000C4F81021D4F810110121E162D4F81011D5
:101FE0000029FBD0C4F84C21D4F84C11C4F81021BE
:101FF000D4F81021D4F83C259642EA6109D15A1E42
:10200000043312F8011FAA2903D19A42F9D10023FF
:10201000EB6170BDD0F8583133B1CB6CC3F30032F3
:10202000DB0458BFC0F80025704770B5CE6C0D4674
:1020300006F001010446FFF776FF38B94FF480033C
:1020400046F00406EE64C4F8043370BDD5E90A36E0
:102050005AB1296CEA6B761A964228BF1646194483
:102060003246A86B03F058FCAB6B4FF0FF326A644A
:102070001BB1C4F84435C4F848650023C4F82031C6
:10208000D4F82021C4F85831D4F85821C4F850317C
:10209000D4F850310823C4F800354FF48003C4F855
:1020A00004330123A360D0E7C0037047C00300F5E9
:1020B000FF407F307047002070471F2070474FF46B
:1020C0000040704700F57F40C0304003704740201B
:1020D00070475F2070474FF4005070474B6830B531
:1020E00013F01F052DD102680C681068C0F307209B
:1020F000844226D25068556094600C7C23F01F0304
:1021000004F001041C438B7CDB0003F018031C4328
:102110004B7C5B0003F006032343D3608B68013BD9
:1021200023F01F04CB685B0003F00E03234343F04E
:10213000010313615060BFF34F8FBFF36F8F2846C9
:1021400030BD0120FCE7036800205A68C9B258601E
:102150009960D86018615A60704770B505460024D0
:1021600003681E68C6F30726B44201D1002070BD83
:1021700021462846FFF7E7FF0134F5E700207047C6
:1021800008B5FFF705FE72B620BFFDE700207047D7
:102190000020704770470B4670B5114618B10328F0
:1021A00006D0032070BD1846BDE87040FFF71CBE86
:1021B0005A68082A01D00220F4E74C68042CFAD1AE
:1021C0001D684FF0FF330E68296833600029F2D094
:1021D0006B68002BEFD026237422012000F00BFF48
:1021E0000028E8D1224623230120696800F003FF7C
:1021F00004460028DFD1D5E90001FFF76BFD306010
:102200002046CFE730B50C46154685B038B139B118
:10221000FFF74DFE041E03DA204605B030BD04462C
:1022200040F60D23ADF80E3009230B4901A805F047
:102230000F028A5C2D091A54013B012BF7D147F696
:1022400030030C21ADF80430FFF731FE0028B4BF95
:1022500004462418E0E700BF6A33000008B5154BB8
:1022600083F30A88144800F059FF00BBFFF710FD04
:10227000E8B9FFF783FFD0B9FFF788FF98B9FFF7F8
:1022800089FF00F0B7FE35210C48FFF710FE00F083
:10229000FDFB26210A48FFF70AFE00F03BFA00F09A
:1022A0008BFE002008BDFFF773FF0028E7D000F089
:1022B000DFFDEEE700040020AC1900207A330000B7
:1022C000AF3300002DE9F04F93B00093574B814698
:1022D000D3F800B00BB2002B0D461646C1F30268CE
:1022E000C1F3024A04DA6FF0800013B0BDE8F08F4A
:1022F0008B42C36001D10020F7E708EB0A03042BEF
:10230000F1D8CC0F64014FEAC80731463A46DBF8F2
:10231000080044F0020300F06EFE01460028E2D1FE
:10232000202202A803F01DFB3A46314602A84FEADC
:10233000CA0603F0F1FA32460099DBF8080044F0CF
:10234000060300F058FE07460028CCD101462022A3
:102350000AA803F006FB324600990AA802AE03F071
:10236000DBFA33460137B84514D91A46BC460DE0AE
:10237000D2F808E0D16818687144884203D25968DD
:1023800008448645AFD30CF1010C0832C445EFD1A7
:102390000833E7E715F0006F18BF202409F118078C
:1023A00007EB880844F00203474513D1202C26D1BF
:1023B000002D02DBC5F3C0456C0109F128050AAE0A
:1023C00005EB8A0A44F0060455451AD1009BC9F86A
:1023D0007C3090E77268DBF8080056F8081B019320
:1023E00000F009FE00287FF47EAF56F8042C019B14
:1023F00047F8042F56F8082C38633A62D4E70024D3
:10240000DBE77268234656F8081BDBF8080000F08B
:10241000F2FD00287FF467AF56F8043C45F8043F0E
:1024200056F8083C28642B63CEE700BFB0190020A3
:102430002DE9F0411F461A4B0D461646D3F8008091
:1024400000F0CDFE044608B900F012FDE368002B51
:1024500001DA00F00DFD032D01D900F009FD04EBB8
:102460008504E569E36CED1A16D006233A46314639
:10247000D8F8080000F0BFFD08B100F0F9FCBD423B
:1024800028BF3D46E36CE16B2A461944304603F011
:1024900043FAE36C2B44E3642846BDE8F08100BFB7
:1024A000B01900202DE9F0411D461A4B0F46164683
:1024B000D3F8008000F093FE044608B900F0D8FC81
:1024C000E368002B01DA00F0D3FC032F01D900F000
:1024D000CFFC04EB8704E36AE26E9B1AAB4201D2A5
:1024E00000F0C6FC02232A463146D8F8080000F066
:1024F00082FD08B100F0BCFCE36EE06D2A46314677
:10250000184403F009FAE36E00202B44E366BDE8AB
:10251000F08100BFB01900202DE9F04105464FF0D1
:1025200001080E4E0E4B37685C681CB928463760B0
:10253000BDE8F0812268936813F400700CD1A369A0
:10254000012B09D0D368346023B19847002801DA01
:1025500000F08EFCC4F81880246AE6E7B019002069
:10256000B419002038B5044610B96FF0800038BDAA
:102570008368002BF9D01A68002AF6D05D68002D18
:10258000F3D00B4BE861A8691D6020B92B68DB68AC
:1025900053B90123AB61A36804F10C001B681B69EC
:1025A000984701232360E2E798470028F1DADCE747
:1025B000B01900204268024B08461A60704700BFFD
:1025C000B0190020002330B505680446AA68C0E9A8
:1025D000063312F4406F85B01CD012F4006202D0B2
:1025E00000F084F90246A96A2B6968460B4407315A
:1025F00023F0070321F00701CDE902130093002324
:1026000005490193EB6800F061FA684600F0CAFDE5
:10261000024B1C6005B030BD19250000B019002028
:1026200001F00C0370B50C2B0CBF154605464A068D
:102630000C461ED58B0658BF2835AB6913F8026CC3
:1026400084F00803C3F3C003C6F38012934201D0A1
:1026500000F00EFC16F0A00F1ED176B1032E17D09D
:1026600032461C210E48FFF7CDFD6FF083032B602F
:102670000CE000F0FDFB2026E2E700F0FDFA044646
:10268000FEF73AFA2146074800F088FD204670BD63
:10269000284600F001FAF9E732461F210248E2E736
:1026A000D5330000F80B0020F1330000EFF3088071
:1026B0007146EFF30982EFF30B830CB406B4FFF716
:1026C000AFFF8646009900F0080001F00801401AAB
:1026D00002DC12DB04B070471EF020031CBF2DE9A2
:1026E000F00FBDF1080D0A4C254626462746A046A8
:1026F000A146A246A34630B4704704B030BC1EF0D9
:1027000020031CBF1DF1080DBDE8F00F04B0704799
:10271000A5EDF5FE084BDA6882F07F4282F47F0275
:1027200042F48042DA6000221A765A76DA76DA7754
:10273000602283F82220704700ED00E0009A0A4BE7
:102740009A420FD1012290430146024603460446B5
:1027500005460646074680468146824683468446AD
:1027600086460447FEE70000A5EDF5FE2DE9F041A1
:10277000044618B943F6DA30BDE8F0810029F9D0F3
:102780008368002513F4406F14BF01230023134F07
:1027900043F00203DFF848800B6000F13006236A43
:1027A000AB4201D80020E7E71421A369E26906EBF8
:1027B000830301FB02330C226A43991889680907D5
:1027C00009D59B58BB4201D04345D3D1186810B1FD
:1027D0000121FFF713FA0135E1E700BFB410002033
:1027E000AC10002070B5324C86B03248FFF7B5FC13
:1027F000236801255A1C01932F4B2260DA681B695C
:102800004FF44076039300232A4801A902920495CD
:10281000ADF814608DF81630FFF760FC18B143F680
:10282000DA3006B070BD23688DF816005A1C01938B
:10283000224B20480293224B01A9CDE903352260A7
:10284000ADF81460FFF74AFC0028E8D123688DF842
:1028500016005A1C01931B4B164802931A4B01A9F0
:10286000CDE903352260ADF81460FFF737FC00288E
:10287000D5D123688DF816005A1C0193134B0D48CF
:102880000293134B01A903930223049340F2011313
:102890002260ADF81430FFF721FC04460028BED1B9
:1028A0002A4629460348FFF7C3F92046B9E700BF87
:1028B000BC190020A810002080340000A0340000C3
:1028C000C05C00002006000020060000000C002074
:1028D000200C0020014B1868704700BF80340000B6
:1028E000014B1B681868704780340000014B1B685F
:1028F000586870478034000008B5FFF7B3F9FFF758
:1029000005F90A4B5A68103AD3B2120609D40121CC
:102910005A0903F01F03994002F16003044A42F888
:102920002310BDE8084000F0A3BA00BF00ED00E0AE
:1029300000E100E00020034BD8765A6A42F470228E
:102940005A62704700ED00E00349044BCA6800205A
:1029500092B21343CB60704700ED00E00800FA0527
:1029600000224FF0FF300D4B02F1A0010132102A7E
:1029700043F82100F8D1D3F88022002022F0080289
:10298000C3F88022D3F88022D3F8802222F4007288
:10299000C3F88022D3F88032704700BF00E100E026
:1029A00008B5FFF797F80822024BC3F880211A6098
:1029B000002008BD00E100E0064BD3F8D02022F053
:1029C0000102C3F8D020D3F8D02042F00202C3F8AD
:1029D000D020704700ED00E037B50124FFF7A8F8DC
:1029E000134D2246052347F6FF7100200094FFF7A0
:1029F000B7F8224607234FF000500E490094FFF726
:102A0000C5F8D5E90101072300220094FFF7A8F8D3
:102A100007230022084909480094FFF7B7F82969FD
:102A2000E8680139FFF7CCF8002003B030BD00BFE3
:102A300080340000FF7F0020FFFF03200080002083
:102A400038B500240E4D002155F8040B0134FFF772
:102A5000E3F81C2CF7D10020012240F20111094BB0
:102A6000C3F88004C3F88424C3F8C004C3F8C424A2
:102A7000054AC2F840154FF48072C3F8402438BDAF
:102A80001034000000300050009003500122014B30
:102A90001A607047C019002010B50446094B2289FE
:102AA000186861680623806800F0A5FA28B9064B0B
:102AB0001B68012B01D100F087F86FF086032360BB
:102AC00010BD00BFB0190020C01900202DE9F84347
:102AD00005461E460068134B9046AA68A0F10804FC
:102AE00040E90233503890420F4601D200F0C0F95D
:102AF000A4F1480948220021484602F032FF002391
:102B000044E9073344F8143C4FF0807344F8043C24
:102B10006FF0020344E9036744F8208CC5E9009391
:102B2000BDE8F883A5EDF5FE30B5094C02466168B5
:102B30000023084640B105686D68954205D11BB178
:102B4000826860609A60816030BD03468068F1E70A
:102B5000441A002038B504462AB10B689B68DB058F
:102B600012D5002038BD0B4B1D680DB900F080F95F
:102B700000222B6899692C338A4203D053F8040F42
:102B8000A04204D19142ECD16FF0FC00EAE701329F
:102B9000F2E700BFB019002070B504460E46154696
:102BA000002130220C3002F0DCFE064B20461B6870
:102BB000A6606360656100F001FA00232061236074
:102BC00070BD00BFB0190020044B1B681BB11B680F
:102BD0000BB1586870474FF0FF307047B0190020B4
:102BE000064B10B51C680CB900F042F923689B68CD
:102BF00013F4406F14BF0120002010BDB019002055
:102C00002DE9F843904607460C46FFF7E9FF0246D8
:102C100024B96FF080042046BDE8F8836300F8D53E
:102C2000144B04F01F0153F82150002DF1D02B68F4
:102C300029465868FFF78EFFB0B9C4F3072128462C
:102C400000F0BBFA04460028E3D1EFF3108972B616
:102C500000F0C1F9064689F3108840B14246294682
:102C6000FFF79AFF3E60D6E76FF08104D3E76FF07D
:102C70008204D0E7C41900202DE9F04100F0AAF940
:102C80000023134E134F73607B6000F0E5F8DFF80C
:102C90004880304600F022F80446A8B13946802327
:102CA000424600F07FF80546204600F0CBFA206847
:102CB00004F10801FFF75AFD08B100F0D9F82946E0
:102CC0002046FFF77FFCE4E7BDE8F04100F071B972
:102CD000B4190020441A0020C4190020F8B5054694
:102CE00008B900F0C5F82A4E346814F1290F4CD801
:102CF000284B196804F128038B4246D2236AA26943
:102D000003EB43030C321344606AE269024402EBB2
:102D1000820213449B00E31801D2994201D200F0D1
:102D2000A7F823681C4A1B0C1B04934201D000F037
:102D30009FF82388B3F5817F01D300F099F8636889
:102D4000002B01DA00F094F8144A176807F1240305
:102D50001360134A1268934201D900F089F8236A7C
:102D6000A26903EB43030C32616A1344E2693C60DD
:102D70000A4402EB82021344326802EB83026B685E
:102D800032603B626F603846F8BD0027FBE700BF4A
:102D9000C41000209C34000000005F5FC0100020C1
:102DA000983400002DE9F74F0F46904606460093F1
:102DB00000B109B900F05CF8D6F800A0DAF81820E4
:102DC0000AF1300303EB820BDAF81C40204B1D683C
:102DD00054B10C2202FB04541C601E4B1B689C4225
:102DE00001D900F045F82C4625464FF00009DAF8E5
:102DF0001C204A4500D91CB9002003B0BDE8F08F63
:102E0000142303FB09B20023C5E900269268AB60D6
:102E1000930516D5B8F1000F02D0009B802B03D08C
:102E2000019200F025F8019A12F0E00FD0B202D121
:102E300058F820201AB1019000F01AF8019848F8CB
:102E400020507A6809F10109AA607D600C35CEE74F
:102E5000BC1000209434000008B5FFF73BFD034B85
:102E60009860FFF73DFD80F3888808BD00ED02E023
:102E7000FFF786B98230012808B506D8FFF7B0FE03
:102E800018B9BDE80840FFF7F3BF08BDF8B506461E
:102E90000D4600F0A4F9044608B9FFF7E9FFA7685A
:102EA0000FB9FFF7E5FFE368991C20D05A1C21D128
:102EB000A5B315F1820F13D102232360EFF310861F
:102EC00072B629462046FFF775FB054686F3108843
:102ED0002368022B24D1204600F086F82846F8BD4E
:102EE00015F1830FEAD0FFF7C3FF0025E6E70223C1
:102EF0002360FAE7002BF6DB204600F094F93B68EC
:102F00009B689B0501D50223236015F1810FD5D164
:102F10006369002BD2DBFFF7ABFFCFE73546F4E761
:102F200000232360DAE708B5FFF72AF96FF0830082
:102F300008BD2DE9F3410E46174698460546FFF7B2
:102F40004FFE00F060F92946024601A8FFF758FE3F
:102F5000044660B943463A4631460198FFF7B2F954
:102F6000044640B16B0002D5019800F03DF82046C0
:102F700002B0BDE8F0810198FFF7F4FA0446F6E7E5
:102F800040F20110704770B50546FFF729FE06466E
:102F90002846FFF7C9FD044608B9002070BD014668
:102FA00032462846FFF7D6FD0028F6D12368D868B8
:102FB000F4E76FF00200704700DF70474FF4805075
:102FC0007047B0F5805F03D1EFF30B808038704716
:102FD000002070477047EFF30B8000F1800383F30C
:102FE0000B88704700207047EFF30B83803B83F31F
:102FF0000B88704770472DE9F0410E461546002AB0
:103000004AD0C4074BD480F00204C4F34004A400A7
:1030100003F00602062A4AD144F00104224629465A
:10302000304602F051FBB8BB46E800F205EB06085B
:10303000100E120208F1FF3747E800F34FEA136160
:1030400066D51B0264D5884262D046E800F547E8A1
:1030500000F7FFF730F82D0E85424FEA176734D39B
:10306000FFF72BF8874230D82846FFF71FF8224693
:10307000C6F101010144304602F026FB002847D08A
:103080000135AF4218D83846FFF70EF82246A8EBB4
:10309000000102F019FBD8B30020BDE8F081EFF386
:1030A0009484A40004F0040444F01204B0E79907E7
:1030B00031D544F00804B1E72846FEF7F5FF06468F
:1030C000FEF7FDFF22460146D5E7FFF700F88542EF
:1030D0001ED3FEF7FEFF87421AD82846FEF788FD6A
:1030E0002246C6F101010144304602F0EDFA78B102
:1030F0000135AF4203D83846FEF7E4FFC6E728465D
:10310000FEF7E0FF0646FEF7E6FF22460146EBE744
:103110006FF07F00C1E74CF2DA20BEE710B504463D
:10312000FFF74AFCFFF758FC10B143F6DA3010BD48
:10313000FFF786FC0028F8D1FFF754FB0028F4D1F4
:1031400002232360F3E708B5FFF7F4FB10B143F661
:10315000DA3008BDFFF7F8FB0028F8D100F01CF8C2
:103160000028F4D162B6FDF7B1FCFFF7F9FB0028A7
:10317000EDD1FFF715FC0028EBD0E8E7EFF308806E
:10318000EFF309812DE9F00F6B467246FDF7F4FB72
:1031900008B0FFF7B1FBFEE70020704704460D467C
:1031A000A54628470368283383F30988836883F397
:1031B0000B88BFF36F8F4068704703689A68DB68BD
:1031C00012F4806F05D18B422CBF00206FF0FA0003
:1031D00070478B420CBF00206FF0FA00704710B5AB
:1031E000FFF7EFFE0446FFF7FDFE50B9FFF7ECFCDA
:1031F000A3685B681B685B68834218BF0024204695
:1032000010BD0024FBE738B5054648B100F01BF8B7
:10321000B5EBD07F044601D0FFF72AFE204638BD2B
:10322000FFF7D2FCF4E7002310B500F1280252F8B2
:10323000041F19B1C16F146C19444C600833202B62
:10324000F5D110BD70474FF0FF30704700000146C8
:103250004154414C204552524F523A20004861722D
:10326000644661756C740D0A004D656D4D616E614B
:103270006765206661756C740D0A0042757346615E
:10328000756C740D0A0055736167654661756C74E1
:103290000D0A005365637572654661756C740D0A9D
:1032A0000052657365727665642045786365707455
:1032B000696F6E2000506C6174666F726D20657866
:1032C0007465726E616C20696E746572727570746B
:1032D00020284952516E293A20000000110B0000AD
:1032E000B31E0000C10D0000750D0000DB1E0000C4
:1032F000E71E0000490B0000B71E0000310B000064
:103300003D0B0000FD0B0000BD1E0000C91E0000AB
:10331000CF1E0000030000000200020003020202B0
:103320000338FDD87047506C6174666F726D20452C
:103330007863657074696F6E3A0D0A00416C6C2099
:1033400070696E732068617665206265656E2063C2
:103350006F6E66696775726564206173206E6F6E4B
:103360002D7365637572650D0A0030313233343563
:10337000363738394142434445461B5B313B333491
:103380006D5B536563205468726561645D205365AD
:103390006375726520696D61676520696E6974691E
:1033A000616C697A696E67211B5B306D0D0A001BC9
:1033B0005B313B33346D426F6F74696E67205446E6
:1033C0002D4D2076322E302E302D6E6373321B5BE6
:1033D000306D0D0A00556E6B6E6F776E2053504D39
:1033E00020535643207265717565737465643A2085
:1033F00000556E6B6E6F776E20535643206E756D61
:10340000626572207265717565737465643A200037
:1034100000400050005000500080005000A00050BC
:1034200000B0005000E0005000F0005000000150DB
:103430000010015000400150005001500070015038
:103440000080015000B0015000C0015000D0015078
:1034500000E0015000F00150000002500010025046
:103460000020025000300250004002500060025024
:103470000080025000A002500090035000258450AC
:103480000080000000800000FFFF0F00007C0000B3
:10349000008000002C120020141200200002000006
:1034A000009A204B9A4208D110B502F07DFA02F042
:1034B000A9F906BC96460C46744702F0B9FA009A80
:1034C000184B9A4208D110B502F07AFA02F09AF934
:1034D00006BC96460C46744702F0AAFA0CB4029A4F
:1034E000104B9A420CD14FF0004319430CBC10B55D
:1034F00000F09EF802F086F906BC96460C4674472A
:1035000002F096FA009A074B9A4202D106490868DF
:10351000744702F08DFA009A024B9A4200D1744728
:1035200002F086FAA5EDF5FE801000200348044B5A
:10353000834202D0034B03B118477047A811002003
:10354000A8110020000000000548064B1B1AD90FE7
:1035500001EBA301491002D0034B03B11847704798
:10356000A8110020A81100200000000010B5064C92
:10357000237843B9FFF7DAFF044B13B10448AFF3E4
:1035800000800123237010BDC0180020000000003F
:10359000B45C000008B5044B1BB104490448AFF308
:1035A0000080BDE80840CFE700000000C4180020FC
:1035B000B45C0000A3F5803A704700BF174B002BA6
:1035C00008BF134B9D46FFF7F5FF00218B460F46C2
:1035D0001348144A121A02F0C4F90E4B002B00D003
:1035E00098470D4B002B00D0984700200021040085
:1035F0000D000D48002802D00C48AFF3008002F007
:10360000DBF820002900FEF729FE02F0C1F800BF18
:10361000000008000000000000000000F80B00207F
:10362000A8110020B82800200000000000000000C1
:103630002DE9F84304460D4616461F46EFF3058371
:10364000C3F308030BB1FFF713FCDFF834903B46DC
:10365000204632462946D9F80080FFF76AFCD9F89F
:1036600000300446984506D0DB6901461869BDE87C
:10367000F843FFF70BBCFFF7FDFB2046BDE8F883DE
:10368000B019002001680E4A0346914215D1C16964
:10369000A2F11022A2F1EF1291420ED18268012A0A
:1036A0000BD8C26812B101698A4206D0586928B1A4
:1036B0009B691B1A5842584170470120704700BF50
:1036C00055AA00FF0D4B70B59E68A6B13046FFF7B6
:1036D000D9FF044678B9F3686BB935690DB920464E
:1036E00070BD2846FFF7CEFF28B9EB68B34202D180
:1036F0002E462D69F2E70124F1E700BF4C1A0020A5
:103700002DE9F041394E3468F368D4B1B468C4B1DE
:10371000002861D000295FD001FB00F5B5FBF0F077
:10372000884259D1291D57D8AA070DD025F0030288
:1037300004321C4603E0616891424FD2A469002C18
:10374000F9D12046BDE8F0812A46F2E7891A2329FB
:1037500004F12007D4E9050C1AD80123A360A0B115
:10376000C0F818C0A36903B158610023C4E9053348
:103770003369DB0702D5FFF7A5FFA0BB2A4600216E
:1037800038463C4602F0EDF8DBE7C6F80CC0E9E746
:1037900002F1200804EB08032039C3E9011E216966
:1037A000DFF84CE0DC60196144F808E0AEF1102E5F
:1037B000AEF1EF1EC3F81CE001B1CB60C3E9050C0C
:1037C00040B18361996901B14B6101212361C4E971
:1037D0000121CAE7F360F5E70024B2E7D4F808E076
:1037E000BEF1000FB2D0012001F0D2FF4C1A002030
:1037F00055AA00FFF8B5054600283AD0364E336882
:10380000002B36D0B268002A33D0834203D87268C6
:103810001344984202D3012001F0BAFFA0F1200422
:103820002046FFF72FFF0028F5D155F8183C012B53
:10383000F1D145F8180C55E90570DFB1BB68CBB97B
:1038400055F81C2C7B68203213447B60386100B132
:10385000C76020220021204602F083F8386908B1B1
:1038600083682BB333699B0703D5FFF72BFF002831
:10387000D1D1F8BD40B3836833BB42686368134459
:10388000203363600369D4E90521236192B9B9B992
:10389000426981696261A161A2B19461A26902B1C8
:1038A000546103B1DC602022002102F05AF8D9E70C
:1038B0003C46E2E79161A1690029E9D04A61E7E766
:1038C000F160F8E7F460E9E7F36845F8083C03B114
:1038D0005C61F460C6E700BF4C1A002038B50D46A5
:1038E000142200210446124802F03BF81149124804
:1038F00000F02CF8232D1AD914F003031FBF043D48
:10390000ED18C3F10403E4182A460021204602F012
:1039100028F8074B094AC3E900459C602260A2F1E0
:103920001022203DA2F1EF126560E261DC6038BD3B
:103930004C1A0020F53700000137000055AA00FF9F
:10394000014B1B68184700BFC8100020024B1860CD
:10395000024B002019607047CC100020C8100020D6
:1039600010B50A46044619B1024B00211B6898475E
:1039700010BD00BFD0100020054B0A46197819B1C0
:103980000146181D02F08EB86FF08800704700BF26
:10399000601A002010B5074C00F032F8204602F003
:1039A00092F8201F0821FFF7DBFFBDE8104002F06E
:1039B00076B800BF641A002070B50C4D2B787BB927
:1039C00002F06BF8044670B90126281D6E7002F0F3
:1039D00067F8044638B900F00BF8044618B92E70A1
:1039E0000024204670BDFFF7D5FFFAE7601A0020DB
:1039F0000122024B002083F880257047681A0020BE
:103A0000F8B5074C2025264601272046276202F0FC
:103A100033F8013D04F12C04F7D186F88055F8BD48
:103A2000681A002010B50C4C236813B10B4B1B68AF
:103A30002BB900F089FC30B90122084B1A60012330
:103A40002360002010BD0138062801D9044810BDAC
:103A5000044B53F8200010BD04200020002000205B
:103A6000FE8FFFFF1C5B0000144B2DE9F043002884
:103A700014BF04461C46124F236883B0BB4219D0C2
:103A800016460D4620464FF4147104F1040900F067
:103A900047F804F58E78484600F0CEF8404600F02E
:103AA00019FA2B464A4640460649009600F034FB78
:103AB00008B92760002003B0BDE8F083082000208B
:103AC000A5BCC95ABD3C000070B50D4C1D46002870
:103AD00014BF064626460B4B306882B098420DD183
:103AE00006F58E70002633460096144600F03EFB25
:103AF000002818BF34462C6002B070BD0248FBE7B6
:103B000008200020A5BCC95AE88FFFFF38B131B1A9
:103B1000002201440346013081421A70FAD17047F5
:103B200038B131B1002201440346013088421A7095
:103B3000FAD170472DE9F043202B1D4606468846F2
:103B400091468BB026D8DBB202AF8DF80480B04628
:103B500058F8041B8DF8053021B9404601F038F9BA
:103B6000044640B9012302224046336001A901F016
:103B700043F9044638B138462021FFF7D1FF2046EB
:103B80000BB0BDE8F0832A464946404601F034F9BF
:103B90000446F0E702AF1946104600233A4601F00A
:103BA000B1FA04460028E6D12023B9461D46CCE7E9
:103BB0002DE9F041D0F8F830A6B0002BD8BF02AE06
:103BC00031DD05460027D0F80C4102AEA4F1010812
:103BD0009022D5F8FC403146D0F8000101AB0197A6
:103BE000B8FA88F8A0474FEA5818044620B9019B54
:103BF00053B9B8F1000F16D030469021FFF790FF6F
:103C0000204626B0BDE8F081014632462846FFF73F
:103C100091FF58B9D5F80431019A1344C5F804311D
:103C2000B8F1000FE8D16FF03C04E5E70446204608
:103C300026B0BDE8F08100BF70B50025044614220F
:103C400004F588762946C0F8F850FC3001F089FE6A
:103C500008222946304601F084FE144B30461B688A
:103C60009847204640F8045B01F098F8104B304626
:103C70001B689847C8B9D4F8F830AB420FDC03EBA7
:103C8000830204EB82022021C2F800010120C2E974
:103C9000421008490133C2F8FC10C4F8F830064B52
:103CA0003046BDE870401B68184770BDF01000201A
:103CB000EC100020A14C0000E81000202DE9F04796
:103CC000202A88B07AD83F4B00F5887904461B68D3
:103CD00048461746884698470546F8B940F2011607
:103CE000D4F8F830002B65D02046FFF761FF054679
:103CF00038B9D4F8F830002B14DC013EF2D16FF063
:103D00003B056E4620213046FFF70AFF2E4B484602
:103D10001B689847002818BF6FF01D05284608B09B
:103D2000BDE8F087D4E94132934203D3D4F80C21A3
:103D3000012A02D0013ED7D1E1E71F2BFAD96E4606
:103D400001462022304604F1040A01F00AFE314601
:103D5000504601F07BF805460028D3D1504601F0CB
:103D600031F8504601F01AF82946504601F030F873
:103D700005460028C6D150462022314601F03CF8C5
:103D800005460028BED1034632462021304601F0C8
:103D9000B9F905460028B5D1D4F8F8303A46002BD9
:103DA000C8BF002340463146C8BFC4F8043101F003
:103DB000B3FDA7E76FF03F056E46A3E76FF03B0545
:103DC000ACE700BFEC100020E810002070B590B008
:103DD00000287AD03E4C0D46402236210646204629
:103DE00001F0BFFD40225C21A01801F0BAFD2B1D9F
:103DF000A34203D904F144039D4252D32B682268A5
:103E0000534023602B68226C534023646B686268C4
:103E1000534063606B68626C53406364AB68A26834
:103E20005340A360AB68A26C5340A364EB68E268A4
:103E30005340E360EB68E26C5340E3642B69226912
:103E400053402361226D2B695340236562696B697E
:103E5000534063616B69626D53406365AB69A269EE
:103E60005340A361AB69A26D5340A365EB69E2695E
:103E70005340E361EB69E26D5340E3650021304656
:103E800000F0A6FF044628B940223046104900F051
:103E9000B3FF044640216846FFF742FE204610B0BB
:103EA00070BD631E04F13F01013D1F3415F8010F81
:103EB00013F8012F42401A7011F8012F2878A342FD
:103EC00082EA00020A70F1D1D8E76FF07304E5E7E7
:103ED0005822002010B54FF49A720021044601F0D8
:103EE00040FD42F21072044BC4F8202104F5967094
:103EF0001B68BDE810401847F01000202DE9F04F76
:103F000004468846914695B0002900F0A780002A13
:103F10000CBF0126022600238DF80C30002C00F087
:103F20009F80DFF844A104AF0AF1400B0021204636
:103F300000F04EFF034648B1384620210193FFF7B9
:103F4000EFFD019B184615B0BDE8F08F40225146A9
:103F5000204600F051FF03460028EDD104F1F4059E
:103F600020222946204600F047FF03460028E3D1DF
:103F70000122204603A900F03FFF03460028DBD1C1
:103F8000022E62D020460CA900F060FF03460028F4
:103F9000D2D10146204600F01BFF03460028CBD1BA
:103FA00040225946204600F027FF03460028C3D18F
:103FB000202220460CA900F01FFF03460028BBD199
:103FC0003946204600F042FF03460028B4D1394666
:103FD0002046FFF7FBFE03460028ADD120222946EC
:103FE000204600F009FF03460028A5D120460CA971
:103FF00000F02CFF034600289ED10146204600F029
:10400000E7FE0346002897D140225946204600F09B
:10401000F3FE034600288FD1202220460CA900F091
:10402000EBFE0346002887D12946204600F00EFF0C
:104030000346002880D19DF80C200132D2B2B24252
:104040008DF80C20FFF472AF76E74A4641462046D1
:1040500000F0D2FE0346002894D06DE701265AE70F
:104060006FF0730304AF67E7582200202DE9F04199
:104070000446884615461F46D0F81801E0B013B133
:1040800000EB40004008B5F5807F3ED82844B0F5ED
:10409000C07F3AD84FF4C0720021684601F061FC3D
:1040A0006946D4F82431D4F81821D4F82801984767
:1040B00070BBD4F8186157B1D4E9493072080DEBE0
:1040C0000601984720BBD4F8183106EB5306B8F127
:1040D000000F00D08DB9324669462046FFF70EFF2B
:1040E000054610B90123C4F8143131466846FFF77C
:1040F00017FD284660B0BDE8F0810DEB0600414693
:104100002A462E4401F008FCE5E76FF00405F0E7CD
:104110006FF00805EDE700BF2DE9F047044604F114
:10412000F4050F4691461E46DDF8208000F036FE6D
:1041300029462046FFF74AFE08B1BDE8F087284629
:104140002022012101F00DFCD4F81831C4F82471AB
:10415000C4F8289113B92023C4F8183142463146D7
:104160002046BDE8F0470123FFF780BFB2F5806F1E
:1041700000F295802DE9F04F89B09A46129BB3F575
:10418000807F00F29080D0F82431164604460F4616
:104190004BB3D0F81C31012B05D0D0F81421D0F846
:1041A00020319A421FDD514600232046129AFFF724
:1041B0005DFF014698B900231293002E5ED0DFF810
:1041C000EC9009F1400B0021204600F001FE202E6A
:1041D0003546014628BF202504F1F40890B1084671
:1041E00009B0BDE8F08FBAF1000FE6D0129B002BAA
:1041F000E1D051461A462046FFF780FE01460028CE
:10420000DBD0ECE749464022204600F0F5FD0146B0
:104210000028E4D141462022204600F0EDFD014671
:104220000028DCD16946204600F010FE0146002837
:10423000D5D1204600F0CCFD01460028CFD159460B
:104240004022204600F0D8FD01460028C7D169462B
:104250002022204600F0D0FD01460028BFD1414673
:10426000204600F0F3FD01460028B8D138462A4622
:10427000414601F051FB761B2F44A4D15146204604
:10428000129AFFF73BFE01460028A8D10846D4F851
:1042900014310133C4F8143109B0BDE8F08F6FF068
:1042A0000201084670476FF0040198E75822002089
:1042B000002130B58DB0282202A8019101F051FBF8
:1042C00002A800F047FF044610B120460DB030BDF3
:1042D000174D4FF0FF31286800F042F9044620B135
:1042E000144800F0D3F9012C18D0002000F068F930
:1042F000D0B9114A02A901A800F0C4FC044601206B
:1043000000F05EF960B9286800F032F90028DCD0CE
:104310000A4800F0BBF920460DB030BD0524F2E795
:10432000074800F0B3F9EEE7064800F0AFF9E0E720
:10433000D4100020385B0000D8220020905B0000E1
:10434000705B0000505B000030B583B000F05CF89B
:1043500028B100F0ABF80324204603B030BD00F0D4
:1043600077F8D8B900F02CF9E0B9224CD4F8283904
:104370001B0EF02B0AD1D4F8242A1F4B9A4231D0BD
:1043800000F044F8072400F091F8E5E7062400F077
:104390003DF800F08BF8204603B030BD04242046E1
:1043A00003B030BD00F032F800F080F8FFF780FF76
:1043B000044698B9114D2B68002BCDD10246014619
:1043C000FFF752FB50B968220D4901ABFFF77CFBA8
:1043D00020B920460B4B2B6003B030BD052420468E
:1043E00003B030BD012000F0EBF80028DAD1C4F8AA
:1043F0000C0ADBE7001084500000E020F8240020C5
:10440000FC2400205AEA5A5A0020704700207047C6
:10441000430504D54FF0FF32034BC3F80821024B8C
:10442000C3F8080A704700BF00108450014BC3F85E
:10443000040A70470010845008B100F06BB84FF4C4
:104440007500704708B100F04FB84FF47500704721
:1044500010B5114800F070F800B110BD0F4800F021
:104460006BF80028F9D10E4C204600F065F80028C2
:10447000F3D10C4B0C481C6000F05EF8014600289C
:10448000EBD100F02DF8044608B1204610BD00F035
:1044900079F82046FAE700BFE4100020E010002081
:1044A000DC100020D4100020D810002008B50848E7
:1044B00000F04CF8074800F049F8074800F046F8CB
:1044C000064800F043F8BDE8084000F00BB800BF14
:1044D000E4100020E0100020DC100020D8100020A4
:1044E00000207047704700BF024610B4084CD4F853
:1044F000003A1342FBD021B1D4F804310B60C4F868
:104500000831034B0020C3F8082A10BC704700BFD5
:1045100000108450044AD2F8003A1842FBD0C2F886
:10452000080A0020704700BF0010845001F0BEB997
:104530000A46002101F015BA08B5034B02681B6852
:1045400010689847002008BD1011002008B5034BE3
:1045500002685B6810689847002008BD10110020B1
:10456000024B02689B681068184700BF10110020BA
:1045700008B5034B0268DB6810689847002008BD47
:104580001011002070B5094C094D2069AB6898479F
:1045900018B1084B08485B6898470021074AEB6848
:1045A00011602069BDE87040184700BFFC10002072
:1045B00010110020F4100020A85B000064250020EA
:1045C000F8B51A4D1A4E0446B26828699047E8B902
:1045D000184F3B684CB1A3B1012B19D0013B3B6094
:1045E0002869F36898470020F8BD43B90121124AB1
:1045F000C2F800151149D1F81029002AFBD1013366
:104600003B60F368286998470020F8BD0C48F8BD66
:104610000A4AD2F81039002BFBD1074A6FF07E40CE
:10462000C2F80035FFF702FF3B68D7E7FC10002017
:1046300010110020642500200000845000108450D8
:10464000E98FFFFF014B1B68184700BF10110020C6
:10465000014B9B68184700BF10110020014BDB681D
:10466000184700BF10110020BFF34F8F0549064BBC
:10467000CA6802F4E0621343CB60BFF34F8F00BF00
:10468000FDE700BF00ED00E00400FA0530B44FF094
:10469000FE320025074B084C08494968C3F800243E
:1046A000C3F80424C3F80824C3F80C24C4F8005544
:1046B00030BC08470010845000008450F4100020E3
:1046C00010B5044650B1636813F0685F05D0064A20
:1046D000934202D000236260236010BD034B044864
:1046E0005B689847EFE700BF2C5F5CA9F4100020DF
:1046F000C85B0000C8B143680D4A934213D013F061
:10470000685F0ED0012350E8002F194640E8001CD6
:104710009CF0000FF7D1012AF5D0BFF35F8F002086
:10472000704704487047044870476FF4E040704792
:104730002C5F5CA9E98FFFFFEA8FFFFF034680B182
:10474000426809498A420AD012F0685F05D0BFF377
:104750005F8F002210461A60704704487047044873
:1047600070476FF4E04070472C5F5CA9E98FFFFF52
:10477000EA8FFFFF10B5044620B10023034A2360EF
:10478000626010BD0248FFF781FFF6E73A00003A89
:10479000F05B00002DE9F047002878D00C46002996
:1047A00075D01D46002B72D007461AB10122002396
:1047B0002A6003602B68002B64D02946204600F055
:1047C000B7FD804600285FD12146286800F096FD9D
:1047D0008046002858D12B68082B6CD0042B6DD054
:1047E000A3F10209B9FA89F94FEA59190121354EA5
:1047F000C6F8C411C6F84011C6F8C411636AC6F8F9
:104800003031D6F830219342F6D14FF0000A4FF004
:10481000FF30C6F82CA1FFF7FBFD6FF01B035046DD
:10482000C6F80031FFF702FEC6F80C91D6F8040A6C
:1048300040F48060FFF7FAFD0A23C6F83831089B80
:10484000012B29D02369204AA2FB03231B09626A9A
:10485000404602FB03F303EB43031A4ADB039B09C5
:10486000C2F8D8310123C2F82C313B682A6823F002
:104870007F4343EA02633B602A6843EA02233B60CA
:10488000BDE8F087DFF844804046BDE8F087DFF8F8
:1048900040804046BDE8F0874FF47F03D3F80C2CEE
:1048A000013206D0D3F80C3C074AA2FB03231B09B4
:1048B000CDE71623CBE74FF0030997E74FF0020946
:1048C00094E700BF00108450ABAAAAAA310CF100F3
:1048D000350CF10058B34B1EB3F5047F27D230B529
:1048E0004FF0000ECD00744671464B0901F01F0CCD
:1048F00050F82330BCF11F0F23FA0CF306D003F05D
:10490000010319B901211C468E46EEE79C4201F1D4
:10491000010106D01C464FF0010EA942E5D100204E
:1049200030BD0EF1010E9645F7D1024830BD014869
:10493000704700BF360CF100C0B32DE9F0434C1EA8
:10494000B4F5047F1DD2E3B1DAB100252E46A846A6
:104950002C46CF0003F1FF394FEA541C04F01F0E20
:1049600050F82C10BEF11F0F21FA0EFC0CD00CF0E9
:10497000010C4CB90126E04634463546ECE7964238
:1049800016D90C48BDE8F083AB420BD0C44508BF34
:104990000136A945F3D001350134BC42DCD10020F9
:1049A000BDE8F0830125E0462E46F5E70148704753
:1049B0001D46F1E7370CF1002DE9F04F91B0834629
:1049C000DDE91B460D46002E6ED10F691C600023E9
:1049D0001A990B60002A00F02F819D4B6A6AD3F868
:1049E0003811D3F830319A4269D10A2967D19BF83E
:1049F0000330089304F10803079304230593954BB0
:104A0000934CA3FB07239B0803EB4303A7EB430350
:104A1000039306971A9B069E1E60002E00F0EA8004
:104A200000F096FC00230993BBF1000F00F0D58045
:104A300098464FF0010ADDF81C90002D00F0CD8063
:104A4000089B002B3DD0284608A900F071FC0028E7
:104A500039D0814B984220D0089B082B00F0E4808D
:104A600000225B000893294608AB58460092FFF7E6
:104A700091FE7A4B984200F0D38070B9DBF80020A9
:104A8000130A03F47F03134323F07F43CBF8003072
:104A9000059B013B0593BDD10020039000F058FC1D
:104AA000039811B0BDE8F08F4FF47F01D1F80C0CE2
:104AB00001300CBF4FF40477D1F80C7C86E76848CE
:104AC000EBE76648C5E72946089800F017FC002880
:104AD000BFD1089B082B00F0A980042B00F0A9800F
:104AE000A3F10203B3FA83F35B090493C4F8C4A1EE
:104AF000C4F840A1C4F8C4A16B6AC4F83031D4F83A
:104B000030219342F6D100234FF0FF30C4F82C310E
:104B1000FFF77EFC002318466FF01B03C4F800313A
:104B2000FFF784FC049B4B4FC4F80C31D4F8040A03
:104B300040F48060FFF77AFC0A23C4F838312B690F
:104B400009A8A7FB03236A6A1B0902FB03F303EB13
:104B50004303DB039B09C4F8D831C4F82CA1DBF86C
:104B60000030089923F07F420B0243EA01631343AC
:104B7000CBF8003000F0B2FB099B03F01A030343AB
:104B80007FF46AAFA7FB0637D4F81431B8EB970F60
:104B90000A93D4F818310B93D4F81C310C93D4F841
:104BA00020310D93D4F824310E93D4F828310F938B
:104BB00001D1039B9BB9484618220AA9183EFFF76A
:104BC000B5FC09F1180908F101089EB100F0C0FB1D
:104BD00000230993002D7FF433AF224839E748467C
:104BE0001A46F61A0AA9994408F10108FFF79EFC33
:104BF000002EEBD1069F079E6A6939463046FFF7C3
:104C000069FEAA6940B94FF4806339463046FFF720
:104C100093FE00283FF440AF00231A9A136018E770
:104C20002B6A002B3FF439AF0F4836E70323049378
:104C30005CE70223049359E701222946584600966F
:104C400008ABFFF7A7FD00283FF4D4AE25E700BF6F
:104C500000108450ABAAAAAA020CF100310CF1009A
:104C6000300CF100350CF100320CF10010B4DDE92C
:104C7000013401940024DDF80CC0CDE902C410BC5D
:104C8000FFF79ABE30B51546012487B005AB0093F7
:104C90000022CDE9015404ABFFF78EFE07B030BD12
:104CA000F0B587B0002966D01E46002B63D01446AD
:104CB000002A60D0314F0D4638684FF0FF31FFF7C2
:104CC0004FFC00284DD10020FFF77AFC002844D18A
:104CD0002B4800F03FFAD8B101204FF0FF35FFF725
:104CE0006FFC002835D14FF408712648FEF70EFFFF
:104CF00004212548FEF70AFF21482821FEF706FF78
:104D00003868FFF735FC00282FD1284607B0F0BDE2
:104D10001C4A0346029205AA019204AA039000923B
:104D2000174902461848FFF7A1FF03460028D3D1D0
:104D300028461D46059B22469C4228BF1A460499D8
:104D400032600831FFF7F2FB0120FFF739FC002841
:104D5000C9D00E48FFF79AFCC5E70D48FFF796FC4F
:104D6000B6E70C48FFF792FCADE70B48FFF78EFC67
:104D7000284607B0F0BD4FF0FF35C6E7D41000203D
:104D80007C250020A425002078250020705B0000F1
:104D9000505B0000385B0000145C000010B5044656
:104DA00028B12046BDE81040F421FFF7C1BB0448FC
:104DB000FFF76CFC2046BDE81040F421FFF7B8BBBC
:104DC0002C5C000010B1F421FEF7A0BE704700BFBC
:104DD00008B521B1012908D06FF0360008BD0121C6
:104DE00000F058F80028F7D108BD022100F052F871
:104DF0000028F9D0F0E700BF30B505468818B0F5B7
:104E0000801F0B461446A1B001D8802A0CD9B3F5F7
:104E1000801F17D922461946284600F07DF804461F
:104E200084B9204621B030BD6846FFF77FFB22469B
:104E30006946284600F070F8802104466846FFF76E
:104E400077FBEDE76FF03604EBE700BF70B5E8B134
:104E50000E46D9B1044600F031F80546B0B92368D2
:104E6000012B0BD0022B01D0284670BD1C223046EE
:104E700004F10801FFF75AFB284670BD2022304696
:104E800004F10801FFF752FB284670BD6FF03605AC
:104E9000EAE700BF78B138B50D46F0210446FFF7C8
:104EA00047FB402320462560E36500F091FA003877
:104EB00018BF012038BD0120704700BFF0B5056E56
:104EC000A5B0044604AEE5B900230127019330469E
:104ED0006760294602AA009300F046FA10B101204B
:104EE00025B0F0BD2A46204602A900F099FA002814
:104EF000F5D1204600F0AAFB0028F0D1206625B0AD
:104F0000F0BD802D2A46304628BF802204F164017E
:104F1000FFF70CFB256ED7E7002800F0AE802DE9E7
:104F2000F04F1446A5B0002A3DD00F46002949D0C5
:104F3000B2F5803F0546006E20D34FF6FF7805F1AD
:104F4000640AEB6D1A1AB2FBF3F103FB1122002A7B
:104F500065D18342B9464FF6FF7672D0B6FBF3FBBC
:104F600003FB0BFBBBF1000F30D1002E45D1A4F5A4
:104F70007F44FF3CB4F5803F4744E2D2EA6D161A05
:104F8000B6FBF2F302FB1366A64228BF2646002EAC
:104F900075D1824200F08D80B4FBF2F602FB06F67A
:104FA0002EB9002C79D1002025B0BDE8F08F002368
:104FB00031463846CDE9003302AA00F0D5F9002881
:104FC00000F09580012025B0BDE8F08F0023594600
:104FD0004846CDE9003302AA00F0C6F90028F1D115
:104FE0005A46284602A900F01BFA0028EAD1A6EB8F
:104FF0000B06286ED944002EB9D0193049463246E6
:1050000005EB8000FFF792FAA4F57F44286EFF3C81
:105010003044B4F5803F4744286692D2AEE742451B
:1050200028BF4246164639465044FFF77FFA286E9D
:10503000EB6D3044834207EB06092866A8EB0606B1
:105040008CD1802B28BF802351461A4604A8FFF735
:105050006DFA0023E96D02AACDE9003304A800F03F
:1050600083F90028AED12846EA6D02A900F0D8F9EC
:105070000028A7D1EB6D286670E70120704705F185
:105080006403394632461844FFF750FA286EEA6D39
:105090003044A41B374428667BE72B6E2246193325
:1050A00005EB83003946FFF741FA2B6E23442B664C
:1050B00079E7802A28BF802205F1640104A8FFF760
:1050C00035FA0023E96D04A8CDE9003302AA00F007
:1050D0004BF900287FF476AF2846EA6D02A900F06C
:1050E0009FF900287FF46EAFEA6D286654E73246D8
:1050F000284602A900F094F900287FF463AF3744F2
:10510000A41B4EE7F8B51C460546114816460F4647
:10511000FFF744FE21460E48FFF75AFE044620B131
:105120000B48FFF74FFE2046F8BD3A46294608488F
:10513000FFF762FE04460028F2D131460448FFF72B
:1051400085FE04460248FFF73DFE2046F8BD00BF3D
:10515000C42700201C2370B582B001A90546019325
:1051600000F032F8044638B9019B1C2B07D0144CD0
:105170001C212846FFF7DCF9204602B070BDD5E9B6
:105180000112131E18BF0123003918BF0121012687
:1051900028689B00EA6843EA4103002818BF43F0EF
:1051A0000103EE612AB9C5E90834002BE4D1054CAE
:1051B000DEE7204643F00803C5E9083402B070BDBD
:1051C000370CF0000E0CF0000346002866D00029D2
:1051D00064D00A681C2A61D14FF47F023B49D2F89F
:1051E000100C88425CD0D2F8101C013158D0D2F893
:1051F000101C4FF47F021960D2F8140C3449884215
:1052000060D0D2F8141C01315CD0D2F8141C4FF4D9
:105210007F025960D2F8181C11F5947F4FD0D2F854
:10522000181C01314BD0D2F8181C4FF47F02996042
:10523000D2F81C0C274988423ED0D2F81C1C013100
:105240003AD0D2F81C1C4FF47F02D960D2F8001C6F
:1052500070312FD0D2F8001C01312BD0D2F8001CB5
:105260004FF47F021961D2F8041CAF3120D0D2F87C
:10527000041C01311CD0D2F8041C4FF47F02596188
:10528000D2F8080C144988420DD0D2F8081C01311C
:1052900009D0D2F8082C00209A617047012070478D
:1052A00040F6FC01A5E740F2373200209A617047D2
:1052B0005121E2E79021D3E742F60411C3E740F61B
:1052C000D861B2E742F2D001A1E700BFFCF8FFFFCE
:1052D000D020FFFF0429FFFF37F3FFFF014608B589
:1052E0004FF48060FFF7AEF80022034BC3F8C821EB
:1052F000C3F82C2108BD00BF0010845001380728D6
:1053000005D8DFE800F0100E040A0404040607487C
:105310007047CB6800204B6270478B6800204B625F
:1053200070474B68F6E70B68F4E700BF310CF100FB
:105330000B6802E0082B0B6006D8026A13424FEAA2
:105340004303F7D00020704700487047310CF1004C
:105350000022044B4FF48060C3F82C21C3F8C42111
:10536000FFF756B800108450F0B5002483B0B0F1B8
:10537000005F8DF8074025D38C468444BCF1804FF4
:1053800004461FD817461D4601220DF1070300F001
:1053900097F90646B0B99DF80730099A3C603B7111
:1053A00092B14DB10246089928460DF1070300F06D
:1053B00087F938B99DF807303046099A156013719E
:1053C00003B0F0BD4FF47506304603B0F0BD00BF2A
:1053D000D8B108B50368012B04D0022B0FD043B11C
:1053E0000B4808BD20220B490830FFF79FF800202A
:1053F00008BD142208490830FFF798F8F7E7202283
:1054000006490830FFF792F8F1E74FF47300704750
:105410000100F3003C5C00007C5C00005C5C000070
:105420002DE9F843002900F0F9800446002800F037
:10543000F98003680F469046002B00F0C380013BC3
:10544000012B00F2D7804FF0FF3178484FF002096E
:10545000FFF786F8002840F0BF800020FFF7B0F883
:105460000646002840F0C280714AD2F81C39002B51
:10547000FBD16F4DD5F8203C002BFBD14FF0FF3016
:10548000FEF7C6FFD5F8040A20F04000FEF7CEFF75
:1054900001230722C5F81838C5F80029C5F8C43714
:1054A000A36CC5F8CC37E36CC5F8D037C5F8C09706
:1054B00023685BB1013B012B18D8636AC5F85C36E1
:1054C000236AC5F85836E369C5F85436A269584BC3
:1054D000C3F850266269C3F84C262269C3F84826EF
:1054E000E268C3F84426A268C3F84026504AD2F8BE
:1054F0001039002BFBD1B8F1000F5FD0636840205A
:10550000012B08BFC2F884363A68494BC3F8282CEF
:10551000C3F82C8CFEF790FF0646454AD2F81039A6
:10552000002BFBD1424AD2F8203C002BFBD1236850
:105530005BB1013B012B18D8D2F85C366362D2F81C
:1055400058362362D2F85436E361394BD3F85026EB
:10555000A261D3F84C266261D3F848262261D3F8C1
:105560004426E260D3F84036A36000230121304A8C
:10557000D2F8CC07A064D2F8D007E064C2F8C41710
:10558000C2F88436C2F8C837D2F81039002BFBD1E4
:10559000C2F81838002E3BD1254BD3F8040A40F04E
:1055A0004000FEF743FF0120FFF70AF860BB1F48E9
:1055B000FEF7DEFF10BB3046BDE8F8830423C2F8D7
:1055C000C837AAE74FF0FF3118484FF00109FEF73E
:1055D000C7FF00283FF441AF1648FFF757F80020F7
:1055E000FEF7EEFF064600283FF43EAF1248FFF7F5
:1055F0004DF839E7114E3046BDE8F8831048FFF703
:1056000045F83046BDE8F8830E48FFF73FF8CEE78F
:10561000102104F10800FEF78BFFBDE70A4E30466B
:10562000BDE8F8834FF47306C5E700BFE41000201F
:1056300000108450385B0000505B00000100F30054
:10564000905B0000705B00000300F300A0B3034612
:1056500070B4D0E90240D3E9041226BA05BA0CBAF4
:1056600010BAC3E90440D3E90612986A09BAC3E93B
:10567000026512BA996100BAD3E9084125BA0CBA99
:10568000C3E90725D3E90B12C3E9094009BAD86B6E
:1056900012BAD962D3E90D4125BAC3E90C250CBA77
:1056A00000BAD3E9101209BA12BAC3E90E4019645C
:1056B00000205A6470BC70474FF47300704700BFFD
:1056C00000201870704700BF431810B501D21F2A80
:1056D00001D9002010BD013902F014030144102B40
:1056E00080EA01043CD009DC8BB1042BF1D11F2CE2
:1056F00040E840F315D941E840F10EE0142BE8D121
:105700001F2C40E8C0F30CD941E8C0F105E01F2C84
:1057100040E800F305D941E800F11C460B468C42F5
:10572000D7D122F01402013A0A2AD2D801A151F8A5
:1057300022F000BF835700007D5700006F57000024
:10574000D3560000D3560000D3560000D3560000B5
:105750008957000083570000775700006F570000FB
:105760001F2C40E880F3DCD941E880F1D5E713F441
:10577000001FAFD1ADE713F4801FFAE75B02A9D594
:10578000A7E713F4002FF4E713F4802FF1E700BF2D
:1057900008B5074B044613B10021AFF30080054B59
:1057A0001868836A03B19847204600F029F800BFC3
:1057B00000000000905C000070B50D4D00260D4CFF
:1057C000641BA410A64209D10B4D00260B4C00F01F
:1057D00099F9641BA410A64205D170BD55F8043B8D
:1057E00001369847EEE755F8043B01369847F2E753
:1057F000A0110020A0110020A0110020A411002061
:10580000FEE700BF002383F300887047FDF730BB3D
:10581000EFF30880EFF309812DE9F00F6B46724634
:10582000FBF7AAF808B0FFF7F1FFFEE7FDF720BB92
:10583000EFF30880EFF309812DE9F00F6B46724614
:10584000FBF79AF808B0FFF7F1FFFEE7FDF710BB92
:10585000EFF30880EFF309812DE9F00F6B467246F4
:10586000FBF78AF808B0FFF7F1FFFEE7FDF700BB92
:10587000EFF30880EFF309812DE9F00F6B467246D4
:10588000FBF77AF808B0FFF7F1FFFEE7FDF7F0BA93
:10589000EFF30880EFF309812DE9F00F6B467246B4
:1058A000FBF76AF808B0FFF7F1FFFEE7814270B43A
:1058B0000546144602D370BC00F02EB8821821446D
:1058C0003CB141EA020313F003030FD1E0180328AF
:1058D00012D86FF00300A3084343002019441A4470
:1058E0002344984210D1284670BC704711F8013DFE
:1058F000013C02F8013DE3E7581850F8046C981891
:1059000040F8046C043BE1E70C1A14F8016C141A1B
:1059100004F8016C0130E4E770B504463AB141EA9D
:10592000040313F003030CD1D518032D0FD822F074
:1059300003031C441944002302F0030293420CD1D8
:1059400070BD11F8013B013A04F8013BE6E7CD1ABE
:105950002E68E51A2E60043BE6E75D5CE5540133F2
:10596000ECE7F0B5044662B922F00303234402F0E9
:1059700003021A44934214D1F0BD04F8011B013A0A
:10598000F1E7A307F9D115460B0443EA01630B4382
:1059900043EA01231619032DE6D9771B3B60043D2A
:1059A000F9E703F8011BE5E708B5EFF30583C3F357
:1059B00008030BB1FDF75CFABDE80840FDF7E0BA5B
:1059C00010B50446EFF30583C3F308030BB1FDF7ED
:1059D0004FFA2046BDE81040FDF7D5BA2DE9F04159
:1059E00004460D4616461F46EFF30583C3F308032E
:1059F0000BB1FDF73DFA3B46324629462046BDE84D
:105A0000F041FCF715BD2DE9F04104460D46164660
:105A10001F46EFF30583C3F308030BB1FDF728FA24
:105A20003B46324629462046BDE8F041FCF73ABDE8
:105A300008B5EFF30583C3F308030BB1FDF718FABC
:105A4000BDE80840FDF76FBA00207047704710B5F9
:105A5000044608B1FDF784FF2046BDE81040FDF77D
:105A60006FBF10B50446406A10B1A16AFFF7EFFF9F
:105A70000020C4E9090010BD38B50446FFF7F1FF66
:105A8000236A2C22012B0CBF05466FF096050021DE
:105A90002046FFF766FF284638BD00207047704754
:105AA0000020704713B5002001AB1446FEF70CF838
:105AB00030B9019BA34218BF6FF0930002B010BD34
:105AC0006FF09200FAE7002070472DE9E04F27467B
:105AD000A046A146A246A346A446A2B02DEC000AC9
:105AE00084F3008825462646A447EFF3148515F075
:105AF000080F18BFB0EE400A3DEC000A22B0BDE826
:105B0000E08F0000F8B500BFF8BC08BC9E467047A7
:105B1000F8B500BFF8BC08BC9E467047FF8FFFFF7A
:105B2000FF8FFFFFFE8FFFFFFE8FFFFFFD8FFFFF49
:105B3000FC8FFFFFFC8FFFFF4661696C20746F20B4
:105B400061637175697265206D757465780A00000E
:105B50004661696C20746F20696E6372656173655C
:105B600020504D20636F756E7465720A000000004E
:105B70004661696C20746F2064656372656173654A
:105B800020504D20636F756E7465720A000000002E
:105B90004661696C20746F2072656C656173652065
:105BA0006D757465780A0000436F756C64206E6FC4
:105BB00074206C6F636B20706F77657220736176F1
:105BC00065206D75746578006D757465785F6672B3
:105BD00065652063616C6C65642077697468204E2C
:105BE000554C4C20706172616D65746572000000E7
:105BF00043616E277420696E697469616C697A65A6
:105C0000206D757465782C20776173204E554C4C4F
:105C10000D0A00004661696C20746F20756E6C6F10
:105C2000636B206D757465780A0000000A637478F0
:105C3000206973204E554C4C0A00000067E6096A43
:105C400085AE67BB72F36E3C3AF54FA57F520E519D
:105C50008C68059BABD9831F19CDE05BD89E05C12D
:105C600007D57C3617DD703039590EF7310BC0FF80
:105C700011155868A78FF964A44FFABE0123456730
:105C800089ABCDEFFEDCBA9876543210F0E1D2C386
:105C90004011002054464D5F43525950544F005418
:105CA000464D5F504C4154464F524D5F53455256FE
:105CB0004943450000000000000000000000000013
:107C00007FE97FE9FBF74CBC7FE97FE9FBF757BCD5
:107C10007FE97FE9FBF77FBC7FE97FE9FBF772BC77
:107C20007FE97FE9FBF75ABC00000000000000007C
:107C30000000000000000000000000000000000044
:107C40007AFFFFFF00900050000000001433000096
:107C50000200000000000000000000000000000022
:107C6000000000000000000090ED00E000A00350C4
:107C70007FA60350009000506F9500501412002012
:107C8000A8110020440100004D5A0000495A00008C
:107C900063590000DC1000200C11002004110020AA
:107CA00000110020FC1000205D460000514600003D
:107CB0004546000000000000694600003811002021
:107CC00030110020281100200000000020110020A9
:107CD00075470000C1460000F54600003D47000022
:107CE000682500203A00003A6C2500203A00003A4E
:107CF000702500203A00003A742500203A00003A2E
:107D00000000000000000000000000000000000073
:107D10000000000000000000000000000000000063
:107D20000000000000000000000000000000000053
:107D30000000000000000000000000000000000043
:107D40000000000000000000000000000000000033
:107D50000000000000000000000000000000000023
:087D6000953500006D350000AF
:10800000F016012081CA0000D34B01006DCA0000A8
:108010006DCA00006DCA00006DCA00006DCA000084
:1080200000000000000000000000000059CC00002B
:108030006DCA00000000000011CC00006DCA0000F5
:10804000E9CD0000E9CD0000E9CD0000E9CD000058
:10805000E9CD0000E9CD0000E9CD0000E9CD000048
:10806000E9CD0000E9CD0000E9CD0000E9CD000038
:10807000E9CD0000E9CD0000E9CD0000E9CD000028
:10808000E9CD0000E9CD0000E9CD0000E9CD000018
:10809000E9CD0000E9CD0000E9CD0000E9CD000008
:1080A000E9CD0000E9CD0000E9CD0000E9CD0000F8
:1080B000E9CD0000E9CD0000E9CD0000E9CD0000E8
:1080C000E9CD0000E9CD0000E9CD0000E9CD0000D8
:1080D000E9CD0000E9CD0000E9CD0000E9CD0000C8
:1080E000E9CD0000E9CD0000E9CD0000E9CD0000B8
:1080F000E9CD0000E9CD0000E9CD0000E9CD0000A8
:10810000E9CD0000E9CD0000E9CD0000E9CD000097
:10811000E9CD0000E9CD0000E9CD0000E9CD000087
:10812000E9CD0000E9CD0000E9CD0000E9CD000077
:10813000E9CD0000E9CD0000E9CD0000E9CD000067
:10814000E9CD0000FFFFFFFF7BB972B90029BEBF78
:1081500000204FF0004106E008BF00281CBF6FF070
:1081600000414FF0FF3000F057B8ADF1080C6DE959
:1081700004CE002909DB002B1ADB00F04FF8DDF8F4
:1081800004E0DDE9022304B07047404261EB4101A5
:10819000002B1BDB00F042F8DDF804E0DDE90223F0
:1081A00004B0404261EB4101524263EB430370472C
:1081B000524263EB430300F031F8DDF804E0DDE9FF
:1081C000022304B0404261EB41017047524263EB2D
:1081D000430300F023F8DDF804E0DDE9022304B0F6
:1081E000524263EB4303704753B94AB9002908BFB1
:1081F00000281CBF4FF0FF314FF0FF3000F00CB8EB
:10820000ADF1080C6DE904CE00F008F8DDF804E0EB
:10821000DDE9022304B07047704700BF2DE9F04745
:1082200086468C460846089E154674461946002B1D
:1082300040F0C1808542B2FA82F245D94AB1C2F11A
:10824000200300FA02FC954094402EFA03F343EA1F
:108250000C0C4FEA154EA8B2230CBCFBFEF80EFB2B
:1082600018CC08FB00F943EA0C43994528D9EB18D0
:1082700008F1FF3704D2994502D9A8F102072B442F
:10828000A3EB0903A4B2B3FBFEFC0EFB1C330CFBF7
:1082900000F044EA0344A04214D92C190CF1FF3336
:1082A00004D2A04202D9ACF102032C44241A43EABE
:1082B00007401EB1D440002334607360BDE8F087EE
:1082C0004746DDE76346F1E792BB431B01214FEAD6
:1082D000154EAFB2200CB3FBFEFC0EFB1C330CFBA7
:1082E00007F840EA0343984561D9EB180CF1FF30D9
:1082F00004D2984502D9ACF102002B44A3EB080349
:10830000A4B2B3FBFEFC0EFB1C330CFB07F744EAE4
:108310000344A7424DD92C190CF1FF3304D2A742D4
:1083200002D9ACF102032C44E41B43EA0040C0E74D
:10833000C2F120039540944020FA03F12EFA03F392
:108340004FEA154E9040AFB20343B1FBFEFC0EFB6B
:108350001C10190C0CFB07F841EA0041884522D992
:1083600069180CF1FF3004D2884502D9ACF1020043
:108370002944A1EB08019BB2B1FBFEFC0EFB1C11D2
:108380000CFB07F743EA01439F420ED9EB180CF1AF
:10839000FF3104D29F4202D9ACF102012B44DB1B16
:1083A00041EA004193E76046E3E76146F7E760464C
:1083B000A4E76346B8E7834206D916B90021084608
:1083C0007CE7C6E900E0F9E7B3FA83F78FB98342A7
:1083D00001D3724508D8BEEB020460EB0303012011
:1083E0009C461EB9002169E73846FAE7C6E9004C09
:1083F000F8E7C7F1200CBB400EFA07F522FA0CF49F
:108400002EFA0CF1BA401C4320FA0CF3B8404FEAA4
:10841000144901431FFA84FEB3FBF9F809FB183035
:108420000B0C08FB0EFA43EA00439A4540D9E318C7
:1084300008F1FF3004D29A4502D9A8F10200234482
:10844000A3EB0A0389B2B3FBF9F809FB183308FB65
:108450000EFE41EA03418E452CD9611808F1FF3325
:1084600004D28E4502D9A8F10203214443EA004018
:10847000A1EB0E01A0FB02984145CE46434602D334
:1084800006D14D4504D20138B9EB020E68EB040366
:10849000002EA7D0B5EB0E0261EB030101FA0CFC34
:1084A00022FA07F3F9404CEA0303C6E9003199E7E1
:1084B0004046C5E74346D9E710F8012B11F8013BC8
:1084C000012A28BF9A42F7D0D01A7047034611F804
:1084D000012B03F8012B002AF9D17047034613F84A
:1084E000012B002AFBD1181A013870470000000048
:1084F0002DE9F04706460F4690468AB00DF0E2FCA3
:108500004FF47A73A0FB034503FB0155E40B012FE5
:1085100044EA45444FEAD53508D108213046CDE933
:108520000045294A0BF079FB002013E0D8F80470CD
:1085300026483946FFF7C0FF78B139462448FFF78F
:10854000BBFF50B130463B460121224A0BF065FB90
:108550006FF004000AB0BDE8F087204618A3D3E905
:1085600000232946FFF7F0FD05460C461046194644
:10857000194A0023FFF7E8FD80460F4610461946CA
:108580004EF660220023FFF7DFFD82468946104643
:1085900019464FF47A720023FFF7D6FDCDE904A9FE
:1085A000CDE90601CDE9082308213046CDE902874F
:1085B000CDE90054094A0BF030FBB5E7AFF300807A
:1085C000005C260500000000A77A0100B87A0100CF
:1085D000BB7A0100C47A010080EE3600DB7A01002C
:1085E00010B504460821154A0BF017FB2046082158
:1085F000134A0BF012FB20460821124A0BF00DFB28
:1086000020460821104A0BF008FB204608210F4A9B
:108610000BF003FB204608210D4A0BF0FEFA0D4B30
:108620000D4A19780D4B2046002918BF1346082122
:108630000B4A0BF0F2FA002010BD00BFE2720100FD
:108640000273010024730100377301004A730100B3
:108650005E73010034EC0020D6720100D27201007A
:108660008073010008B50821024A0BF0D6FA0020F9
:1086700008BD00BF907301000329F7B505461746F2
:1086800008D00121284A0BF0C8FA6FF015042046E3
:1086900003B0F0BD566825493046FFF70DFF80B1A5
:1086A00030462349FFF708FFD8B130462149FFF78C
:1086B00003FFC0B13346204A012128460BF0ADFA32
:1086C000E3E71E4CBF681E493846FFF7F5FE60B170
:1086D0001C493846FFF7F0FE0146B0B13B461A4A46
:1086E000EAE71A4CEEE71A4CECE7204601210AF0C3
:1086F000C2F8044670B9124B00930821334628464D
:10870000144A0BF08AFA0024C1E720460AF0B3F8B5
:10871000044630B12346012128460F4A0BF07DFA6A
:10872000B5E7084BE8E700BF9A730100C573010085
:10873000C9730100CF730100D4730100C469010043
:10874000DB7D01009673010006740100BC69010025
:10875000B4690100417401002A74010008B5064B98
:108760009C68402163690448984700214FF4803099
:1087700008F048FFF5E700BF4C65010038B5154C1F
:10878000236803F00703022B04D903212046124A71
:108790000BF038F805F0F6FC104D034658B122688E
:1087A00012F0060F04D002210D4A0A480BF033F8EC
:1087B00000232B7038BD01232B70236803F00703BF
:1087C000022BF7D9BDE838400321064A01480BF0D7
:1087D00019B800BFE0C700204C74010034EC002041
:1087E0006A740100A174010070B5304D04462B7805
:1087F000A3B903212E4A0BF010FA082120462D4A76
:108800000BF00BFAFFF7BAFF2B783BB9204601219A
:10881000294A0BF002FA6FF0040070BD4FF4807229
:10882000002126480DF05DFD4FF48071244A234855
:1088300007F03AFA0546D8B103460121214A2046FD
:108840000BF0EBF94FF4807200211C480DF049FD4C
:108850004FF480711C4A194807F026FA064688B181
:1088600003460321194A20460BF0D7F90020D4E72C
:108870000D2112480DF04DFD00B1057008210F4B80
:10888000134ADCE713490D480DF09BFD50B1851CE0
:108890000D2128460DF03DFD00B106702B460E4A15
:1088A0000821E0E7054B0D4AFAE700BF34EC002051
:1088B000C8740100FB7401001F75010034EB002037
:1088C0003C75010044750100627501006D75010081
:1088D00058750100308401009E750100A9750100E2
:1088E00007B50246064803685B0706D0D2E90032A6
:1088F00001210092034A0AF098FF03B05DF804FBDF
:10890000E0C70020BD75010038B547480AF0E6FA17
:1089100046480AF0E3FA46480AF0E0FA45480AF009
:10892000DDFA45480AF0DAFA44480AF0D7FA444832
:108930000AF0D4FA3D480AF0D1FA3B480AF0CEFAE0
:1089400040480DF084F8404C00BB23685A0704D01F
:108950003E4A012120460AF055FF6FF012052368B8
:108960005B0705D001212B46394A37480AF053FFEF
:10897000FFF704FF236803F00703022B04D9032148
:10898000344A31480AF03EFF002038BD2D480DF032
:108990005EF820B923685B07DFD02F4AD9E7294862
:1089A0000DF055F820B923685D07D6D02B4AD0E7E3
:1089B0002B4809F074FF054648B123685807CED00C
:1089C0002B46284A012120460AF025FFC7E7264802
:1089D00009F065FF054628B123685907BFD0234A2F
:1089E0000346EFE7224809F05AFF2368054620B105
:1089F0005A07B4D01F4A0346E4E703F00703022BEB
:108A000004D9032120461C4A0AF0FCFE0121164825
:108A100009F031FF00214FF4804008F0F3FD002100
:108A2000114809F028FFA3E7067C0100E175010069
:108A30000E7601003676010056760100767601004A
:108A40008A7601004C650100E0C70020AC76010089
:108A50006C770100BD770100CA760100EA7601005B
:108A6000C469010009770100BC6901002977010090
:108A7000B46901004B7701008A77010008B500F066
:108A8000B7F8012200230949C0E9002241610849E1
:108A9000C0E902330A60074903610A60064A1360AD
:108AA000064A1360064A136008BD00BF077C010038
:108AB0009CC5002098C50020B8E00020B4E000204C
:108AC000B0E000202DE9F04107460E46154600F0C3
:108AD0008FF8C36804461BB943691A78002A41D14C
:108AE0000023E3606368BB4256F8232008DB324B67
:108AF0006361204600F062F84FF0FF30BDE8F0817E
:108B0000511C616192F80080B8F12D0FEFD1911CDA
:108B1000616151782D29A16004D192786AB901333D
:108B20006360E4E749B9244B4146284663610DF090
:108B3000F0FB0028DDD0C4F80880D4F8088028466F
:108B400041460DF0E6FBB8F13A0F636900D070B909
:108B50001B7813B9636801336360204600F02EF878
:108B60003F20CBE75A1C42611B788360E5E74278DF
:108B70003A2A0BD0002222611B7813B963680133B3
:108B80006360204600F01AF8A068B7E718786268BA
:108B9000094928B901329742626004DD56F8223053
:108BA000C4E90431EAE761612D7820463A2DD5D138
:108BB00000F004F82846A1E7077C01000268074B93
:108BC0001A604268064B1A608268064B1A60C268D7
:108BD000054B1A600269054B1A6070479CC500205E
:108BE00098C50020B8E00020B4E00020B0E00020EC
:108BF0000048704780C500202DE9F04F91B00093E8
:108C000002F004030293C2F3C20301338407054652
:108C10000E46DDF868900392059340F0BB81041D79
:108C200030B1072909D86FF01B0011B0BDE8F08FF3
:108C300001F00706341DC6F10806009B4FF000083E
:108C40004FF0040A591E4FF0FF3347460193C346C5
:108C50005346CDF810800DB1009A22600598002887
:108C600000F3E8809848009A824203D397488242F2
:108C7000C0F0E080039AA4EB050E92074FEA9E0035
:108C800000F103810F2F00F2B180002D00F005816B
:108C900007F140020DEB020C019A0CF8200C0CF8C5
:108CA000102C049801300490E7E07A285DD84B2816
:108CB0000ED8472859D829282DD8252852D054D83D
:108CC00020287AD02338D0F1000B4BEB000B74E056
:108CD0004C382E2849D8DFE800F07048484848480A
:108CE0004848484848484B484848484848484859F0
:108CF000484B4B595959704B6D487048184B1848A0
:108D000048827F4B48484B487F0000204FF0000BC3
:108D10004FF0040A38E001222A38C0B202FA00F00B
:108D200010EA0E0F49D110F0625C2FD110EA020B4D
:108D300043D06046013C5444B4FBFAF40AFB04F40B
:108D4000002D61D0A3EB050CA444B4453FF66BAFF6
:108D5000002868D1042B47D159F8043B2360042331
:108D600004342AE0019A013A01924FF0000B24E00A
:108D700011F8010C6C2834D1002011F8023C834614
:108D80006C2BC5D14FF0080A5346D3E709F1070908
:108D900029F00709073424F00704F9E802AB35B1DC
:108DA00006982044B0423FF63EAFC4E900AB4FF016
:108DB000000B08344FF0080A534611F8010F002841
:108DC00078D0BBF1000F7FF470AF2528F5D14FF0BC
:108DD000010B019B013301934FF0040AECE7584665
:108DE00094E700208346A5E7082B02D06FF015001A
:108DF0001BE709F1070929F00709F9E80223C4E98B
:108E0000002308230834D8E768B9042B02D109F1FC
:108E10000409A4E7082BE9D109F1070929F007099A
:108E200009F10809EDE7059A013A059259F8042B72
:108E3000009210E7039A900720D54FF0010CA4EBA5
:108E4000050E4FEA9E00BEF5007FCFD20F2FCDD882
:108E5000F5B107F140020DEB020E019AC0B20EF817
:108E6000200C0EF8102CBCF1000F3FF41AAF60F08C
:108E70007F000EF8200C08F101080137C5F1080247
:108E80004FF6DA7E0434069297E74FF0000CDAE7EB
:108E9000BCF1000F01D00136EFE70298023600283E
:108EA000EBD10098CDE90631FFF718FBDDE906317B
:108EB0000644E2E7631BB3F5806F97D245B9A6F18C
:108EC0000804E018B1E600BFC06401001C93010073
:108ED000029A9B0828602B709DF81030C2B1EB708D
:108EE00085F80280B8F1000F05D0002208A8C5F16E
:108EF000010C97420ED14FF0000AC5F101030DF1AC
:108F0000200901930DF1300B574512D1601B8CE6FF
:108F10006B70E5E710F8013B190608D504EB0C0E61
:108F2000B64503F07F033FF67EAE04F8013B013205
:108F3000DFE7B8F1000F03D099F90020002A17DB12
:108F4000029BD3B11AF80B2004F8012B0022019BDD
:108F500098182044B0423FF666AE99F80000009998
:108F600004F8010B204603920DF093F9039A144480
:108F70000AF1010A09F10109C6E799F8002055F83C
:108F800022300093029B009845F82230FFF7A6FAA2
:108F9000421CDCE76FF00D0047E600BF2DE9F04F03
:108FA00097B000AFD7F880B03B62CBF3C003044664
:108FB000894690F802A0FA62BB6141B94578007811
:108FC0000AEB800020444D4517D8A0EB0409E37854
:108FD000FB61BAF1000F02D01BF0010F16D1FB6943
:108FE00053BBFB6A1BB1494620463A6A98474D4637
:108FF00028465C37BD46BDE8F08F461C3046FFF77B
:109000006DFA0130304409F10109DCE76268237828
:109010007A62FA6A9900796104EB8301002A40F0D0
:1090200005810E464FF000084D4601EB0A094E45FA
:1090300050D101EB0A0610E01BF0020FD1D02378CB
:109040009A007A61626804EB83017A62FA6A002A04
:109050007BD14D46904601EB0A061BF0050F0CBF75
:1090600002230123FB62FB6906EB430A0BF00203B8
:10907000BB625645BCD016F8021B16F8013C54F8EA
:1090800023909B4B994502D39A4B99453AD3BB69A0
:10909000002B44D0786A09F0FAFE00283FD09648A9
:1090A000036813F0060F13D0E9468AB06A46934B63
:1090B00053617B6AC2E906314FF400731384904B0D
:1090C00042F8103F00234FF4125100F001FECD464C
:1090D000023DCEE716F8013BF96254F82300FFF792
:1090E000FDF9D7F88430F96A01304BB1D7F88830F0
:1090F00098453EBFD7F8843023F8180008F10108DE
:10910000054494E7BB6923B1786A09F0C0FE0028E2
:10911000C5D11BF0010F05D1FB6AED1AA9E7BB6AA7
:10912000002BA6D04846FFF7D9F9D7F8843053B1C1
:10913000D7F8883098453FBFD7F88420431C22F8E1
:10914000183008F10108054493E7BAF1000F73D015
:109150001BF0040673D0D046002607F148005246A3
:109160003B61B9620DF095F8B96A3B6901EB0A02FF
:10917000BA62FA69F9695200FA60BA6A02EB41020E
:109180003A610BF00202BA603A69B96A8A4258D170
:1091900062781BF0020F18BF00217A6208BF4FEA05
:1091A0005801B2181BF0010FD2B240F09F801BF0A3
:1091B000040F14BF40460020BB616270A070E170D4
:1091C00020463A6A7969FB6A9847051EFFF610AF98
:1091D000BB69414623707B6A3A6A6370FB6984F815
:1091E00002A0E37007F14800FB6A9847B0F100085D
:1091F000C0F2B4807B69A9EB0A01C91AFB683A6A1C
:10920000C91AD7E90A0398470028C0F2A9804FF08D
:10921000000BA84408EB000507F1380AB34571D3E9
:1092200000213A6A0846FB6A9847E1E656464FF045
:10923000000807F1380092E75646D04696E7B04658
:1092400094E7BA6A12F8021B12F8015CBA6254F889
:109250002500274A904202D3264A90421ED3BA697B
:1092600032B1786A7B6009F012FE7B6800288BD1EE
:10927000BA6802BB08F1280207F1300C08F10100BE
:10928000944407F1580208F1020852FA80F00CF8F1
:10929000101C5FFA88F800F8105C75E7BA693AB1FB
:1092A000786A7B6009F0F3FD7B6800287FF46CAF7F
:1092B0001BF0010F09D006F1280207F13000711CE4
:1092C000161806F8205CCEB25EE71BF0040F3FF4E0
:1092D0005BAF08F1280207F1300008F1010102EB51
:1092E000000808F8105C5FFA81F84DE7002063E79A
:1092F000C06401001C930100B8C70020DA780100A7
:10930000040000011BF80A3054F8239087F8373026
:10931000D7F88430FBB133F81B8001213A6AFB6A2D
:1093200007F13700984700281ADB0544B8F1000F11
:1093300006D14846FFF7D2F800F101081FFA88F875
:10934000414648463A6AFB6A9847002808DB0544CC
:109350000BF1010B62E7D7F88480DEE7454647E66C
:10936000054645E6014B1860704700BFA0C50020C8
:1093700080B505460E461746984608F061F9034643
:109380000DF094F80446DFF81890424649F8003092
:1093900039463046A84754F8090003F0DFFB00BF08
:1093A000080000002DE9F047058B04462807904689
:1093B00011D4022905F0070540F0CC80204609F0C1
:1093C000EEFF78B10138218B042811D8DFE800F0D6
:1093D000C2106D85950001290CBF45F0100545F0C0
:1093E0002005258388F31188BFF36F8FBDE8F087D0
:1093F00001F0070AAA4500F0A5800027B9463E46BD
:10940000A368002B00F0BC8041F00801218388F3A1
:109410001188BFF36F8FA168002900F0BA800D6832
:10942000002900F0B680334652462046D1F8048029
:10943000C047002D76D02B6829461D46F0E701F085
:1094400007035A1F012A1BD8002221F00701062B0F
:10945000276889B2C4E9002209D13B4603E0628B48
:10946000013262831B68002BF9D141F002012046D2
:10947000218309F094FF00287AD041F0200176E0A2
:10948000042B0AD121F0070189B22046218309F07B
:1094900086FF10B141F020012183218B01F0070AE2
:1094A000AA454FD00027B946AAE7236921F0070152
:1094B00041F00601062DD3F8009021832DD1B9F19A
:1094C000000F3FD041F00801218388F31188BFF3DA
:1094D0006F8F20463949C84729E021F007012369E9
:1094E00041F0040189B2042DD3F804902183E6D021
:1094F00000274FF0040A3E4682E721F00701236966
:1095000041F0050189B2052DD3F808902183D6D00A
:1095100000274FF0050A3E4672E700274FF0060A83
:109520003E466DE72B4687E7B9F1000FD1D1EFF347
:109530001188202383F31288BFF36F8F238B23F0CE
:1095400008032383258BEA062ED525F010032383F9
:1095500005F007056669218B002EBFF670AF00236A
:109560002768C4E9003321F0070141F0010121839C
:10957000218B4FF0000901F0070AAA457FF440AFA4
:10958000002F9CD041F00801218388F31188BFF39C
:109590006F8F002FC8D03D6839463346524620466B
:1095A00009F029FF2F46F4E7AB067FF51BAF25F046
:1095B0002003238305F0070500E700BF23340100E3
:1095C0002DE9F047044607464FF00109DFF85080C7
:1095D00014B93846BDE8F08794FAA4F5B5FA85F5D4
:1095E00009FA05F32E0108EB05156FEA030A24EAD0
:1095F00003042B7B002BEBD058F806301B694BB9CA
:109600004644736804222846196807EA0A0700F0EE
:109610001FFBDDE7284698470028D9D1F0E700BFB7
:109620003068010030B5002289B00F490F480CF0B6
:1096300090FC002200230024CDE906230E230C4DCC
:10964000CDE903344FF440722846CDE90144094B7B
:109650000949009407F01CFD0849284607F056FC0C
:10966000204609B030BD00BF81960000A8D9002077
:10967000E8C8002095990000B0F200208E79010022
:10968000014807F0F7BB00BF18C800202DE9F047DC
:1096900080461F480F460AF01FF80646002830D0C3
:1096A00000252846BDE8F087237B6BB12368DB6883
:1096B0000BB12046984723681B69D3B9636804221D
:1096C0002046196800F0C4FA013610344C45EBD33B
:1096D000B8F1000FE5D0002DE2D02846FFF770FF6B
:1096E0000546002FF7D000214FF4A47007F08AFF41
:1096F000F1E7204698470028E0D00AFA06F31D4318
:10970000E2E705464FF0010A024CDFF80C90DDE776
:10971000CCE000203068010050680100014B53F894
:1097200020007047E069010008B5034608462BB1E8
:10973000044A136000F05CFD002008BD6FF01500C6
:10974000FBE700BFA4C5002010B5044C237813B973
:10975000034807F08FFB0123237010BD35EC002078
:1097600018C8002010B50446064809F0B5FF3CB102
:10977000054BD3E8EF1F0139C3E8E21F002AF8D1F7
:1097800010BD00BFC4E00020C8E00020002001465A
:10979000034BD3E8EF0FC3E8E21F002AF9D170476B
:1097A000C4E0002070B5FFF7F1FF0546074C084EF6
:1097B000B44200D370BD63685B792BB123685B68EA
:1097C00013B12946204698471034F1E7306801006C
:1097D0005068010010B5044C0449204609F087FC8C
:1097E000034B1C6010BD00BF74C70020CC69010092
:1097F000BCE0002008B50023084A4FF40041137074
:10980000074A08481360084A1360FFF78DFFFFF707
:10981000E1FFBDE8084000F06BB900BF36EC002066
:10982000C4E00020D5360100C8E000200146002237
:109830000023014809F07CBC74C70020014809F0EE
:1098400012BD00BF74C70020024B0146186809F022
:109850005EBD00BFBCE00020014809F093BD00BF21
:1098600074C700202DE9F041334B1878002860D0F0
:10987000FFF7E4FF044678B1304BD3E8EF1F01391E
:10988000C3E8E21F002AF8D12D4DDFF8B880454526
:109890002DD32046FFF7D8FF2B4B2C4C1B68002BF9
:1098A00019DD0CF00FFB4FF47A72A0FB020302FBF0
:1098B0000131C30B43EA4143D4E900209B1A40F233
:1098C000E9324FEAD13161EB0001934271F10001BD
:1098D00001D3FFF767FFD4E9003213F57A7342F141
:1098E0000002C4E90032BDE8F041FFF7B5BF6B6884
:1098F0005B793BB121784B0706D52B68214628467A
:109900001B6898471035C2E720462688C1F3C20776
:1099100000F0ACFAC6F382160246002EEDD0002805
:10992000EBDB01233946284600F0ACF9B042E9D31D
:10993000E3E7BDE8F08100BF35EC0020C8E000207F
:109940003068010050680100C4E00020A0D9002068
:1099500070B50D4D297861B90120FFF797FE0B4CCA
:109960000B4EB44206D3FFF77DFF0028FBD1012345
:109970002B7070BD63685B791BB1236820469B68C0
:1099800098471034EDE700BF36EC00203068010046
:109990005068010000212DE9F0470846FFF776FEE8
:1099A000044658B340F267684FF000090CF07EFDA2
:1099B0001B4B1C4A1B58136033B11B4B1B68092BF4
:1099C00002DD1A4807F056FA0025194FDFF85CA0AF
:1099D00044B12046FFF7F4FD044618B94FF0FF38B4
:1099E0004FF0FF39FFF73EFF064628B9B5B94246AA
:1099F0004B46504607F064FA3546E9E74FF0FF382A
:109A00004FF0FF39D2E72B689B691BB10022284633
:109A1000114698471035BD42F5D3E8E7054DFAE702
:109A200008000000C0E00020C8E0002018C80020A6
:109A3000506801003068010013B5184809F04CFE69
:109A4000174B1B7873B1EFF31184202383F3128833
:109A5000BFF36F8FFFF706FF84F31188BFF36F8F9B
:109A600002B010BD0F4B1B68002BF9D050B900227B
:109A700000230D48CDE900234FF40042002308F0F5
:109A800089F8EDE70928EBD107480CF06EFA074892
:109A900002B0BDE8104007F0EDB900BFC8E00020FB
:109AA00036EC0020C0E00020A8D9002018C8002013
:109AB00010B5064B04461B6898472146A060044831
:109AC00009F0B2FBBDE81040FFF7B6BFA4C5002007
:109AD00074C70020044A054B9B1AB1EBD30F34BF67
:109AE00052F8310000207047C06701003068010063
:109AF00000210B480B4B30B51B1A0B4CDB08043014
:109B0000994200D130BD10F83120256802F00702DB
:109B100025F007052A4344F8042B0131F0E700BF84
:109B2000C067010030680100B8C70020F8B50646DC
:109B300000240A4F0A4DED1BED08AC4203D14FF053
:109B4000FF342046F8BD57F8340020B13146FEF707
:109B5000B3FC0028F5D00134EFE700BFC067010077
:109B60003068010000282DE9F047884615461F4659
:109B70001DDA4FF0000A5446DFF89090244EA6EB11
:109B800009063609B24509F1100902D12046BDE89F
:109B9000F08759F80C0C3B462A4641460079FFF7FE
:109BA000E1FF844238BF04460AF1010AEAE7194B93
:109BB000194AD21AB5EBD20F26D203EBC5031C7992
:109BC000BC4228BF3C460722144EC0B200EB400006
:109BD00056F82530824023EA020304F0070282404F
:109BE00013430021032223FA02F000F00700814210
:109BF00002F1030238BF01461E2AF4D123F0070305
:109C00000B4346F82530C1E70024DCE7306801004B
:109C100050680100C067010030680100B8C700202B
:109C2000F8B506460F460024074D084BED1AED081F
:109C3000AC4200D3F8BD002122B23B46304601348D
:109C400009F066FDA4B2F3E730680100C0670100C7
:109C500038B50D4611460A4B4268C31A1B1104461B
:109C60000133137143689971FFF7DAFF01226368CA
:109C70001D6063685A71BDE83840FFF765BD00BFDD
:109C80003068010070B14168097973B1002A17DBAF
:109C9000CBB20C4903EB430351F82200D84000F04B
:109CA000070070474FF0FF31EFE707490748401AB8
:109CB000B2EBD00F3ABF01EBC201087918467047EA
:109CC00004207047B8C70020C06701003068010059
:109CD0002DE9F04F8FB0C1F34A2804AF0D469146ED
:109CE000B8607B600C0DB8F1000F67D000264FF014
:109CF000040B4FF00A0A07F11403C7F80C80C7E9F8
:109D000007667E620193CDF808B0CDF800A007F198
:109D10001C0332464846F968FFF740F9B0F5006F7A
:109D2000034620D32A48036813F0060F17D06C4669
:109D30008AB0D9F8041004AB264D1A46C3E9055180
:109D400040F2FF71D9614FF400711984224B42F83F
:109D5000103F4FF412513346FFF7BAFFA5462C3798
:109D6000BD46BDE8F08FC0F30A0804F1170018449F
:109D700020F0070080083B60FFF758FD68F353258B
:109D8000044690B13B6800F11001C7E9083607F1BD
:109D90001403F961CDE900A3CDF808B048460F4A95
:109DA000F96807F11C03FFF7F9F868F353252A4611
:109DB00020467B68B96809F0D5FCD0E704F11700AC
:109DC00020F007008008FFF731FD0446EDE700BFF3
:109DD000C4C70020A3790100040000013937010045
:109DE0002DE9F04F87B00446DDE9105ADDE912692C
:109DF0000F4693469846A6B310213346524600209C
:109E0000CDF80090CDF81490FEF7F6FE014605F16E
:109E100017000844144B04F007040BF0070BE40090
:109E200020F0070003EA412344EA8B1480081C4316
:109E30000391FFF7FBFC44EA0554054640B13EB1EF
:109E4000334652460399CDF800901030FEF7D4FE09
:109E5000434622463946284607B0BDE8F04F09F090
:109E600081BC3146D3E700BF00FE0F00406820B13F
:109E7000034BC01A40F38F0070474FF0FF3070471C
:109E8000B8C700200EB403B503AB53F8042B01464A
:109E90000448019303F0E6F902B05DF804EB03B067
:109EA000704700BF79380100CA0605D48B064CBF45
:109EB00002490349FFF7E6BF704700BF067C010077
:109EC000B49101002DE9F04F89B09B46149B9DF899
:109ED0004CA00693159B04460593169B0D46904691
:109EE000179E0493BAF1000F00F09D8006F4807372
:109EF000079309F00BFC06F00209024600283ED049
:109F000020469149FFF7BEFF0746B9F1000F08D080
:109F100016F0440F35D12A4620468C49FFF7B2FF90
:109F2000074406F0010353B1894B204653F82A2019
:109F3000884B8949002A08BF1A46FFF7A3FF06F499
:109F40008073002B49D006F00803002B63D1B8F1D1
:109F5000000F66D0424620468049FFF793FF054632
:109F6000069B3D44002B6DD1049B002B73D1F3075E
:109F700000F1E48031462046FFF796FFD8E007461F
:109F8000C3E7774B18680028CAD0764B4FF47A792C
:109F90001B684FF46161B5FBF3F5B5FBF0F300FB13
:109FA000135509FB05F5B3FBF1F2B5FBF0FE4FF0DD
:109FB0003C0C01FB123100FB1E55B1FBFCF309FB0D
:109FC00005F5B5FBF0F50CFB131120460091CDE92A
:109FD00001E56549FFF756FFA2E706F00803EBB17C
:109FE000624B204653F82A206149FFF74BFF054694
:109FF000B8F1000F05D0424620465849FFF742FF0E
:10A000000544BBF1000FABD05A4620465949FFF733
:10A0100039FF0544A4E74FF0000BE1E706F008051F
:10A02000E6E745469CE7BBF1010F069B06D1002BF6
:10A0300064D1049B002B7BD000250CE0002BF8D0D2
:10A040004D485CE04D48069B22464D4908F0EEFE27
:10A05000049B002B68D0DFF82C81DFF82C91049F43
:10A060003146102F204628BF10274FF0000BFFF776
:10A070001BFF5D4545DC059B494620461A78FFF7E6
:10A0800001FF4FF0010B1BF0070F03D141462046A3
:10A09000FFF7F8FE5F453BD9059B4946204613F87C
:10A0A0000B20FFF7EFFE0BF1010BBBF1100FEAD114
:10A0B0004FF0000B20463549FFF7E4FE5A46059B5A
:10A0C00020469A5CA2F120015F2928BF2E22304948
:10A0D000FFF7D8FE0BF1010BBBF1100F1DD01BF0E9
:10A0E000070F03D141462046FFF7CCFE5F455A4695
:10A0F000E5D841462046FFF7C5FEEBE71F48554629
:10A10000A1E741462046FFF7BDFE0BF1010BB0E78A
:10A1100020462049FFF7B6FEC5E7059B3B44059363
:10A12000049BDB1B04939AD1BAF1000F7FF41FAF9D
:10A13000204609B0BDE8F04F09F091BB2046054A22
:10A140000549FFF79FFE15E7E7790100EB7901006C
:10A15000F0690100E2790100407E0100107A0100FF
:10A16000D4E00020D0E00020F4790100046A01006E
:10A17000147A01001A7A0100A73801007938010029
:10A1800065D20000277A01001F7A0100297A0100B8
:10A1900053840100257A010042F20F7373B58B429C
:10A1A00028BF0B4605680446052168460D4A07F09E
:10A1B00005FF0646636828460B225B680A4909F0DA
:10A1C00040FB63683246694628465B6809F039FB04
:10A1D00063681B2228465B68044909F032FB02B021
:10A1E00070BD00BF26770100477A01002B7A01007D
:10A1F00000210123064A904206D8064A01B90123EC
:10A200001360054B18607047012140085B00F2E7BE
:10A2100040420F00D0E00020D4E00020F8B50D4609
:10A220000446064F4618B44201D12846F8BD14F83A
:10A23000011BBB6801485B689847F4E7746501003F
:10A24000014B0360002070474C6A010008B50821EB
:10A25000024B034A09F0E1FC002008BD8D7A0100A1
:10A26000947A010010B5044603F070FF08210346FC
:10A27000074A204609F0D1FC2046064A082109F089
:10A28000CCFC2146044807F097FA002010BD00BF1F
:10A29000297B0100487B01009DA2000070B58EB0B3
:10A2A00004460D46D0F89C600BF09FFC02460CF073
:10A2B000FDF8254B1958254B2846002A18BF134690
:10A2C000234ACDE90043234B8C4218BF1346082193
:10A2D000214A09F0A2FCD4E90A23CDE9022394F92A
:10A2E0000E3028460093237B08211C4A09F095FC78
:10A2F00006A92022204606F019FE626E034600924F
:10A3000008212846164A09F088FC204605A90BF0CA
:10A310007CFC034630B108212846124A09F07DFC36
:10A320000EB070BD6423059A2846B11A4B43B3FBA7
:10A33000F6F3CDE90021CDE90263082133460A4A4C
:10A3400009F06BFCECE700BF08000000527B010045
:10A35000277A0100B58E0100557B0100617B010069
:10A360008D7B0100A47B0100D17B0100F0B50025AD
:10A37000044693B029460AAF1C220BA80BF0B1FF8C
:10A38000134E1A22202138460BF0ABFF214611480C
:10A3900007F012FA09AA4FF4006130460BF029FCCD
:10A3A00064224FF400630999CDE90057C1F50060BC
:10A3B0004243D20ACDE90403CDE902312046069298
:10A3C00033460821044A09F028FC284613B0F0BDA2
:10A3D000B0FD0020CDA40000087C010010B50446AB
:10A3E0000AF0F5FF08210346024A204609F015FC51
:10A3F000002010BD517C01002DE9F34117460023D8
:10A4000004460A21B86801AA019301F06BFB019D83
:10A41000C6B255B12B4601212046144A09F0FDFB76
:10A42000019D284602B0BDE8F081042E0AD93346CA
:10A43000012120460E4A09F0F0FB204609F028FCD5
:10A440000125EEE77868FFF771FBB0F1000805DA47
:10A45000012120467B68074A09F0DFFB00213346D3
:10A4600008460FFA88F209F053F9DAE7677C010031
:10A470008E7C0100A57C01001346002273B50446C2
:10A4800001920A21586801AA01F02CFB019D95B99F
:10A4900020EAE0744FF40046294640F2E7304FF4DA
:10A4A0007A720023C4FB0601FDF79EFE07F0AAF8AE
:10A4B000284602B070BD2B4601212046024A09F011
:10A4C000ACFB019DF4E700BFC47C0100F0B504467D
:10A4D0000D46D0F89C6089B007A90BF096FB0346A7
:10A4E00030B1082128460F4A09F097FB09B0F0BDAA
:10A4F00020460BF07AFB6423079A0B4FB11A4B43AB
:10A50000002818BF0746B3FBF6F3CDE90221CDE9D9
:10A510000463082123462846CDE90076034A09F062
:10A520007CFBE3E7A47B0100527B0100E47C01009B
:10A530002DE9F04387B00546684606F001FA14237A
:10A54000009E082103FB0066164A284609F065FBB9
:10A55000154F009CDFF85480DFF85490B44203D3C9
:10A56000002007B0BDE8F08323680BB11A7832B938
:10A5700023463A46142101A807F020FD01AB4246CC
:10A580000821284609F049FB20460BF060FA094BE8
:10A590000821002808BF4B46074A284609F03DFB22
:10A5A0001434DBE72F7E0100397E01003E7E01007E
:10A5B000267E0100207E0100B28401008B1E022B4A
:10A5C0002DE9F04107468846144637D8102200216D
:10A5D000606807F095FDB8F1020F064607D1202309
:10A5E00008213846244A09F018FB336816E00A228D
:10A5F0000021A06807F084FDC5B22B46082138462B
:10A600001D4A09F00AFBB8F1040F1AD0102D0DD025
:10A61000202DEAD0082D0CD13378DBB20821384642
:10A62000164A09F0FAFA0020BDE8F08133889BB29F
:10A63000F4E708213846124A09F0EFFA6FF01500E6
:10A64000F2E710220021E06807F05AFD08210346D6
:10A6500004460C4A384609F0E0FA102D06D0202DA9
:10A6600007D0082DE5D1E4B23470DCE7A4B2348021
:10A67000D9E73460D7E700BF777E0100A27E0100F2
:10A680008C7E0100B37E01002DE9F04F91464FF022
:10A69000FF350122574B85B0074688461A602026B1
:10A6A000FEF7ECF92C46DFF850A1494652464046E9
:10A6B000FEF708FA411C07D16A1C52D14F4A01210A
:10A6C000384609F0AAFA1DE0732820D0772833D045
:10A6D000612817D1DFF828B110220021DBF8000033
:10A6E00007F00EFD05460028DFD10BF0DFFE454BDD
:10A6F0001B58162BD9D1DBF80030434A01213846CC
:10A7000009F08BFA6FF0150005B0BDE8F08F00225C
:10A71000DFF8ECB01146DBF8000007F0F1FC04466E
:10A720000028C2D10BF0C2FE364B1B58162BBCD1F1
:10A73000DBF80030354AE1E70022DFF8C4B011460B
:10A74000DBF8000007F0DCFC06460028ADD10BF07A
:10A75000ADFE2C4B1B58162BA7D1DBF800302C4A32
:10A76000CCE7631C01D12B4AA9E75FFA86F8C6F350
:10A77000C406002C3CD06B4629461A46A6EB050CB5
:10A780000CE0B8F1100F1DD0B8F1200F20D0B8F1B7
:10A79000080F2AD10878187031443344A64203D8F0
:10A7A0000CEB01001028ECD9102CA14628BF4FF06B
:10A7B000100929464B46384601F060F81035A4EBE5
:10A7C0000904D6E7088880B21870000A5870E3E7D9
:10A7D00008684FEA102E187083F801E04FEA104E17
:10A7E000000E83F802E0D870D6E708210A4A67E72E
:10A7F000204689E798C50020017F0100087F0100FD
:10A80000B0E000200C000000C77E0100DA7E0100ED
:10A81000ED7E0100257F01008C7E010070B5104E99
:10A8200004460D46337881B12BB10121BDE870405B
:10A830000C4A09F0F2B901233370082120460A4A74
:10A8400009F0EBF90123337004E083F00103337066
:10A85000002BF2D129462046BDE8704009F035BAF8
:10A8600038EC00203F7F01007A7F010070B504467C
:10A870003C480378182B02D10B78112B31D00B46B2
:10A88000013A8D18AB4225D18B5C0A780370A2F196
:10A890003003092B344C04D922F02003413B052B13
:10A8A00004D823683149CA54013323602368022B3A
:10A8B00034D1102200212D4807F022FC2C4A1368C5
:10A8C00003F8010B13602B4A136801331360002354
:10A8D000236023E013F8016B182ED3D11E78112EBC
:10A8E000D0D1244D08212B682046234A09F095F940
:10A8F00020460021FFF792FF204B187870B9204ABC
:10A900002B681168042B0ADC08B111602B6013F06E
:10A9100003010BD1126813681BBA136070BD08687D
:10A92000043B00BA41F8040B0120EBE75B4203F063
:10A93000030358BF5942022904D1126813885BBA35
:10A940009BB2EAE70329E9D1106802681104C2F357
:10A95000074301F47F010B4302F47F42134303607A
:10A96000DCE700BF39EC002004E100203BEC0020D4
:10A9700010E1002008E10020A47F01003AEC002053
:10A980000CE100202DE9F84F0023064615460C4641
:10A990002949DFF8A8800B602949DFF8A890DFF883
:10A9A000A8B088F800300B60012C2F4655F804AF92
:10A9B0001ED90222494650460BF0D5FC80B99AF8C0
:10A9C0000220003A18BF01229244504602221F4939
:10A9D0000BF0C9FC30B9012388F80030013CE3E7F3
:10A9E0000022F1E749465046FDF766FDA8B9043755
:10A9F00000227868114607F00DFB0022144B114627
:10AA00001860786807F006FB124B1349186030464F
:10AA1000FFF704FF0020BDE8F88F9AF800202D2AE8
:10AA2000E6D19AF80120002AE2D053465A4608217E
:10AA3000304609F0F2F8D1E704E100203AEC0020BA
:10AA400008E10020BE7F0100C47F0100C17F01003A
:10AA500010E100200CE100206DA8000007B50A48B5
:10AA60000AF0F5FF60B10423084A0093126801233D
:10AA70000549074800F074FF002003B05DF804FBAF
:10AA80006FF01200F9E700BF74650100986B0100D8
:10AA90005068010010B54468A3604023C4E9001267
:10AAA00042680821D36402F1580313630023C2E90A
:10AAB0000E33C2E91133C2E90633C2E90933D16268
:10AAC000146802F1500153631364116153611362FE
:10AAD000C2F8D030A36823B11B6C13B120460449DF
:10AAE0009847A3681B6A0BB120469847002010BD09
:10AAF000F5AA00002DE9F74304460D468368DB6B99
:10AB000003B19847A368DB6A0BBB4FF0000905F15E
:10AB100030084046EA6C01A908F027FD07460028E6
:10AB200036D0A36801991B693BB30246204698477B
:10AB3000064628B33146404608F034FDB7424FF090
:10AB40000109E6D00020D5E90131984703E020460D
:10AB500098470028D9D1A368DB6963BB05F11007CA
:10AB60003846EA6A01A908F051FD064650BB204666
:10AB700008F014FFC5F8D0602FE06FF05706D9E752
:10AB80000146404608F00EFDB9F1000FE3D0D9E7C9
:10AB90001648036813F0060F03D00221144A08F088
:10ABA00031FEA3681B69002BEED0012220460DF177
:10ABB00003019847E8E7204698470028CED103B024
:10ABC000BDE8F083A3680199DB685BB102462046CB
:10ABD00098470146384608F035FDD5E90131012096
:10ABE0009847ECE76FF05701F4E700BFE4C7002097
:10ABF0002581010010B504468168183101F0A6F9DD
:10AC0000A1682046BDE81040014A183101F044B95E
:10AC10006881010038B583680446D3F87832DB07D1
:10AC20001DD4C06909F065FD606803685B689847DA
:10AC3000054620B9E06809F009FFA3681D75A368FF
:10AC40005B6C13B129462046984700220BF02EFC7E
:10AC5000A368C3F82023034B185801F07FFF6FF05F
:10AC60000F05ECE708000000014908F02FBF00BF06
:10AC7000067C0100F7B5044680680D46D0F87832AE
:10AC80005A0705D5002108F043FFE06809F0B0FE3F
:10AC9000E368DB6873B9002D3BD0A66806F1560760
:10ACA000384608F00DFF002835D0394606F5AB7060
:10ACB000FDF70CFCA2682946E0680DF10603563248
:10ACC00009F099FE58B9A06800F5AB715630FDF750
:10ACD000FDFBA068563008F0F3FEADF806002046F4
:10ACE00009F0E4FAA368D3F874329B0603D50B4944
:10ACF000606908F0EBFE204600F05CFFA268BDF83A
:10AD000006302046A2F85230A268A2F8503009F06E
:10AD100032FA03B0F0BD86F85601CBE7F0680100C7
:10AD20002DE9F04FA7B004465422002111A80BF0E2
:10AD3000D8FA0023CDE90533A368204656330293A1
:10AD400009F0BBFA204609F0FFF910B96069FFF776
:10AD50008BFF00264FF0FF37B246B3463546B1466B
:10AD6000A0681422002118300BF0BBFA204609F02D
:10AD700092F9A168E068B1F85020563109F072FEEE
:10AD8000204609F0F1FE0DF144080396DDE9053295
:10AD9000012A6DD0132B6ED85FBBBBF1000F0AD018
:10ADA000204609F002FF1423A26811A956320DEBC8
:10ADB000030008F0F0FFB9F1000F0CD099F8113042
:10ADC000FE2B08D1059B26AA02EB830252F8542CD5
:10ADD0000AB101330593A068059D436A002B40F03A
:10ADE000B680CEB1C3699E422DD00D9600F11805F4
:10ADF00024E002234146029A06A808F0CCFFD8F8C6
:10AE0000042006990346029231B101290AD148B1C2
:10AE10006D4A204609F0FFFA6FF00705284627B073
:10AE2000BDE8F08F059B002B34D0D8F8000001F06E
:10AE3000ADF898B166B1A5680D9618350CAE0FCE79
:10AE40000FC533682B602046FFF7D4FE0125E5E7E8
:10AE50005E4A0121204609F0DEFADDE7059BCBB111
:10AE600029462046D8F8002001F040FA022809D1EE
:10AE7000059B132B91D9069B022B8ED10121544B9C
:10AE8000544AC6E7032805D0059B4FF0010B013358
:10AE900005937BE7039B33B94846D8F8001007AA0F
:10AEA00009F070F8054608F10408013F9DB3EB680E
:10AEB000BBF1000F08D0F3B1204609F0FEF920469F
:10AEC00009F059F9444AC4E7ABB1AE46A368DDF8CE
:10AED00014A003F1180CBEE80F00ACE80F00DEF878
:10AEE0000030CCF80030AB682BB96B7CFE2B04BF74
:10AEF0002F7C07F1FF37D5F804C0BCF1000F08D054
:10AF0000AE460CAEBEE80F000FC6DEF80030336070
:10AF10006646A94603E0059B53B101230393069BB4
:10AF200017B9022B7FF432AF059B013305932DE750
:10AF3000A368DB6A13B1DB68002BEED1274B01213C
:10AF400000932046119B264A09F065FAE5E790F840
:10AF50002830A5EB0A05BBB14FF6FF7290F8291017
:10AF6000FF2918BF0A469D4202D313449D420BD9C4
:10AF70008369012120461B4A09F04DFA2046FFF75C
:10AF800039FE6FF0150549E7012108F0B6FDA0680C
:10AF900000F5437008F0D5FDA36811AA294602EB1D
:10AFA0008A0220465B6A98470546A0684FF0FF3248
:10AFB0004FF0FF3300F5437008F06AFD0021A068F0
:10AFC00008F09BFD2AE700BF768101008A8101001D
:10AFD000EB8101008C730100A8810100D781010081
:10AFE000C68401000F820100022210B58368044666
:10AFF0001A7583689B6CBBB908F029FD8368D3F888
:10B000007832DB040BD50321084B094A09F003FA17
:10B01000A0686FF4805100F51E7008F02EFD2046E8
:10B02000BDE8104000F01ABF10BD00BF2A82010029
:10B03000407E01002DE9F04F044680680121B1B047
:10B0400000F51E7008F00EFDA3681B7D022B20D1B9
:10B0500000230993A36860689E6C03681D6909ABAF
:10B060000EB310221BA9A847099B93B10121A06828
:10B0700008F043FD2046099A1BA9B0470021A068AB
:10B0800008F03BFDA3689B6C002BE3D12046FFF743
:10B09000ABFF6FF00101A06800F51E7031B0BDE894
:10B0A000F04F08F0EABC01220DF12301A847099BEB
:10B0B000002BEED09DF923209DF82310002AA368D1
:10B0C000C8DB5A7D032A00F29582DFE812F0040003
:10B0D0008202990293020D297CD00A2958D0B3F834
:10B0E000782209296FF3CA02A3F87822A06800F039
:10B0F00086803DD80029ADD0082900F0F9810346AB
:10B10000D3F874229207A5D501391629A2D801A235
:10B1100052F821F0A1B600002BB5000033B50000B5
:10B1200023B5000095B6000051B5000055B00000F1
:10B1300055B0000055B0000055B0000059B50000F2
:10B1400061B5000055B000008BB5000055B000009F
:10B1500095B5000055B0000055B0000055B0000096
:10B1600055B0000099B5000055B00000C3B500000F
:10B170001B2941D07F2900F0C781A1F120025E2A5E
:10B180000346BDD8012108F0C3FC9DF82310B7E0A9
:10B19000D3F87822C2F3C7022AB1D3F87822C2F3D7
:10B1A000C7020A2AACD1B3F8782261F3CA02A3F825
:10B1B0007822A568B5F85010C1B9284608F0A8FC57
:10B1C000E06809F015FC6069FFF74EFD2046FFF7C7
:10B1D0000BFF3FE7D3F87822C2F3C702002AE2D080
:10B1E000D3F87822C2F3C7020D2ADBE72046FFF727
:10B1F00097FDC5F82403E9E7012343752AE7D0F852
:10B2000074329B077FF526AF012108F081FCA0680E
:10B21000B0F85030FF2B3FF41DAF0025B0F852209E
:10B2200000F1560100F5AB700BF033F8A3681BA9D1
:10B23000B3F852200BA8134483F85651A268142384
:10B2400002F5AB7208F0A7FD0B9914293FF602AF87
:10B2500030AB03EB810343F8545CA368B3F852208E
:10B26000134493F85530202B02D0093B042B4BD8C4
:10B2700000294CD100250A950A9B30AA02EB8303D2
:10B2800053F854AC0026504608F01AFCB3468146E9
:10B29000B04637463946284616AA00F0E9FB034671
:10B2A000002840D1012EA76865D10A9B30AA02EB85
:10B2B000830353F8540C08F003FC4146064607F19B
:10B2C0001802284600F0D4FB0568284608F0F8FB71
:10B2D000864205D0821B92B22046A91909F0E2F8F5
:10B2E000A068B0F85230034493F85630202B31D088
:10B2F000093B042B2ED9D0F87432DF072FD420213C
:10B30000204600F073FDA5E60129B3D901390020DC
:10B310000CAB009301900AAB1BAA08F05EFE054639
:10B320000028A9D196E61B684A4651461846039361
:10B330000BF019F860B9039B1846FDF7CFF8584594
:10B3400038BF5846002E08BFB8461FFA80FB0136AA
:10B3500001379FE70121204608F041FF7AE60021EE
:10B3600008F0E0FB2021204600F040FD0121A0680C
:10B3700008F0D8FB6EE604907FF66CAE0A9A30AB0C
:10B3800003EB820252F8543CC1461846039308F07E
:10B3900097FB049B0590A7F840300496A2684946A5
:10B3A0002846183200F064FB039BD0F800A009F196
:10B3B00001094BB1BAF1000F06D019465046059A63
:10B3C0000AF0D1FF0028E9D1A168BAF1000F4DD1F0
:10B3D000A1F840A0049B013B0493DFD16069FFF713
:10B3E00043FC204600F03AFD0A9B30AA02EB83039F
:10B3F00053F8540C08F064FB414611AA81462846D4
:10B4000000F036FB0746A0683968FF2200F5AB70F4
:10B410000AF0BBFF3B684FF6FF7708F1010AB84618
:10B4200003935146284616AA0AF1010B00F020FBAF
:10B43000002851D00022A168036801F2551111F8CB
:10B4400001EF985C704503D110B101324245F6D14D
:10B45000B9F1000F01D04A4506DBBA42A8BF3A460F
:10B46000013E012E97B237D0DA46DAE798480691C6
:10B4700008F026FB069900EB0B074A8FBFB2121AA1
:10B4800092FBF7F2504692B20791069208F018FB31
:10B4900007993F1AB1F84000069A00F1010CA1F893
:10B4A00040C0B0FBF2F102FB110080B2BFB260B944
:10B4B00006212046864B874ACDF800A008F0ABFF56
:10B4C0003946204600F060FB84E7534606212046BB
:10B4D000814A08F0A0FFF3E7002F3FF4BBAD0399CA
:10B4E000A7EB0902204692B2494408F0DBFFB1E520
:10B4F000D0F874329E077FF5ADAD012108F008FB4E
:10B50000204608F0F0FFA5E5D0F874329D077FF5DE
:10B51000A1AD012108F0FCFAA368D3F87432190731
:10B52000EED4204608F0C0FF94E5204608F0CEFE99
:10B5300090E5204608F0C1FE204608F005FE10B94F
:10B540006069FFF791FB0121A06808F0E1FA3DE690
:10B55000204608F0C4FE7DE5204608F0CBFE79E5E4
:10B56000D3F874329B0603D55C49606908F0AEFAE3
:10B57000A368D3F874329F0603D55949606908F06F
:10B58000A5FA204600F06AFC64E500212046FFF79A
:10B5900071FB5FE50121F9E7204608F087FE2046B0
:10B5A00008F055FA0121A06808F0B2FAA368D3F8B0
:10B5B00074329E067FF54EAD4A49606908F086FAFE
:10B5C00048E5204600F070FB0121A06808F0A0FAD1
:10B5D00040E55B2902D102225A753BE5D3F874326B
:10B5E0009D0706D5622907D14FF0FF31204608F0AC
:10B5F0001FFEA3680022EFE76629FAD10121F5E7D3
:10B6000000225A75A268D2F8743298077FF522ADED
:10B61000A1F131031B2B3FF61DAD01A151F823F021
:10B620009DB60000A9B60000BDB6000091B60000AE
:10B6300055B0000055B0000055B0000055B00000F6
:10B6400055B0000055B0000055B0000055B00000E6
:10B6500055B0000055B0000055B0000055B00000D6
:10B6600095B500008BB5000051B500002BB500006A
:10B6700055B0000095B6000055B00000A1B600001E
:10B6800055B0000055B0000055B00000ADB6000048
:10B6900003235375204608F010FEDBE403235375A3
:10B6A000204608F003FED5E403235375A068D0F8C4
:10B6B000741201F0010181F0010159E60323537571
:10B6C000A368D3F874329B077FF5C4AC29E700BFA9
:10B6D000267A01006E820100407E0100F5680100BB
:10B6E000FA680100F068010010B5836804461A7D0D
:10B6F000012A2BD1D3F87822510408D5D3F874222B
:10B70000520704D40146DA6CC06908F0DBFFA06878
:10B710004FF0FF324FF0FF3300F5437008F0B8F9F7
:10B720002046082100F082FA206808F0C9F918B113
:10B730000849606908F0CAF92046FFF755FCA0687F
:10B7400000F5437008F0FDF9002010BD6FF0850092
:10B75000FBE700BF057C01002DE9F041044680684D
:10B76000154600F51E70002937D04FF4804108F0CF
:10B7700079F9A3680021DD64606803689B689847D5
:10B7800000284BD12046FFF7AFFF002846D1244EBA
:10B79000244FDFF89480A06800F52F704FF0FF323F
:10B7A0004FF0FF33032106F02FFA0546A0684FF053
:10B7B000FF324FF0FF3300F543709DB108F068F998
:10B7C00020462B460121194A08F025FEA068BDE855
:10B7D000F04100F5437008F0B4B96FF4804108F00F
:10B7E0004CF9C6E708F054F932460221204608F029
:10B7F00051F93A462946204608F04CF9204642467F
:10B80000012108F047F9606803685B6903B1984754
:10B81000A06800F5437008F094F9BCE7BDE8F0813A
:10B8200015AC000035B00000473B010074820100F8
:10B8300010B5044608210C4A08F0EFF9204608210B
:10B840000A4A08F0EAF920460821094A08F0E5F911
:10B8500020460821074A08F0E0F920460021064A60
:10B8600000F01AFB002010BD8B820100C98201008C
:10B87000288301007C83010016840100F8B51E4670
:10B8800017460B462F4A0821044608F0C6F96EB346
:10B89000082120463B782C4A08F0BFF901256A07A9
:10B8A00004D108212046294A08F0B7F9AE4223D92D
:10B8B000082120467B5D244A08F0AFF90135102DA0
:10B8C000EDD108212046224A08F0A7F9D6B908216F
:10B8D00020461E4A08F0A1F90125AE422B4613D896
:10B8E00008212046194A08F098F918E00821204656
:10B8F000184A08F092F9012508212046154A08F057
:10B900008CF9DBE700252B46FB5C0821A3F1200224
:10B910005F2A28BF2E2320460F4A08F07EF9013502
:10B92000102D07D06B07D8D108212046074A08F010
:10B9300074F9D2E72046BDE8F8400821074A08F02C
:10B940006CB900BF2C8401001F7A0100277A010026
:10B95000297A0100257A0100538401003384010013
:10B960002DE9F043044680688846D0F82013154638
:10B970001F4689B0002960D14FF44A720AF0B1FC29
:10B98000E06809F0D7F8A06800F543700AF010F9F4
:10B990004FF42F794FF41F76A06830440AF047FC2B
:10B9A000A068002283190121484410360AF016FCD1
:10B9B000B6F52F7F09F11409EED10026A369022103
:10B9C0001E60A06866F3820500F51E7008F04AF854
:10B9D0005022A36820465A871822A3681A87216834
:10B9E00008F028F9A3684146C3F874526068144A05
:10B9F00003681D682346A8470546D0B90122A368FD
:10BA00001A75D4E90A0100220023CDE906230E238A
:10BA10000393109B4FF40062CDE901730495094B29
:10BA2000009405F035FBA368C3F82003616A05F0B4
:10BA30006DFA284609B0BDE8F0836FF07705F8E7A6
:10BA4000E73A010059B7000010B5044613460A460C
:10BA50000146064801F006FC23691B7923B1204604
:10BA6000BDE8104008F037B910BD00BFEF3C010041
:10BA700038B50B46154648B91449154A521AB3EB66
:10BA8000920F05D251F82350284638BD84680CB96E
:10BA90000025F9E70F4A94420AD30F4A944207D28D
:10BAA00018462946226890472B68002BECD1EFE717
:10BAB0000A4A944202D30A4A944205D324681422C3
:10BAC0005343E518E358F0E70133F8E780680100D5
:10BAD000AC680100C0680100C0680100AC680100EA
:10BAE000C06801000023F7B51646027804462D2AE7
:10BAF000019305D16FF015030020336003B0F0BD52
:10BB00000AF0D4FC05460B4F0A46C35101A9204652
:10BB100006F0F6FAEB59222B02D16FF02103EBE786
:10BB2000002BE7D1019BA342E4D01B78002BE5D08A
:10BB3000E0E700BF0C0000008368D3F874329B0676
:10BB400003D50249406908F0E1BA70470069010075
:10BB5000014908F0DBBA00BF067C01000A1E0DDCBB
:10BB60000ED042238168D1F87412890608D5002AC4
:10BB700004494069B8BF524208F0C8BA4123F1E70E
:10BB8000704700BF4F8401000A1E0DDC0ED0442315
:10BB90008168D1F87412890608D5002A04494069E1
:10BBA000B8BF524208F0B2BA4323F1E7704700BF72
:10BBB0004F8401002DE9F0478568044605F15600E1
:10BBC000FCF78CFC0023984695F83C70DFF8549005
:10BBD00086B2A268558FED1BB54209DB002E1FDD32
:10BBE0005633606910491A44BDE8F04708F08EBA30
:10BBF0001D442A4492F856A082F85680A268563313
:10BC00001A444946606908F081FAA3682B4483F816
:10BC100056A0A3685B8FDB1BF61A00272B46D8E7DC
:10BC2000BDE8F0878C730100407E010008290A46B8
:10BC300017D8836893F83E10914212D083F83E20C3
:10BC40008368082AD3F8743205D0990609D50549C6
:10BC5000406908F05BBA9B0603D50349406908F0C8
:10BC600055BA7047568401000569010038B50D4684
:10BC700009780446FFF7DAFF6A78072A11D8A36823
:10BC800093F83F1091420CD083F83F20A368D3F87B
:10BC900074329B0605D560690249BDE8384008F05A
:10BCA00035BA38BD5F840100F8B583680446B3F83F
:10BCB0005020002A55D0B3F85210002951D05531E8
:10BCC00003F156050B441846A84206D3014611F865
:10BCD0000169202E3CD0A8423CD286B29DB2AB1B5B
:10BCE0009BB2591C471CD21A014438460AF0DFFAAD
:10BCF000A268711BB2F85030204613FA81F3A2F803
:10BD00005030A36809B2B3F850201344002283F8DE
:10BD1000562008F064FAA368D3F874329A0603D563
:10BD20001049606908F0F2F93B46082120460E4AA6
:10BD300008F071FB2046FFF7FFFEA368D3F87432CA
:10BD40009B060ED560690949BDE8F84008F0DEB9E8
:10BD50000846B9E7014611F80169202EBDD0084612
:10BD6000B9E7F8BD0A690100407E01000E690100D3
:10BD70002DE9F04104460D4617460AB1FFF7DCFEF7
:10BD8000A368B3F85220D3F87412563213444A070A
:10BD900021D51846FCF7A2FB0646DFF84880A6B975
:10BDA000A368B3F85020A3F85220A06808F0BBF9AC
:10BDB00020B107B115B16069FFF7CAFE694220469C
:10BDC000BDE8F04109B208F00ABA4146606908F0DE
:10BDD0009DF9013EE3E708212046034A08F01BFBDA
:10BDE000DEE700BFB58E0100407E010013B5836819
:10BDF0008DF80710D3F874220446D00725D5B3F880
:10BE00005210B3F850208A421FD0481C9DF80720DA
:10BE1000A3F852000B4483F85620A368D3F8741299
:10BE2000890710D5D3F87432606913F0040F18BF76
:10BE30002A22094908F06AF9204608F085F910B16C
:10BE40006069FFF785FE02B010BD012220460DF1AA
:10BE5000070108F0EDFAF6E75384010010B5044637
:10BE600083680221084A08F0D6FAA368D3F874322E
:10BE70009B0707D52046FFF79DFE2046BDE81040F2
:10BE800008F088B910BD00BF407E0100014908F0EC
:10BE90009EBC00BF067C01002DE9F04F0E4600213C
:10BEA000044617460D4689B0304603AA01F1010841
:10BEB000FFF7DEFDB0B995B127B13A46082120461B
:10BEC00008F0A9FA00211E4FDFF87890DFF878A07B
:10BED000304603AA01F10108FFF7CAFD60B909B0B5
:10BEE000BDE8F08F006810B1FCF7F8FA80B2854227
:10BEF00038BF05464146D7E703688BB11A787AB157
:10BF0000D0F804B04A46CDE9005308213B4620460C
:10BF100008F081FABBF1000F04D16069FFF7B6FFAA
:10BF20004146D5E7524620463B46082108F073FAC1
:10BF30006A1D5946204692B208F056FCF0E700BF51
:10BF40007D840100688401001A7A0100F7B50F684A
:10BF500005460E46A7B13846FCF7C0FA84B2094B35
:10BF60002846009308213B46074A08F054FA284621
:10BF7000E21C716892B203B0BDE8F04008F034BC36
:10BF80003C46ECE7798401006F82010010B5074957
:10BF90000446FCF791FA38B120460549FCF78CFAC3
:10BFA000B0FA80F0400910BD0120FCE76F84010069
:10BFB0007284010010B583680446D3F874329B067E
:10BFC00003D50649406908F086FC5022A36800208A
:10BFD0005A871822A3681A8710BD00BF1269010092
:10BFE00008B5836908211B68024A07F016FE002085
:10BFF00008BD00BF808401002DE9F3410F4A0821EC
:10C00000054607F00AFE00230D4C0E4EDFF838807F
:10C01000B44203F1010703D3002002B0BDE8F08170
:10C02000626A9BB20192A2680821009228464246A9
:10C0300007F0F3FD30343B46EAE700BF908401008F
:10C040005068010080680100A884010008B5024919
:10C0500007F0F0FD002008BD077C01007FB5044615
:10C0600000250E4EA2680DF10E030121E06802F5D5
:10C07000AB7208F0C0FCBDF80E00A36850B103F528
:10C08000AB73009332462B460821204607F0C5FDCE
:10C090000135E7E783F8560104B070BDB9840100AB
:10C0A00010B5044607F009FE08210346024A20465F
:10C0B00007F0B3FD002010BD3D740100022907B553
:10C0C0000DD15368012101930C4B009313680C4A66
:10C0D00007F0A3FD6FF0150003B05DF804FB836863
:10C0E000084AD3F87432082113F0020F064B08BF38
:10C0F0001346064A07F091FD0020EDE7CC840100CD
:10C10000C384010096730100DB7D0100E18401001E
:10C1100010B583680446D3F874329A0603D50749EC
:10C12000406908F0D8FBA368D3F874329B0603D5A6
:10C130000349606908F0CFFB002010BD19690100B8
:10C140001E690100F0B50129044685B00CD0536882
:10C15000012101935F4B009313685F4A07F05DFD77
:10C160006FF0150005B0F0BD8368D3F874329906FE
:10C1700003D55A49406908F0AEFB00256FF0F9017C
:10C180002046FFF7EBFCFA212046FFF7FDFCA068F4
:10C190004FF48072294600F5AB708DF80B500AF011
:10C1A000A0F84F49606908F096FB606907F093FDBD
:10C1B0004FF47A766068012203680DF10B011F6964
:10C1C00003ABB847039BF3B9013E4FF47A70B6B2A4
:10C1D00009F038FC002EEDD1A368D3F874329B0629
:10C1E00003D54049606908F076FB5022A3682046D9
:10C1F0005A871822A36803211A873B4A07F00DFDCE
:10C200006FF00700AEE79DF80B20A3681B2A53D000
:10C2100093F856111B29CDD1522A4DD15A1900231A
:10C2200082F85631A66896F857215B2A2BD1022551
:10C2300006F2571010F8011F2A463B2905F10105A7
:10C24000ADB223D1FF2AC7D002F5AB7216FA82F144
:10C25000002211F8010F18BBFA2A28BFFA22FA2B84
:10C2600028BFFA2386F85601A1684A87A268138777
:10C27000A368D3F874329A0603D51A49606908F0A6
:10C280002AFB00206EE786F85631A5E703EB83030F
:10C29000303901EB4301B5F5807F8BB2CAD19BE702
:10C2A000013502EB8202ADB2303800EB4200B5F549
:10C2B000807F82B2CDD18FE72B440135ADB2092DFD
:10C2C00083F856217FF676AF0022A36883F85621C3
:10C2D00082E700BFCC840100C3840100246901000F
:10C2E0002C85010028690100F28401002DE9F04F3E
:10C2F00007461546894689B021B1104608F020FC52
:10C3000000285BD1032455E05C463CE029460AF551
:10C31000AB700AF056F80646002854D0FCF7DEF859
:10C3200082B2601C31460132304409F0C0FF22461F
:10C330005946304609F0ADFF4FF020033355BAF8A7
:10C34000543008F1010801331C44AAF85440002479
:10C3500001994B1C484603AA0193FFF789FB064647
:10C36000E8B100222846316808F0BFFD0028EFD16F
:10C37000D6F800B0D7F808A0BBF1000FC4D05846DB
:10C38000FCF7ACF884B2BAF854302344FF2BBDDD7F
:10C390002B46032138460D4A08F03DF80124B8F138
:10C3A000000F07D0B8682A4600F1540100F5AB70C1
:10C3B00007F0C1FD204609B0BDE8F08F4FF000083E
:10C3C00002244146C5E70224E9E700BFF4890100E1
:10C3D00008B5044806F082FDBDE80840024806F0B2
:10C3E0007DBD00BF468A01007B8A01002DE9F8432C
:10C3F00005460C4600AF002948D0DFF8B890D9F8C0
:10C4000000305A0742D0D1E900016E468AB06A4630
:10C41000A3684FF00508DFF8A0C0C2E90713C2E91E
:10C4200005C042F8108F00234FF421514846FDF714
:10C430004FFCD9F80030B5465B0727D0D4E903019B
:10C440008AB06A466369DFF874C0C2E90713C2E9BB
:10C4500005C042F8108F002348464FF42151FDF7E4
:10C4600037FCD9F80030B54658070FD0E3690121F1
:10C470004846134A07F0CFF9D9F80030590705D0DC
:10C48000A369012148460F4A07F0C5F9012D0AD1D9
:10C49000EFF3058307480268520704D00A4A294689
:10C4A000103B07F0B8F92146284604F069FABD466A
:10C4B000BDE8F883D8C70020A98A0100D88A010006
:10C4C000078B0100168B0100448B010030BFFFF782
:10C4D000FDBF00BF2DE9F04105460B4EDFF82C8073
:10C4E000324606EB0807CC1B2046094909F0D1FE6D
:10C4F000A01942460021083C09F0F3FEC5F8A84007
:10C5000007F10800BDE8F08100000000080000000D
:10C51000C0680100074A936893F90E10002907DBF1
:10C52000526993421FBF044A536843F080535360DB
:10C53000704700BFF4EA002000ED00E0F8B5364C8B
:10C54000064623680D465B0703D02046334908F0B2
:10C5500047FB334B9B6ADF065CD52368580703D043
:10C5600030492D4808F03CFB11202D4B9B6A1907E0
:10C5700007D523685A0703D02B49274808F030FB1A
:10C580001220274FBB6A9B0719D52368580703D091
:10C590002649214808F024FB7B6BBA6A11060DD5A9
:10C5A0002268520704D00121214A1B4807F033F9C1
:10C5B00026B11B4A936A23F0800393621320184B21
:10C5C0009B6ADB0707D523685F0703D01949124828
:10C5D00008F006FB1420124B9B6A9E0607D52368C1
:10C5E000580703D014490C4808F0FAFA15200C4BF0
:10C5F0009A6AD10658BF9A6A9A6A920642BF5A6AE4
:10C6000022F400525A629A6A42F0FF029A620023B0
:10C610002B70F8BD1020A8E7D8C70020578B010069
:10C6200000ED00E06D8B0100A08B0100B38B0100D9
:10C63000CB8B0100E18B0100008C010010B5334C65
:10C640002368580703D02046314908F0C9FA314B16
:10C650009B6A990157D523685A0703D02E492B4866
:10C6600008F0BEFA1E202B4B9B6ADB0107D523681E
:10C67000580703D02949254808F0B2FA1F20254B56
:10C680009B6AD90207D523685A0703D024491F485B
:10C6900008F0A6FA02201F4B9B6A1B0307D52368EC
:10C6A000580703D01F49194808F09AFA2120194B5E
:10C6B0009B6A590307D523685A0703D01A491348C0
:10C6C00008F08EFA2220134B9B6A9B0307D5236840
:10C6D000590703D015490D4808F082FA23200D4B65
:10C6E0009B6ADA0307D523685B0703D01049074824
:10C6F00008F076FA2420074A936A6FEA03436FEA48
:10C700001343936210BD1D20ADE700BFD8C70020C2
:10C710002F8C010000ED00E0478C01005A8C0100D5
:10C72000748C01009E8C0100BC8C0100E18C010026
:10C73000FB8C0100F8B5374C064623680D465B07B5
:10C7400003D02046344908F04BFA344B9B6ADF048F
:10C7500051D52368580703D031492E4808F040FAD4
:10C7600017202E4B9B6A190507D523685A0703D05B
:10C770002C49284808F034FA1820284FBB6A9B053A
:10C7800019D52368580703D02749224808F028FA0A
:10C79000BB6BBA6A11040DD52268520704D001217F
:10C7A000224A1C4807F037F826B11C4A936A23F442
:10C7B000004393621920194B9B6A5B0507D52368D8
:10C7C0005F0703D01A49134808F00AFA1A20134BDE
:10C7D0009A6AD60511D52368590703D015490D4823
:10C7E00008F0FEF91B200D4A936A43F47F439362DD
:10C7F00000232B70F8BD1620B3E79B6A9A04F2D58C
:10C8000023685B0703D00C49024808F0E9F91C20B3
:10C81000E9E700BFD8C70020268D010000ED00E049
:10C820003C8D0100A08B01004D8D0100668D010043
:10C830007B8D0100968D0100008C01002DE9F047F1
:10C840008AB0774B0446D3F804908A4616460025F2
:10C8500000AFC9F3080885F31188BFF36F8F02F0AA
:10C860007F43B3F17F4F21D1D3071FD4500603D4A8
:10C8700011070BD401250BE06A4803685A0702D060
:10C88000694908F0ADF916F0040600D054460025B9
:10C890000023FB71A8F10303092B00F29B80DFE862
:10C8A00003F0078D90899999999999932C46EFE710
:10C8B0005C4E33685B0703D030465C4908F090F962
:10C8C0000023FB71564BDA6A900708D53368590785
:10C8D00003D05749534808F083F9002333E0DA6A5C
:10C8E000002A04DA33685A07F7D05249F2E7DB6AC4
:10C8F0005B00F2D53368580703D04F49494808F028
:10C900006FF9474BA1695A6942F480725A61BFF3CB
:10C910004F8FBFF36F8F5A6931F8021C22F4807277
:10C920005A61BFF34F8FBFF36F8F4DF60272914282
:10C930002BD13368590705D0236801213F4A394874
:10C9400006F069FF2368FA79DAB907F1080604F1FD
:10C95000200C324620686168083403C264451646DC
:10C96000F7D17A6A002D56D0C2F3080121B96FEAD7
:10C9700052226FEA42227A62184607F10801FFF755
:10C9800035FD2837BD46BDE8F0879A6AD2B222B19C
:10C990000120F91DFFF7D2FD0EE09A6A12F47F4FD5
:10C9A00004D00120F91DFFF7C5FE05E09B6AB3F531
:10C9B000803F92D3FFF742FE0346C4E70020F91DF3
:10C9C000E8E70020F91DEEE7164803685A0784D00F
:10C9D0001B4980E7134803685B073FF47EAF194AA1
:10C9E0006E4619F4F87F8AB0174B18BF13466A4693
:10C9F0001649C2E90513A8F11003D3614FF400737F
:10CA00001384134B42F8103F00234FF41151FDF7EC
:10CA10005FF9B54661E722F4FF7222F00102AAE74E
:10CA200000ED00E0D8C70020DC8D0100FF8D010083
:10CA3000168E0100378E0100458E0100648E0100C4
:10CA4000808E0100C38D0100AE8D0100A48E010017
:10CA500004000001044B5A6942F010025A615A69FD
:10CA600042F480625A61704700ED00E0EFF3088005
:10CA7000EFF3098101B57246FFF7E0FE01BD00BF8B
:10CA8000002080F31488BFF36F8F002080F30A88A2
:10CA900080F30B8808F014FD002011490860BFF3F3
:10CAA0004F8F104880F3088800F032F8202080F380
:10CAB00011880D484FF0AA014FF4006208F0F2FF10
:10CAC00009484FF40061401880F30988EFF314809F
:10CAD0000221084380F31488BFF36F8F00F012F92E
:10CAE00094ED00E0F0160120B0FD00200023184670
:10CAF0000649D1F89020C2F30722934200DB704729
:10CB0000C1F89830C1F8A0000133F6E700ED00E06D
:10CB100010B572B6002484F31388FFF7E7FF2346AD
:10CB20004FF0FF300C4A03F120010133102B42F883
:10CB30002100F8D100234FF0FF30074A03F16001D4
:10CB40000133102B42F82100F8D162B6BFF34F8FAA
:10CB5000BFF36F8F10BD00BF00E100E0084B9B6882
:10CB600083420BD1EFF3058343B1064B5A6842F081
:10CB700080525A605A6A22F400425A6209F044B95B
:10CB8000F4EA002000ED00E06FF00A01094A936822
:10CB9000C3F8B0100849C3F8AC004B6843F08053A9
:10CBA0004B60002383F31188BFF36F8F9368D3F832
:10CBB000B0007047F4EA002000ED00E0114A9368ED
:10CBC00083F8B500EFF31183202383F31288BFF3BA
:10CBD0006F8F4FF00061536920F0FF0093600A4AA5
:10CBE0005160D3F8A810094A1160002193F8B520CC
:10CBF0001043D3F8AC20C3F8AC1082F31188BFF314
:10CC00006F8F7047F4EA002000ED00E09CE4002004
:10CC100010498A6882F8B5E04FF030001044EFF315
:10CC2000098C80E8F01F74467046FFF7C7FFA646E0
:10CC300008498A68864602F1300090E8F01F8CF3BC
:10CC4000098802F1000004B507F0D4FFBDE80440F4
:10CC500070470000F4EA00201EF0040F0CBFEFF351
:10CC60000880EFF30980816911F8021C0229FFD0C6
:10CC700001B507F0AAFF01BD40B2002807DB012380
:10CC80004109034A00F01F00834042F821307047F9
:10CC900000E100E040B200280CDB01220649430914
:10CCA00000F01F008240203341F82320BFF34F8F54
:10CCB000BFF36F8F704700BF00E100E0054B4209F2
:10CCC00053F82220012300F01F0003FA00F0104067
:10CCD000704700BF00E100E040B2002801F101010F
:10CCE000ACBF00F16040064B4FEA4111C9B2ABBF87
:10CCF00000F5614000F00F0080F8001319547047F0
:10CD000014ED00E00B4A08B50B4B22F07F029A604D
:10CD1000BFF34F8FBFF36F8FD3F8882022F47002D8
:10CD2000C3F8882003F02AFF04F06AFD00F050F8F1
:10CD300003F068FF0080000000ED00E042F8203CB6
:10CD4000009B0D4942F81C3C019B21F0010142F877
:10CD5000183C029B42F8081C42F8143C4FF08073C8
:10CD600042F8043C0023C0F8AC304FF43C43203A76
:10CD70000265C0F8B4307047719300000D4B154642
:10CD80009860D0F8A8200C4B0E461A60D0F8983066
:10CD900083F30B882C4686F309884FF00000074B7D
:10CDA000984720464FF000014FF000024FF000037B
:10CDB000034C2047F4EA00209CE40020FF4B0100D4
:10CDC000719300001022014B1A61704700ED00E0E2
:10CDD000002320210348C2180133412B82F800139D
:10CDE000F9D1704700E100E008B5EFF30583064A8A
:10CDF000103B02EBC30152F8330049688847BDE895
:10CE00000840FFF787BB00BF886501001FB5094CCC
:10CE1000094A23460121094800F01CF90023039325
:10CE2000074B0121E41A01A80193029400F01CF9B8
:10CE300004B010BD0000042080C50020FC6E01007D
:10CE400030C8002010B50C7A0B6804F01F0223F0E4
:10CE50001F031A43CB68640923F01F03054943EA03
:10CE6000440343F00103C1F89800C1F89C20C1F8C5
:10CE7000A03010BD00ED00E010B50C4B0446D3F817
:10CE80009030C3F30723013B98420BD9084803684D
:10CE90005B0704D001212346064A06F0BCFC6FF074
:10CEA000150010BDFFF7CEFFFBE700BF00ED00E06F
:10CEB000D0C70020BB8E01002DE9F04F89461446F3
:10CEC00006464FF00008544D85B0C8452EDAD6F816
:10CED00004A0BAF1000F4BD0BAF11F0F1BD91AF002
:10CEE0001F0F18D1D6F800B01BF01F0F13D15846F2
:10CEF00007F0A8FE07460AEB0B00013807F0A2FE78
:10CF0000874217D06FF01507444803685B070BD0C2
:10CF1000434A3B4605E0414803685A0704D043466C
:10CF2000404A012106F077FC6FF01504204605B059
:10CF3000BDE8F08F17F1160FE6D0BC42E4DDC5F86E
:10CF40009870D5F89C10C5F89870D5F8A03021F0ED
:10CF50001F0143F01F0BD6E900321A44994202F137
:10CF6000FF3A1DD1D34507D13146F8B207F073FE21
:10CF700008F101080C36A8E73146C5F89870D5F8D5
:10CF80009C3022F01F0203F01F031343C5F89C30AE
:10CF9000E0B207F060FE10F1160FC5D0441CE7E7C1
:10CFA000C5F89870D5F8A020013B23F01F0302F0CC
:10CFB0001F021343D3453146E0B2C5F8A030E8D094
:10CFC00007F049FE10F1160FAED0C5F89870D5F8ED
:10CFD0009C209DF808300BF1FF3B62F304038DF8B1
:10CFE0000830D5F8A0309DF808205B0863F347129D
:10CFF0008DF80820D6E900321344009323F01F0374
:10D000005B44A3EB0A03013023F01F036946C0B25F
:10D010000393FFF731FFBEE700ED00E0D0C700202B
:10D02000048F0100E18E01000522044BC3F8942017
:10D03000BFF34F8FBFF36F8F704700BF00ED00E06D
:10D04000BFF35F8F0022024BC3F89420704700BFEC
:10D0500000ED00E010B5034C2278FFF72DFF2070A3
:10D0600010BD00BF5BEC00202DE9F74F294D8A462B
:10D0700006464FF00008AB46274FD0451BDAD6F8DE
:10D080000490B9F1000F3FD031680846019107F0D4
:10D09000D9FD0199044609EB0100013807F0D2FDE2
:10D0A00084424FF014021D4B08D002FB08F36FF0CE
:10D0B00015024BF8032003B0BDE8F08F14F1160FF2
:10D0C0002C60F8D01978A142F5DD02FB08B0C7F852
:10D0D0009840C7F89840D7F89C4000F10801007BC1
:10D0E00064F304000871D7F8A0000C79400860F3DD
:10D0F00047140C71D7F89C1021F01F016960D7F814
:10D10000A01021F01F01296108F1010814350C3627
:10D11000B3E700BFA0E4002000ED00E05BEC0020DE
:10D12000F0B54149414CD1F890302568C3F307234D
:10D130009D4287B075D80020FFF782FF3C4BC1F8B5
:10D14000C030854216D13B4C01A82570FDF778F818
:10D1500000250646384FAE4213D1002023783249CD
:10D16000D1F89020C2F30722934254DBFFF75CFF13
:10D1700000202FE0616801EB0011FFF763FE013032
:10D18000DFE70199280101EB0513DA683A40B2F5AF
:10D19000001F21D0B2F5800F2BD0B2F5801F38D1FF
:10D1A0005A689B680958013B22F01F000344012084
:10D1B000844623F01F0340EA4C10CDE902218DF88C
:10D1C000100002A920780593FFF756FE00281DDA0B
:10D1D0006FF0150007B0F0BD5A689B680958013B15
:10D1E00022F01F0003444FF0020C012023F01F0324
:10D1F000E1E75A689B680958013B22F01F0003448D
:10D200004FF0000C062023F01F03D4E723780133EE
:10D21000237001359FE7C1F89830C1F8A0000133B1
:10D220009EE74FF0FF30D5E700ED00E0086F01000A
:10D23000AAFF44005BEC00200000F0FF08B5024BA1
:10D240001B689847002008BDB4E40020034B044A43
:10D250001860937843F0020393707047B4E40020A1
:10D26000F0C50020F0B587B007460E4614460021F1
:10D27000102268461D4609F034F802238DF802306A
:10D28000054B2A4621466846CDE90476019305F010
:10D2900037F807B0F0BD00BF894C010008B506495A
:10D2A000064821F00701C1F1005202F5802205F085
:10D2B00065FD002008BD00BFF72C0120B8E4002068
:10D2C0000122024B0020C3F8402570470090034024
:10D2D00020B1034B800143F001031847704700BFA2
:10D2E00030690100084B70B5C31A0D4607499B1001
:10D2F000044659434022064807F003FE2B460146E8
:10D300002046BDE870401847D8E40020B76DDBB672
:10D3100038650100402373B50B4C0093041B0B468A
:10D320000D460A49A41061430646094A094807F018
:10D3300013FE011E05DA30462B4602B0BDE87040F0
:10D34000184702B070BD00BFD8E40020B76DDBB64F
:10D35000C14F01003865010010B5EFF3118420239F
:10D3600083F31288BFF36F8F074A136823F002011B
:10D37000DB07116002D4012008F0ADF884F31188B6
:10D38000BFF36F8F10BD00BF28E5002070B50022ED
:10D39000012104460520FFF79FFC0F4801F086FBA2
:10D3A0000E4B984215D101F091FB26690C4930468D
:10D3B00006F044F800280BDB012535642469084990
:10D3C00004F11C0006F03AF8002801DB0020E564B7
:10D3D00070BD6FF00400FBE7E9D400000000AD0B66
:10D3E000306F01007FB500220123CDE9022304AB99
:10D3F000CDE90433094A6B46CDF800D0CDF804D00E
:10D4000007F0D7FD002805DB4FF480420023684673
:10D4100003F056FD07B05DF804FB00BFDF4F0100CD
:10D420000C22104B014602FB0033002030B4D3E93C
:10D430000E529863EFF31180202484F31288BFF317
:10D440006F8F1C6C04F0C00444F002041C6480F371
:10D450001188BFF36F8F1DB12B4630BC02481847AF
:10D4600030BC7047D8E400203865010010B4EFF3F9
:10D470001182202383F31288BFF36F8F174801684E
:10D4800041F002040460C80707D482F31188BFF397
:10D490006F8F012010BC01F02DBB1149D1F80C0495
:10D4A000D1F80C14C907F0D5EFF3118083F312887B
:10D4B000BFF36F8F0B490B6C03F0C00343F0020303
:10D4C0000B6480F31188BFF36F8F82F31188BFF371
:10D4D0006F8F002010BCFFF7A3BF00BF28E500201E
:10D4E00000500040D8E4002010B1012804D070475B
:10D4F000034B1B6C5B0701D1FFF792BF704700BF66
:10D50000D8E400202DE9F041012207463449D1E852
:10D51000EF3FC1E8E02F0028F9D133B93149324853
:10D520004B60CB608A6005F09CFF7B1E012B28D8E6
:10D53000012F06D12D4BD3F81C3403F00303022B2B
:10D540001FD008F04CFB0546E8B9294B1B78D3B136
:10D5500002220646254BC3F80823244CDFF89480AA
:10D56000D4F81824D4F81834D20315D503F00303E3
:10D57000022B01D0012F0FD16DB386F31188BFF3B9
:10D580006F8FBDE8F081EFF31186202383F31288BB
:10D59000BFF36F8F0125E0E7C5B1304607F043FBCD
:10D5A000D4F81835DBB2012BDAD1D4F80421002AE3
:10D5B000D6D00022C4F80421D4F804210222C4F8F1
:10D5C00018252022C8F88021A360C9E70021212066
:10D5D00004F018F8E4E70222044BC3F80423D0E770
:10D5E000D4E40020C4E40020F4E400200050004013
:10D5F000AEF0002000E100E008B5074808F027FA87
:10D6000038B10648FFF722FE0448FBF7ABFE0020C6
:10D6100008BD6FF01200FBE77465010021D6000021
:10D620000A2838B50446074D04D1AB680D212846B9
:10D630005B689847AB6803485B68E1B2984720464F
:10D6400038BD00BF7465010038B545682B69B3B1BA
:10D650001035284601F082FE044680B9014628466E
:10D6600001F040FE084B98420BD12246284607495C
:10D6700001F00EFE224601213120FFF72DFB002094
:10D6800038BD6FF00400FBE70000AD0B91D6000041
:10D69000430970B507D10B4B596821B101250C68BE
:10D6A000094E854001B970BD8A682A4002D03046D3
:10D6B0004B6898471CB1236821461C46F2E7234675
:10D6C000FAE700BF2CE500204C6501002DE9F0438E
:10D6D00040F206354668D00648BF0320337B02EA95
:10D6E000050558BFC2F3401087B001F01F07B5F51C
:10D6F000837F144647EA43178DF8030041D00FD8C3
:10D70000062D18D007D8B5B1022D3CD06FF015000A
:10D7100007B0BDE8F083B5F5807FF7D101250AE0B9
:10D7200040F20222954230D0B5F5407F2FD0B5F5BA
:10D73000007FEBD1022522032BD5012372688B4099
:10D740009360326962BB07F01F037F0975D13D4AC0
:10D7500084F4803102EB8302D2F80032C1F300413D
:10D76000C4F3404423F4E16344EA410423F0070393
:10D770001C4344EA800444EA0524C2F80042002025
:10D78000C6E70725D7E70425D5E70525D3E7032511
:10D79000D1E7630341BF012372688B40D360D0E7B8
:10D7A0001036394630460DF1020201F07FFD14F4C7
:10D7B000403F80460CD13946304607F02AFF224BC5
:10D7C0009845DCD130469DF8021001F0D5FDD6E732
:10D7D0004FF0000901AB3946304603AACDE90439C0
:10D7E000CDE90199CDF80C9001F0BEFB164B9842A3
:10D7F0008CD114F4003315D09DF8033084F48034B8
:10D80000C4F300448DF80E3039464B46304603AA27
:10D810008DF80C508DF80D4001F0A2FC0A4B984297
:10D82000CDD073E7CDE9043339460DF1030330461B
:10D8300003AA039301F098FBF0E7803352F82330FA
:10D84000FFDE00BF002584400000AD0BF0B540684E
:10D8500001F01F04057B87B044EA45140569002DDB
:10D860005FD0B2F5001F00F1100506D12146284611
:10D8700007F0D1FE002007B0F0BD0027B2F5800F01
:10D8800001AE0197776037D1B3F1007F14BF052354
:10D8900004238DF804300023CDE9046303938368E7
:10D8A00023FA01F111F0010118D1B2F1A07F15D1D5
:10D8B00004F01F03620903F1800338D11D4A52F8B6
:10D8C0002330DB070AD40DF10306324621462846F1
:10D8D00001F0ECFC184B984219D0029621462846DC
:10D8E00003AA01F041FB154B98421DD101222146AC
:10D8F000284601F059FDBDE7B3F1C06F05D0B3F183
:10D90000007F14BF01230223C3E70323C1E731468D
:10D91000284601F03DFD094B9842DED06FF00B0028
:10D92000A9E76FF08500A6E76FF01500A3E751F8AF
:10D930002330FFDE002584400400AD0B0000AD0B5A
:10D940002DE9F04F002640F2FF17DFF814C1DFF891
:10D9500014E1DFF81481F3B2994202D80020BDE847
:10D96000F08F50F8265015F4804FC5F3C324C5F34B
:10D97000080362D16D0CBB4208BF4FF0FF331CF8A7
:10D980000440062D5CD8DFE805F0040A114B14456D
:10D990004B00C2F80C355D1C45D10136DBE7C2F8FF
:10D9A00014355D1CF9D00025AA4612E0C2F80835EE
:10D9B000F1E75D1CC2F80835EFD000255FEA531986
:10D9C00041D14FF0010ADFF89C900AFA03FBC9F835
:10D9D0000CB050F826B00BF40049B9F1000F1CBF91
:10D9E0004FF0000A012503F01F095B0931D10EEB4E
:10D9F0008909D9F80032CBF3412B240244EA8B0485
:10DA000003EA0803234343EA0A0343EA4503C9F848
:10DA10000032C2E75D1CC2F80C35BED00125CDE74F
:10DA2000C2F81035BDE75D0910D10125DFF834904B
:10DA300005FA03FAC9F808A0B6E76FF015008EE7FB
:10DA40006FF085008BE70023DB60FFDE00239B6027
:10DA5000FBE7002309F1800953F82930F5E700BFFF
:10DA60006B8F010000258440F0F8FCFF2DE9F7439F
:10DA70004FF00008476805693C680646C4F8008511
:10DA80002860D7F80C904146484601AA07F0F7FAFB
:10DA9000002837DB019BD9F8002019791868FFF7B7
:10DAA0004FFF00282EDB6B7A3169012B03D0032B4B
:10DAB00026D14FF01008AB7A032B21D195F80BC07B
:10DAC000BCF1000F02D0BCF1010F19D12A7A12B1BA
:10DAD000022A15D10E226B687068B3F5164F0068E4
:10DAE0007AD02DD8B3F5165F79D016D8B3F5966FE6
:10DAF00077D00AD8B3F5967F76D0B3F5167F76D077
:10DB00006FF0850003B0BDE8F083B3F5166F71D0F8
:10DB1000B3F5965FF4D15E4B3EE0B3F5E14F6CD0C8
:10DB200007D8B3F5615F6AD0B3F5964FE8D1594B8A
:10DB300032E047F6122E7345E2D14FF400032BE09A
:10DB4000B3F5613F5DD013D8B3F5963F5CD009D8EB
:10DB50004DF6C02E734559D0B3F5614FD0D14FF477
:10DB60006B0319E0B3F5E13FCAD14FF0EB7313E05B
:10DB7000B3F5612F4DD009D8DFF81CE173454BD0C8
:10DB8000B3F5E12FBCD14FF0E86305E0DFF80CE11D
:10DB90007345B5D14FF08053C0F82435736848EA17
:10DBA0000C081B6842EA0802C3F86C250B1DD5E976
:10DBB000010183E803007B68980741D505F11C004B
:10DBC00001F026F8364B98422ED0364803685907A4
:10DBD00025D16FF0040095E74FF41D03DCE7324BCD
:10DBE000DAE74FF49E23D7E74FF4A033D4E74FF49E
:10DBF0001C33D1E74FF41D23CEE72C4BCCE72C4B45
:10DC0000CAE74FF06C73C7E72A4BC5E74FF46503CB
:10DC1000C2E74FF07063BFE74FF08063BCE70121BC
:10DC2000254A05F0EFFDD4E7287F04F10C0204F546
:10DC3000907107F049FC01202B7F984000F0D8FE3E
:10DC40000823C4F800353B7A53B9C4F81031D4F82E
:10DC50001031AB69C4F834350123C4F8383523607A
:10DC60007B6800209A075CBF4FF48073C4F80433CC
:10DC70007B68DB0644BF4FF48003C4F804336B6950
:10DC8000C4F844350123C4F84805A360E36039E7CC
:10DC900000B0130000A04E0090D0030040420F00DF
:10DCA0000000AD0BECC700200050270000C075003D
:10DCB00000F03A0000903A01738F01002DE9F04125
:10DCC00004460D46076907F08AFF4FF02008B0B9F7
:10DCD0001F4B1B789BB16426606807F0A9FAF0B966
:10DCE000012007F0EFFB013EF6D10021212003F0D7
:10DCF00089FCF0E781F31188BFF36F8FF5E7EFF34D
:10DD000011810E4688F31288BFF36F8F606807F0A9
:10DD10008FFA80B981F31188BFF36F8FEFE7EFF3CC
:10DD200011810E4688F31288BFF36F8F606807F089
:10DD30007FFA0028DED07B6901221D7020467969B8
:10DD400007F0B7F986F31188BFF36F8FBDE8F08154
:10DD5000AEF000200123834070B5DC430B4AD2E8CB
:10DD6000EF1F01EA0405C2E8E65F002EF7D14FF489
:10DD7000803282400648C0F80823BFF35F8FBFF3AC
:10DD80006F8F0B4214BF0120002070BD3CE50020C6
:10DD90000050014070B40E4922F07F46D1E90034B2
:10DDA000D01AC31844F10004C1E90034A6F50013E9
:10DDB000B3F5400F09D2074B1B681A0A1B069C19C2
:10DDC000054B42F10005C3E9004570BC03F0F2BD0C
:10DDD00080DD002040E5002088DD0020D9B101234E
:10DDE0000D4A8340D2E8EFCF4CEA030CC2E8E1CF02
:10DDF0000029F7D14FF48033084A8340C2F8043336
:10DE0000074BD3E8AF3FC340DB0742BF4FF40012DC
:10DE1000044BC3F8002170473CE50020005001404E
:10DE200038E5002000E100E00D4B1868010A00060B
:10DE3000BFF35F8F0B4BD3F80435181841F1000185
:10DE4000B3F5801F0AD2084BD3E90023904271EB4F
:10DE5000030303D210F1807041F10001704700BF4D
:10DE600040E500200050014088DD00202DE9F04F02
:10DE700085B016461F4604469DF840A0FFF76AFF8E
:10DE80000190FFF7D1FFB04271EB070352D23B4B39
:10DE9000301A67EB0101984271F100014DD2384B05
:10DEA00003EB0413D3E902239F4208BF964258D0E4
:10DEB0004FF48038334908FA04F8204626F07F4BA7
:10DEC000C1F8488307F077FA4FF00309584604F188
:10DED0005005AD00ADB205F1804504F5A87305F518
:10DEE000A8350293029A20F07F4341F82230C1F80E
:10DEF0004483D1F80435244AC01A033820F07F4007
:10DF000090422ED9286868B1D1F80435A3EB0B00F4
:10DF100020F07F40B0F5000F039322D9204607F090
:10DF20004AFA039BBAF1000F07D109EB030009F18C
:10DF30000109D7E7BAF1000F09D06FF015052046A7
:10DF40000199FFF74BFF284605B0BDE8F08F01238C
:10DF50000E4AA340D2E8EF0F1843C2E8E10F0029B0
:10DF6000F8D107490E982301C8500F9B01EB04120A
:10DF70000025C2E902675360E1E700BF01008000AD
:10DF800070DD002000500140FDFF7F0038E50020DB
:10DF90007FB500254FF0FF304FF0FF31194C1A4B81
:10DFA0000226C4F80833C4F84833184BC4F808559F
:10DFB000C3E902014FF480334FF40012C4F8043374
:10DFC000134B0121C4F804631520C3F880212A46AD
:10DFD000FEF782FE1520FEF74FFE01230D4AA360D7
:10DFE000236013600C4B0D4A009328460023CDE9B3
:10DFF0000155FFF73BFF3046FFF784FA284604B08F
:10E0000070BD00BF0050014003000F0070DD002014
:10E0100000E100E03CE5002095DD0000FFFF7F000F
:10E020002DE9F7432E4BD3F8042390070BD5D3F8F3
:10E03000042142B10022C3F804212A4AD3F8043152
:10E04000136801331360264AD2F80433D90326D566
:10E05000254BD3E8EF1F21F00100C3E8E40F002CAB
:10E06000F7D1CB0702D4D2F84031C3B100251C4C04
:10E07000C4F84051D4F84031FFF7D6FEEFF31182D7
:10E08000202383F31288BFF36F8F184BD3E9026705
:10E09000B042B94106D282F31188BFF36F8F03B04B
:10E0A000BDE8F0834FF0FF38D3E900104FF0FF399F
:10E0B0001D60C3E902894FF48033C4F84833C4F8C3
:10E0C0004051D4F8403182F31188BFF36F8F00299B
:10E0D000E5D0009032463B4628468847DFE700BF40
:10E0E0000050014040E5002038E5002070DD0020B0
:10E0F00030B5431C124C85B005D08442A8BF0446FD
:10E10000012CB8BF0124FFF78FFE0E4B0C4DD3E955
:10E110000013401AB0F5000F0FD22218AA4228BFF0
:10E120002A46002052180849CDE90100009143F128
:10E130000003FFF79BFE05B030BD2A46F1E700BFA4
:10E14000FFFF7F0080DD002095DD000008B5FFF7B0
:10E150006BFE024B1B68C01A08BD00BF80DD0020AB
:10E1600070B50546054C064EB44200D370BDD4E9E7
:10E170000031284698470834F6E700BF14930100A1
:10E180001493010070B5002201212A20FEF7A4FD9E
:10E190000C4802F0D1FA044640B10B4803685B0713
:10E1A00004D001212346094A05F035FB084D094EEC
:10E1B000B54201D3204670BDD5E9003120469847CD
:10E1C0000835F5E748700100D4C70020B68F01007C
:10E1D000149301001C930100F0B50F4B01461A681F
:10E1E0000E4B0B25002618461F46B84201D3013DB1
:10E1F00004D11846013A19605A60F0BD04688C4297
:10E20000FBD03CB14468141BA642BCBF0346264663
:10E210000830EAE70346ECE700E600200CE60020C1
:10E220000020054BC3E90000044BD3E8EF2FC3E8FF
:10E23000E10F0029F9D1704704E6002000E6002034
:10E240002DE9F04F89B005460E4607F0F9FB20B9DD
:10E250006FF06D0009B0BDE8F08F07F033FE336852
:10E260000446002B0F4604D103F04AF96FF00A0070
:10E27000F0E7BCBF4FF0FF3333600122002101A85B
:10E2800007F09DFCE8460795EFF3118B202383F3FD
:10E290001288BFF36F8F08F009F9DFF828A1DFF8C3
:10E2A00028915AF80000FFF797FFD9F8003042682C
:10E2B0009A426ED10023454D00936B68002B6FD1BD
:10E2C000C5E900888BF31188BFF36F8F33685A1C40
:10E2D0006BD04FF4004E40F2E730002123EAE37C9C
:10E2E0004FF47A720023CCFB0E01F9F77DFF024652
:10E2F0000B4601A802F0E4FDEFF3118B202383F31A
:10E300001288BFF36F8F00222B685BB1434556D153
:10E310000099002A4DD16A6829609A4200D169604B
:10E320000023009308F0C2F85AF80000FFF754FFEA
:10E33000D9F8003043608BF31188BFF36F8F07F07B
:10E340007FFB002884D035686B1C27D007F0BAFD0E
:10E350004FF47A7EA0FB0E320EFB0121A4FB0E428D
:10E360000EFB0722DB0BE40B43EA414344EA424441
:10E370001B1B4FEAD1314FEAE57C61EBD231ED1A3C
:10E380006CEB010CBCF1000FB8BF002535602DB956
:10E390006CE743608BF31188BFF36F8F002059E760
:10E3A000C3F80080C5F804808CE74FF0FF321346B5
:10E3B0009FE711606968994208BF6A60B0E71A4632
:10E3C0001B68A2E70800000000E6002004E6002029
:10E3D000024600B508F06AF8014B1A505DF804FBDC
:10E3E0000C00000030B404682CB10D4B9C4202D3E9
:10E3F000A8339C420BD30B4C2378062B0BD85D1C07
:10E400002570074C03EB430304EBC3030360006870
:10E4100030BC07F0D4BB6FF00B0030BC704700BFBE
:10E4200058E50020A1EC002002682AB1094B9A426D
:10E4300002D314339A4206D3074B1A7832B9012219
:10E440001A70044B0360006807F0B2BB6FF00B005A
:10E45000704700BF44E50020A0EC002038B5054619
:10E460000A4BD3E8EF1F0131C3E8E21F002AF8D1BD
:10E47000074B1C6804B938BDE369AB4201D005B154
:10E4800013B9201D02F0F6FC2468F3E700E6002033
:10E4900004E60020014600220023014807F04FBB9C
:10E4A0005CE600200146014807F053BB5CE6002013
:10E4B000014600220023014807F041BB70E600201E
:10E4C0000146014807F045BB70E6002008B54FF44F
:10E4D00080620649064807F0E9FABDE808404FF4B3
:10E4E00002520449044807F0E1BA00BFA2EC002040
:10E4F0005CE60020E884002070E6002010B5044BA4
:10E500001C6804B910BD201D02F0B4FC2468F8E7B3
:10E5100004E6002070B50546054C064EB44200D313
:10E5200070BDD4E90031284698470834F6E700BFAB
:10E530001493010014930100014801F0AFBB00BF28
:10E5400015E5000010B50849084806F090FF04469C
:10E5500040B1074803685B0704D001212346054A00
:10E5600005F059F9204610BD49E8000084E6002076
:10E57000D8C70020EC8F01002DE9F843DFF858924E
:10E58000964DD9F870402B68072C0E4600AF00F06E
:10E59000080803F0070372D0132C00F0D080052C7C
:10E5A00040F0F580D9F854901BB128468C4906F00C
:10E5B0005AFF19F4805F54D02B68590703D089495A
:10E5C000864806F050FF172419F4006F07D02B6817
:10E5D0005A0703D08449814806F045FF182419F4EE
:10E5E000007F14D02B685B0703D080497B4806F07E
:10E5F0003AFF7F4B19F4004F9B6B07D02A685407F2
:10E6000004D001217B4A754805F005F9192419F455
:10E61000806F07D02B68580703D077496F4806F002
:10E6200022FF1A2419F4807F1DD02B68590703D0CC
:10E6300072496A4806F017FF1B24F369B8F1000F0E
:10E6400040F0C480C3F3080222B96FEA53236FEA93
:10E650004323F36131462046FDF7C8FEBD46BDE8C1
:10E66000F8831624B0E719F4005FE6D02B685A0748
:10E6700003D06349594806F0F6FE1C24DDE7D9F8BB
:10E680005C401BB128465F4906F0EDFE630609D5E4
:10E690002B68580706D0D9F8683001215A4A4F48EC
:10E6A00005F0B9F8E10708D52B685A0703D0574998
:10E6B0004A4806F0D8FE2624BFE7A30708D52B68F2
:10E6C000580703D05249454806F0CDFE2724B4E749
:10E6D000610708D52B685A0703D04E493F4806F01A
:10E6E000C2FE2824A9E7230708D52B68580703D0C2
:10E6F00049493A4806F0B7FE29249EE7E10608D5C5
:10E700002B685A0703D04549344806F0ACFE2A244A
:10E7100093E7A30608D52B685D0703D040492F482F
:10E7200006F0A1FE2B2488E724064DD52B68580758
:10E7300003D03C49294806F096FE2C247DE7D9F801
:10E740006C901BB12846384906F08DFE19F0020F77
:10E7500006D02B68590703D03449204806F083FEC1
:10E7600019F0010F06D02B685A0703D030491B4817
:10E7700006F079FE19F0040F3FF45FAF2B685B07DA
:10E780003FF45BAF2B49154806F06DFE55E7CBB162
:10E79000294A2A4BE9468AB00F2CC8BF13466A465D
:10E7A0002749103CC2E905134FF400731384254B2D
:10E7B000D46142F8103F00234FF411512846FBF773
:10E7C00087FACD46002438E7252436E723F4FF7383
:10E7D00023F001033DE700BF84E60020D8C70020F6
:10E7E000268D01003C8D0100A08B01004D8D0100A4
:10E7F00000ED00E0668D01007B8D0100968D01002B
:10E80000008C0100269001003F9001004F90010014
:10E8100065900100839001009E900100BB90010073
:10E82000D0900100EA900100FD90010017910100D5
:10E830004791010075910100C38D0100AE8D01006B
:10E84000A48E01000400000100B5104B89B05A6A83
:10E85000D86C00929A6A20F005000192DA6A694643
:10E8600002921A6B03925A6B04929A6B0592DA6BBE
:10E8700006921A6C1B6D07929B0748BF40F004007C
:10E88000FFF77AFE09B05DF804FB00BF84E60020C4
:10E890002DE9F0411F46164B044693F800800D46C3
:10E8A0001646A2B0B8F1000F15D1684606F09CF9E3
:10E8B0003A4631462846289BA0470446684606F05B
:10E8C00094F9B8F1000F02D00A4802F097FA2046F6
:10E8D00022B0BDE8F0814FF0FF324FF0FF33054822
:10E8E00002F014FA0028E0D06FF08304EFE700BFD5
:10E8F000AEF0002004C80020002300B589B0CDE9A7
:10E90000063303AB0493042303900593A9B10B686A
:10E9100006934B6807930223111E18BF0121084874
:10E92000CDE9002140F2F53104AA00F00BF80028EF
:10E93000B8BF012009B05DF804FB0123ECE700BF7C
:10E940000501004010B4B1F5004F029C0ED2042B1B
:10E950000CD8042C0AD8240444EA0364134644EA7D
:10E960000102014610BC0348FFF792BF6FF0800020
:10E9700010BC7047217C000030B50468ACB1B4FA1B
:10E9800084F30122C3F11F03DBB29A4024EA02029E
:10E99000D0E8EF5FA54204D1C0E8EC2FBCF1000F36
:10E9A000F6D1EAD102480B7030BD0248FCE700BF47
:10E9B0000000AD0B0200AD0B10B50368CB40DB07C8
:10E9C00010D401238B40026843EA0201D0E8EF4FE4
:10E9D000944204D1C0E8EC1FBCF1000FF6D1F2D193
:10E9E000014810BD0148FCE70000AD0B0400AD0B71
:10E9F000014BC3F80405704700700140F7B50446A9
:10EA000018B1012822D003B0F0BD0222264B0646E1
:10EA1000C3F808230122DA60C3F80401D3F80431F3
:10EA2000012342F21075204F8DF80730D4B1012C2C
:10EA3000E9D1D7F80C3403F4803386BB002BE2D045
:10EA4000012006F03FFD013DF3D1DCE70022164B2B
:10EA50000DF10706C3F808035860C3F80021D3F886
:10EA60000031DDE7D7F8183403F480333EB9002BCA
:10EA7000C9D0012006F026FD013DF3D1C3E7D7F848
:10EA8000182402F003023270002BBCD09DF807005E
:10EA90000128B8D106F016FD013DC7D1B3E7D7F87C
:10EAA0000C2402F00102EEE700500040044B1A79FA
:10EAB00022B9012218601A71024870470248704753
:10EAC000F8E600200000AD0B0C00AD0B08B5074BBD
:10EAD0001B6833B10520FEF7F1F810B90520FEF7E9
:10EAE000CBF80122024BC3F8182508BDF8E6002038
:10EAF0000050004010B510B1012848D010BD294B7E
:10EB0000D3F81814D3F81824C90324D502F003034A
:10EB1000022B05D0012B02D00020FFF76FFF01234D
:10EB2000204A0220C2F8183508224FF482730021CF
:10EB300003F1804303F5A04319601C68012402F12E
:10EB4000804202F5A0421460174A12681AB3154BAE
:10EB5000C3F80403D2E7D3F81424D207DFD5D3F8DF
:10EB60001C2402F00302013A012AD5D80E4A126889
:10EB70001AB10222C3F80423C0E7D3F80421002A03
:10EB8000FBD00022C3F80421D3F80431B6E70022F9
:10EB90004FF48073CBE71A68002AFCD019601B6819
:10EBA000ACE700BF00500040F8E6002010B5164B5F
:10EBB000D3F8002152B10020C3F80001D3F800219E
:10EBC0000122C3F80823114B1B6898470E4BD3F85A
:10EBD000042182B10022C3F80421D3F80421D3F820
:10EBE0001824D3F81824022102F00302012A03D1C9
:10EBF000C3F818159A6010BDC3F80813034B012021
:10EC0000BDE810401B68184700500040F8E600209F
:10EC100001460148FFF7B0BE68C60020036803F054
:10EC20001F025B090260024818BF0020704700BF46
:10EC30000025844070B432240279184B624352FAA2
:10EC400081F2083233F81240E10524D5C4F34321A0
:10EC500024F4F85423F8124064240026027904FBBB
:10EC600002340E3434F8025F15F4807F03D0C5F30C
:10EC70004325A9420FD00136202EF3D1642400256C
:10EC8000624302EBC1029D50027904FB023070BC6A
:10EC90005830FFF791BE70BC704700BF6CC60020B3
:10ECA00032235843034B50FA81F1083133F81100F5
:10ECB000400B70476CC6002032235843054B50FA76
:10ECC00081F1083133F8110080F00200C0F34000F8
:10ECD000704700BF6CC6002032235843044B50FAE3
:10ECE00081F1083133F81100C0F34010704700BFC4
:10ECF0006CC60020024611F0010004D003490B6AE3
:10ED000013600B6203B90020704700BF00258440E8
:10ED1000F0B5054600200126044607468C420BD17B
:10ED2000114BD3F87C2132B10022C3F87C21D3F8F7
:10ED30007C3140F00040F0BDE3B29B0003F58072EF
:10ED40009B0806FA03F31D420BD002F1804202F544
:10ED50004432D2F800C0BCF1000F02D01760126834
:10ED600018430134DAE700BF001003402DE9F347F0
:10ED70000546544B296DD3F80403C0B240F000405F
:10ED8000FFF7C6FF061E18DA00236846E96D0093F8
:10ED90004FF00108FFF7AEFF95F85C30DA0758D462
:10EDA000296D4FF00040FFF7B3FF6846E96DFFF7AC
:10EDB000A1FF0028F0D126F000460124002E68D1E2
:10EDC00002B0BDE8F08794FAA4F4B4FA84F4E00841
:10EDD00004F1080335F8139004F007021DF8003021
:10EDE00008FA02F223EA02030DF8003001A80194A8
:10EDF000FFF714FF019B4FEA9901803350F823700D
:10EE0000C9F3820A4B07D146C7F3014725D55246BD
:10EE10002846214606F0B9FB01A80194FFF7FEFE43
:10EE2000019BFFB2803350F82330C3F301439F426C
:10EE300007D10021204606F099FB3946204606F00E
:10EE400095FB01A80194FFF7E9FE019B08FA03F383
:10EE50000362009C002CB6D1A2E7022F0DD1032142
:10EE6000204606F083FB0AF00503012BE9D14A4650
:10EE70002146284606F089FBE3E70221204606F0FA
:10EE800075FBBAF1030FF2D0032FDAD1BAF1020FFA
:10EE9000ECE796FAA6F3B3FA83F304FA03F29B00C5
:10EEA00003F1804303F54433D3F8101526EA020634
:10EEB000D3F810252846C2F30142C1F3042106F01D
:10EEC00064FB7BE70010034032222DE9F341037914
:10EED000214F534353FA81F3083337F81330054673
:10EEE000DB070C46CEB234D506F06CFB95F80480F7
:10EEF00021464046FFF7F0FE60B121464046FFF74D
:10EF0000CFFE2A6800B202EB80030022C3F810256E
:10EF1000C3F8102528462146FFF78CFE32222B79B4
:10EF200001A802FB03660023083627F81630019477
:10EF3000FFF774FE019B00EB8300D0F80022074B23
:10EF4000134043F00203C0F80032054802B0BDE8A8
:10EF5000F0810448FAE700BF6CC60020F0F8FCFF1F
:10EF60000000AD0B0400AD0B2DE9F043D2F800908A
:10EF700004460D46164685B0B9F1000F34D0322252
:10EF80000079DFF8D081424352FA81F2083238F832
:10EF90001230CFB29B0703D5FFF79EFE00283BD16E
:10EFA00000230DF10F02CDE900338DF80E308DF8FE
:10EFB0000F300DF10E014B46284606F08EFA322135
:10EFC000237901FB0373083338F8132022F002027F
:10EFD00028F81320237901FB0377083738F8173016
:10EFE00043F0010328F817307368002B43D04FF02B
:10EFF000320C22791F780CFB02F2D3F804E052FAAB
:10F0000085F2544B083233F81200E9B210F0020FC7
:10F0100004D0BEF1000F18D04F482FE020F460401C
:10F0200020F0200023F81200BEF1000F0DD0032FB6
:10F03000F2D872685068226890F800E002EB8E0205
:10F04000FFB9C2F81075C2F810754FF0320C227972
:10F050000CFB0212083233F8120020F01C0023F8D7
:10F06000120022790CFB0211083133F8112042EA18
:10F07000870223F81120B36863BB384805B0BDE8A8
:10F08000F083D2F8108528F00308C2F810852268B2
:10F0900002EB8E00D0F8102522F4473222F44072A1
:10F0A000C0F810252A02D0F8108502F4F85242EA7E
:10F0B000074242EA0802C0F8102522790CFB02122E
:10F0C000083233F8120040EA4E3040F0200023F8B6
:10F0D0001200BAE72946D3E900872046FFF7AAFDC8
:10F0E000B8F1000FC9D0642320791A4E4343F218B7
:10F0F000F358984504D153689F4201D100210CE098
:10F10000642303FB00600DF10F015830FFF734FC5E
:10F11000124B9842B2D19DF80F10642223795343C9
:10F1200003EBC10346F8038023795343322203EBF8
:10F13000C10333445F602379534353FA85F30833A3
:10F1400036F8132042EA412242F4807226F8132056
:10F1500093E700BF6CC600200400AD0B0000AD0BB0
:10F160002DE9F04305460C461F4685B09AB3067953
:10F170003046FFF7A1FD20B121463046FFF7ACFD38
:10F1800080BB32235E43DFF8FC9056FA84F60836E3
:10F1900039F816305FFA84F813F01C0F02D0537858
:10F1A000012B1FD001238DF80F3000232046CDE91D
:10F1B00000230DF10F01931C013206F08EF932226B
:10F1C0002B7902FB038808F1080839F8183043F05E
:10F1D000030329F81830002F51D021462879FFF772
:10F1E0006BFD18B1284805B0BDE8F0833E782B6868
:10F1F000244903EB8603C3F81005C3F81005322039
:10F200002B794FEA860C434353FA84F3083331F8E1
:10F2100013E0E2B22EF4604E2EF0200E21F813E03F
:10F2200097F801E0BEF1000F29D02B68BF789C440D
:10F23000DCF810354FEA0E4E23F4981323F4F853FC
:10F24000CCF81035230203F4F8530EF4403E3F058A
:10F25000DCF8108543EA0E0307F480173B4343EACA
:10F260000803CCF810352B7900FB0322083231F863
:10F27000123043EA463343F0200321F812300348AA
:10F28000B1E700BF6CC600200400AD0B0000AD0B61
:10F2900030B564250479044B05FB0434A160017981
:10F2A00005FB0133DA6030BD6CC6002038B5057946
:10F2B0000C462846FFF710FD58B132235D43064B3C
:10F2C00055FA84F4083433F8143004485B0B137097
:10F2D00038BD0348FCE700BF6CC600200000AD0B42
:10F2E0000400AD0B2DE9F041064607796420184D66
:10F2F00000FB075898F8604044BB40462146402236
:10F30000103006F0EEFF21463068D8F850608E428B
:10F3100012D10023C0F87C31D0F87C3140F30730A3
:10F32000FDF7AAFC642303FB07550123094885F870
:10F330006030AB65BDE8F081CBB29B0003F5807215
:10F340007C2B04BF845083580131E0E70248F1E789
:10F350006CC600200000AD0B0C00AD0B64210279DF
:10F36000044B01FB023393F86000003818BF012002
:10F37000704700BF6CC6002064235422007913FB41
:10F38000002302481844FFF717BB00BF6CC60020DB
:10F3900064235422007913FB002302481844FFF72A
:10F3A000EBBA00BF6CC6002073B503680D46D3F8F6
:10F3B000041306460029A4BF4FF00041C3F804130C
:10F3C000047929462046FFF787FC00B329462046EA
:10F3D000FFF772FCD8B129462046FFF761FC0025F3
:10F3E00001B23468890001F58073E550E358336851
:10F3F0000B44D3F8101541F00101C3F8101522B1E8
:10F40000012332688340C2F8043302B070BD322356
:10F410005C43104B54FA85F4083433F81430C3F3CA
:10F420008203042B11D0052B11D001A80195FFF701
:10F43000F5FB019A0369D34003F00103991C2846A8
:10F4400002B0BDE8704006F091B80321F7E7022151
:10F45000F5E700BF6CC600200148FFF787BC00BF7E
:10F46000D0C6002070B5084C0E462379154643B926
:10F470002A20FDF701FC0123044823712660A560C2
:10F4800070BD0348FCE700BF00E700200000AD0BA3
:10F490000C00AD0B002330B50D4A50F8234003F5A6
:10F4A000A2710133082B42F82140F6D10023084A0B
:10F4B00000F11C0103F5B27451F8045F0133082B0D
:10F4C00042F82450F6D1036CC2F8043330BD00BFBB
:10F4D00000A0024038B50024154D2A20C5F810457B
:10F4E000C5F81445C5F81845C5F81C45C5F82045AC
:10F4F000C5F82445C5F82845C5F82C45C5F89045FC
:10F50000C5F89445C5F89845C5F89C45C5F8A0458B
:10F51000C5F8A445C5F8A845C5F8AC45FDF7BAFB44
:10F520004FF0FF33C5F80833024B1C7138BD00BFE4
:10F5300000A0024000E700200123024A8340C2F8F5
:10F540000433704700A002400123024A8340C2F8FE
:10F550000833704700A00240F8B5012600270B4B86
:10F560000B4DD3F80C4304B9F8BD94FAA4F0B0FAEB
:10F5700080F006FA00F324EA0304064B82009F5051
:10F580002B68002BEFD0A9689847ECE700A0024059
:10F5900000E7002000A1024070B503680446033B69
:10F5A000DBB2052B03D8094A52F823502DB9A068C5
:10F5B00058B1BDE8704000F017B806F07EF8216839
:10F5C0002B46BDE87040090C184770BD74700100EF
:10F5D000014B5B69184700BF34C70020014B1B6813
:10F5E000184700BF34C70020014B1B69184700BFF4
:10F5F00034C70020014B9B68184700BF34C7002068
:10F60000014B1B68D86870470CE70020002230B51A
:10F610000B4B19680C6894420FD001EBC2039D6834
:10F62000A8420BD14FF003020433D3E8CF1F0029C7
:10F6300003D1C3E8C02F0028F7D130BD0132EAE77B
:10F6400024E700202DE9F041002406460F4620461D
:10F65000DFF854803368A34201D8BDE8F08106EB9F
:10F66000C4056B68DBB2012B16D16A68B8F80030AC
:10F67000B3EB124F10D1022FA8680FD1FFF78CFF08
:10F6800001206B6823F0FF0343F003036B60B8F8BD
:10F6900000300133A8F800300134DBE70168090CC1
:10F6A00005F0BBFFECE700BF30EB002010B5074CC6
:10F6B00002216068FFF7C6FF0028F9D10121206808
:10F6C000FFF7C0FF0028F3D110BD00BF2CE70020DA
:10F6D00070B5072860D8DFE800F00B5F475F435F35
:10F6E0003C0401F0D3F80320BDE87040FEF7B6BE3D
:10F6F00003202A4BD3F81446D3F81866284B1D78FC
:10F700001870EDB201F090F8012D10D1254B264A6A
:10F710009C4212D0230C1B04B3F1886F0DD0A4F5CA
:10F720008033203B022B0FD96FF004031360314666
:10F73000C4F30B0001F06CF800E014601B4B186878
:10F7400005F04DFE0020CFE7194931F91330136061
:10F75000F4E70024124B20461C7001F065F8EDE739
:10F76000FFF7A4FF0220BFE70D4B1A78012AD0B2A1
:10F770000ED1104A1168104A8C68546049681160B3
:10F7800002221A7001F050F8084B186805F027FEA5
:10F79000FFF78CFF0120A7E770BD00BF00A002406B
:10F7A000A3F000200100500528E7002014E7002006
:10F7B000CC72010010E700202CE700200A23F7B5E7
:10F7C0004FF47A750C4E0D4F01933168386805F08F
:10F7D0004FFF044640B905F000FE40B9012001A9E1
:10F7E000FEF72EFD6E30F0D1204603B0F0BD01983B
:10F7F000684305F0F0FDE8E718E7002020E7002067
:10F80000054B1B782BB9054B1968054B186805F09B
:10F810002FBF0020704700BFA2F000201CE700208F
:10F8200024E7002070B5164B42681B6822F0FF02E7
:10F8300042F00202C31A42601248134A0168C3F33D
:10F840008913D2E8DF4F651CC2E8D65F002EF8D1DD
:10F8500001EBC3014A6892B242EA04424A6002687C
:10F86000032002EBC302536823F0FF0343F00103BC
:10F87000536005F0B0FD0122044BDA6070BD00BF9B
:10F880001CE7002024E7002032EB002000A002400B
:10F890002DE9F04F95B038220021064603A806F066
:10F8A00020FD0223049308230693202308930423B6
:10F8B0000D93102340250F9380230122CDE911538E
:10F8C000D523002157480B921393FEF78BFD054675
:10F8D000002840F0A380024653493079FFF7C2FD6B
:10F8E00003A8FFF7D7FD34686268B2F59D6F40F05A
:10F8F00092806169E3680B44E16903F59D630B4401
:10F90000B3F5003F00F287802068294606F0E9FC45
:10F9100033681C68D3F81C9004F53A72019204F124
:10F920006007424A04F1A40804F1200BB9F1000F6A
:10F930005BD1C2F800B000254FF0010A2570657058
:10F9400084F802A0E570336840461B696360336841
:10F950005B69C4F814B0A360354BC4F81890C3F8C1
:10F960000080344BE7601F600823C4F8108084F8DF
:10F97000A43088F8015088F8025088F8035084F8C1
:10F9800060307D70BD70FD7005F055FE384605F0A5
:10F9900052FE294B04F53A721A60284B04F1E80232
:10F9A00031681A60264B274E1960274B2749C3F848
:10F9B0001046C3F81456264B264C1D80264B86F85D
:10F9C00000A01D80254B029525601D611B690293D7
:10F9D000029B144B186805F004FD98B103236FF0E7
:10F9E00073043370FFF776FD11E09B6904F1400961
:10F9F000636433684846DB69C2F800B0236400F0F2
:10FA000021FF98E72468002CECD1154B1C70204690
:10FA100015B0BDE8F08F6FF01504E3E76FF02D042B
:10FA2000F5E700BF14E70020D1F6000010E7002042
:10FA300024E7002020E700201CE7002018E7002032
:10FA40000CE70020A3F0002000A00240F0490200D3
:10FA500032EB002028E7002030EB00200056004069
:10FA6000A2F0002070B5164B42681B6822F0FF021E
:10FA700042F00102C31A42601248134A0168C3F3FC
:10FA80008913D2E8DF4F651CC2E8D65F002EF8D19B
:10FA900001EBC3014A6892B242EA04424A6002683A
:10FAA000032002EBC302536823F0FF0343F001037A
:10FAB000536005F090FC0122044B5A6070BD00BFFA
:10FAC00018E7002020E7002032EB002000A00240D1
:10FAD00010B5FFF773FE012400220321047081702A
:10FAE0004270C270FFF7BEFF054B1C7005F0B6FDFB
:10FAF000BDE81040034B47F23051186805F071BC67
:10FB0000A2F0002014E7002038B50A4B04461B7809
:10FB1000022BDDB20DD1FFF751FE50B100220121C1
:10FB20008460017042708570C270BDE83840FFF794
:10FB300099BF38BDA3F00020034A126812B1002813
:10FB400000DB1047704700BF40E700202DE9F74376
:10FB5000002581460F461048294690461E460193CF
:10FB600002F060FE041E11DB0134204605F0CCFDDE
:10FB7000C9F8000068B1334642462146019602F0BA
:10FB800051FE28463C6003B0BDE8F0836FF01500DD
:10FB9000F9E76FF00B00F6E72C69010010B50E4B8A
:10FBA00004461B68A3B1F8F799FC082810D9237AFA
:10FBB0003F2B0DD009490822204606F0B7FB01462D
:10FBC00030B904F108000A22BDE8104002F098BAEA
:10FBD0004FF0FF3010BD00BF40E70020A9910100A9
:10FBE0002DE9F34105460020174688461E4605F0DC
:10FBF00066FD024640B915B1284605F087FD6FF055
:10FC00000B0002B0BDE8F0816FF0580300240373CD
:10FC1000042305600E4D037244738473C4734472ED
:10FC20008472C472C0F80480394603202C7005F039
:10FC300062FD4FF0FF3301932B78B34201D10020D6
:10FC4000DFE7022001A9FEF7FBFA0028F4D0D8E78D
:10FC5000A4F00020F8B5054600240F4F57F8046BB8
:10FC60002846314606F0ADFB28B90134042CF5D105
:10FC70004FF480300DE06CB1A31E012BF8D8304654
:10FC8000F8F72CFC0A220021284402F0C3F940EACC
:10FC90000440F8BD2046FCE78C700100014B186061
:10FCA000704700BF40E700200CB42DE9F04F89B049
:10FCB00080460F46129C00F0BDFD002800F0A28097
:10FCC000B8F1000F00F0A180002C00F09E80002F02
:10FCD00000F09E80514DDFF848B12968DBF8000044
:10FCE00005F0A1FB002840F096804E4E2968306850
:10FCF00005F077FB002840F08280224613AB07A96D
:10FD000006A80593FFF722FF044618B1306805F0F6
:10FD100066FB23E0DDE906930193434B1D68002D4C
:10FD200039D00C228246414B1B6802FB03530293DD
:10FD3000029B9D421CD1BAF1000F2CD0306805F017
:10FD40004EFB4A4639464046D047044618B940461D
:10FD5000FFF780FF0446484605F0D8FCDBF80000BA
:10FD600005F05FFB204609B0BDE8F04F02B07047D8
:10FD7000AB68A3420DD9019A48469A4228BF1A4659
:10FD80002968039306F0D2FA18B9039BD5F804A0AA
:10FD90001C460C35CCE74846FFF700FF022305461A
:10FDA000012248460199FFF71BFF04460028ADD108
:10FDB000DFF87C904046D9E9004ABA4552462146D0
:10FDC00028BF3A4606F065FABA45204607D905F03D
:10FDD00099FC306805F003FB6FF00604BEE7FFF7FF
:10FDE00039FF0446D9F8000005F08CFC306805F0B6
:10FDF000F6FA002CB2D12846FFF79EFEAEE76FF070
:10FE00000A04ABE74FF0FF34ACE76FF00D04A9E74D
:10FE10006FF01504A6E76FF00A04A3E758E7002087
:10FE200050E7002054E7002038E7002034E70020A6
:10FE300048E7002038B5C3680446A72B01D02068E6
:10FE400010E0032907D0042926D0022902D101227B
:10FE5000154B1A7038BD144B00681A78022A05D168
:10FE60000028F7D0BDE8384005F04CBC0F4D2A689B
:10FE700062B12B689847002320682B6005F042FC94
:10FE80000B4B1868BDE8384005F0A9BA094A106064
:10FE9000616851600222DCE7074B1B68002BCED063
:10FEA00000689847CBE700BFA4F000203CE70020A3
:10FEB00054E7002048E7002044E70020012210B565
:10FEC00011460B48FEF78EFA70B90A48FEF7ACFAF5
:10FED000014648B94FF0FF32074B1A60BDE81040A9
:10FEE00001230522FFF77CBE6FF02D0010BD00BF7F
:10FEF00054E7002050E7002058E7002010B400F13C
:10FF00001C03D3E8EF2F511EC3E8E41F002CF8D1E7
:10FF1000012A0CDC074BD0E8EF2FC0E8E13F0029B5
:10FF2000F9D16422002110BC043006F0DAB910BC0B
:10FF3000704700BF1EF1010010B500240A4B4FF4BA
:10FF40005072214609481C7006F0CBF92146224622
:10FF5000064B074801310829C3E900029A6003F102
:10FF60006803F7D110BD00BFA5F000205CE70020BA
:10FF70001EF1010030B5024600236825054905FB46
:10FF800003F460180C59944203D00133082BF6D1C6
:10FF9000002030BD5CE7002010B50446043005F0B9
:10FFA000A4FC606C08B1FEF77DFA064BD4E8EF2F95
:10FFB000C4E8E13F0029F9D12046BDE81040FFF731
:10FFC0009DBF00BF1EF1ADDE70B50825064C074E83
:10FFD0002368B34202D02046FFF7DEFF013D04F163
:10FFE0006804F5D170BD00BF5CE700201EF1010080
:10FFF0002DE9F8430F4C06460025A0464FF068094E
:020000040001F9
:100000000D4B0E4F18702368BB420CD009FB0583C3
:1000100093F8202066F3451283F82020A36B13B1D8
:10002000204605F0ACFB0135082D04F16804EAD147
:10003000BDE8F8835CE70020A5F000201EF1010078
:10004000034B02685A6082699A6042691A6070477D
:100050009CEA0020012208B511460448FEF7C2F9C7
:10006000002818BF6FF02D0008BD00BFA8EA0020CF
:10007000F8B548F20F03994205460E4640D022D803
:1000800048F20D03994233D048F20E03994233D01F
:100090000069FFF76FFF044610B3B6F5004F1FD994
:1000A000A6F50046013E0B2E1AD8DFE816F0AE008A
:1000B000E800B600B600B6003A013A01B600C40046
:1000C000190019000B0149F2040399421CD0B1F543
:1000D000104F3FD9C068FFF74DFF0446002848D1B4
:1000E0002868002800F02D81BDE8F84005F00ABB23
:1000F000BDE8F840FFF7A4BFBDE8F84005F005BC37
:10010000BDE8F84005F0FFBB0369082B00F2198138
:10011000DFE813F01000160009000E0016001701AA
:10012000170118001E000020BDE8F840FFF760BF6F
:100130000120F9E70021E868BDE8F84005F0AFBB11
:100140000121F8E70021E868BDE8F84005F0B3BBFD
:100150000121F8E70069FFF70DFF04460028BFD032
:1001600048F281039E42BBD10146284600F0FEF8CA
:1001700056E049F202039E4200F0CD8037D805F0E8
:100180004FFB0746E0B91020FEF784F90646B8B1E8
:100190003946102206F0A5F82B6873606B6833812E
:1001A000698A002900F0C8802A8A05F1140005F048
:1001B000B5FAF060002840F0BF803046FEF772F9D3
:1001C000286805F09FFA204605F0FBFA58B1204652
:1001D00005F026FB38B994F8203043F0800384F80A
:1001E00020300C23A361204605F0F0FA18E049F214
:1001F00003039E423DD049F282039E427FF470AFDA
:100200000146284600F0CAF80AE06B692BB9284677
:1002100005F0D6FBAA6943681A60284605F0D2FBB0
:10022000204605F008FB002800F08B802046BDE842
:10023000F84005F0A4BA90F8203043F0010380F8AC
:10024000203005F0D4FA18B13E4B186805F0C7F815
:1002500094F82030204623F00A0384F8203005F07B
:10026000EAFA10B1204605F08AFA2046FFF794FE1C
:10027000D3E7286969280BD16823A361D0E790F8F8
:100280002030EE686FF3410380F82030686918B1C0
:1002900000F01CF9A061C3E7204605F09CFA28B9DC
:1002A00094F8203043F0040384F82030204605F011
:1002B00092FA0028B4D0002EB2D00021204600F0DF
:1002C0008BF8ADE76B69F3B9284605F079FBAA69AD
:1002D00043681A60426892F8203043F0040382F8C1
:1002E0002030436822691A61436862695A618368F1
:1002F0004BB105F1180205F1300152F8040B8A42A6
:1003000043F8040BF9D194F82230002B85D0013B3F
:1003100084F8223081E790F82230013380F82230CF
:100320007EE7284605F04CFB6B6913B9AB69436067
:1003300073E74FF0FF33FAE73146204605F037FA0E
:100340006EE7F8BDACEA002008B5FFF7F5FDFFF752
:1003500081FE40B9012204481146FEF743F8002807
:1003600018BF6FF02D0008BDACEA002010B543693E
:100370000C467BB191F820306FF3C30381F8203035
:10038000406900F0A3F8044BA061BDE81040186874
:1003900005F025B810BD00BFACEA002010B591F8FB
:1003A00020300C466FF3C30381F82030006960B938
:1003B000DBB223F0140343F0140381F82030054B23
:1003C000BDE81040186805F00AB800F07FF8A06199
:1003D000F5E700BFACEA00202DE9F341DFF8E88043
:1003E0000546D8F80000019104F0FBFF074650B124
:1003F000019B002B65D11023AB614FF0FF373846CE
:1004000002B0BDE8F081686CA8B1F8F767F8461C47
:10041000304605F054F9044678B9284605F0ECF961
:1004200008B16923AB61D8F8000004F0D8FF692057
:10043000FDF7CEFFE1E73E46EAE72B6804220361C1
:100440000023027243728372C37295F84B2005F148
:100450004801013292008260143005F01AFFF6B1B3
:100460003246696C206805F090FF666095F8203090
:10047000042043F00803224647F2810185F820302A
:1004800005F039F9284605F0B7F90028B7D1284614
:1004900005F0ADF940B9A8690028B0D0C8E72670CA
:1004A0006670A670E670E0E7022001A9FDF7C8FEBD
:1004B00010F10B0F05D00028E9D00028B8BF40424A
:1004C000B6E77420B4E700BFACEA002070289ABFFA
:1004D000024B53F820000248704700BF9C70010097
:1004E000ADBAADBA2DE9F041056807460C463DB1FD
:1004F00001F47043B3F5005F04D1404BC3E900152C
:10050000BDE8F0813E4E336863B144F2040291428B
:1005100064D00CD844F2020399424ED044F2030353
:10052000994253D03868BDE8F04105F0EBB844F289
:10053000012221F4807393420FD044F203139942B5
:10054000F0D1304C206808B105F0DCF801222E4BC8
:100550001A7025600420336826E0DFF8B080D8F8F0
:10056000000008B105F0CEF844F201339C420CBF04
:100570000322022295F85170254B264C1A70C8F8B8
:10058000005017F008053368227810D01AB90520FA
:1005900098470123237007F04107012F02D1022061
:1005A0003368984701203368BDE8F0411847002AB6
:1005B000F1D0062098472570EDE7174C206808B168
:1005C00005F0A0F8032033682560EDE70D4C2068A6
:1005D00008B105F097F800220B4BB9E72A78032AF7
:1005E000A0D8DFE802F0020507090720984799E73D
:1005F0000820FBE70920F9E70A20F7E7C0EA002016
:10060000B0EA0020B4EA0020A6F00020BCEA0020F6
:10061000A7F00020A8F00020B8EA002008B50023C9
:10062000094A0A4813700A4A13700A4A13700A4AA0
:1006300013700A4A136001221146FDF7D3FE002809
:1006400018BF6FF02D0008BDA8F00020C8EA0020F8
:10065000AAF00020A9F00020A7F00020B0EA0020B6
:1006600010B50B4C206818B105F04CF8002323603E
:10067000084C206818B105F045F800232360064CAB
:10068000206818B105F03EF800232360002010BD5B
:10069000BCEA0020B8EA0020B4EA002030B4074BDE
:1006A0001C6844B143688589A4460268C1899BB22D
:1006B000E8B230BC604730BC704700BFCCEA0020D5
:1006C00037B50125074C4FF4FA70656104F083FEDD
:1006D000002363610193256123690193019B03B0AA
:1006E00030BD00BF0056004030B50D4D89B0036AE3
:1006F00003AC01908DF808300FCD0FC42B6801A812
:10070000236004F096FF40B9044603AD55F8043B5E
:10071000984710B90134052CF8D109B030BD00BF9D
:10072000C0680100034BD3E8EF2FC3E8E10F0029B5
:10073000F9D17047D0EA002038B50546002850D0DE
:10074000436A002B50D0836A002B4DD00124294BE3
:10075000D3E8EF2F002A03D1C3E8E14F0029F7D1F6
:1007600045D1686A00F04EF8FDF7B0FE224BC82074
:100770009C6604F030FE2846FFF7B6FF044640B9F9
:1007800001221D4B0220DA66FFF7CCFF0024204631
:1007900038BDFFF795FF002C11DBAB6A2046984768
:1007A000164B9C421AD013DCA4F18864033C012C44
:1007B00011D82846FFF798FF04460028E0D0012210
:1007C0000D4BDA66FDF79AFE0020FFF7ABFFDEE780
:1007D0000B4B9C42EDD06FF00404F0E76FF00A047D
:1007E000EDE76FF00D04D2E76FF01504CFE74FF09F
:1007F000FF34CCE7D0EA0020005000400500400460
:1008000001005005014B1860704700BFD4EA00207A
:1008100007B5044BCDE900011B686846984703B053
:100820005DF804FBD4EA0020014B1870704700BF4C
:10083000ABF00020024B1878431E584258417047D5
:10084000ABF000200021074B01221970064B1970F4
:10085000064B1960064B1960064B18600648FDF7F9
:10086000C1BD00BFACF00020ADF00020DCEA0020EC
:10087000E0EA0020F0EA0020D8EA0020024B1868E5
:1008800008B104F0ACBD7047D8EA002070B4284B22
:100890001B68196958691A7C00221A745C7C5A74A6
:1008A0009C7C9A74DC7CDA741C7D1A755C7D5A75AC
:1008B0009C7D03299A75DC7DDA7529D0042929D01D
:1008C00001290FD185681B4E954210D11A7A01215A
:1008D00000221972597A5A72997A9A72DA7A6FF0FA
:1008E0005F02DA72144B70BC186804F078BD911C7A
:1008F00000EB81014C682178622907D0633918BF69
:100900000121490046F821400132DDE70121F9E7E4
:10091000187ADEE7187A1972597A5A72997A9A72A5
:10092000DA7A6FF05F02DA720122044B1A70D9E7AB
:10093000F0EA0020E4EA0020D8EA0020ADF0002030
:10094000034A044B026014209B1AB3FBF0F070477B
:10095000386501008865010010B50446F8F7F8FF16
:10096000054803685B0703D00121044A02F04AFFEF
:10097000204605F077F800BFD8C70020D7910100C6
:100980002DE9F04704460D4600AFEFF3118920230F
:1009900083F31288BFF36F8FDFF8CC80334AD8F827
:1009A0000030966859075CD0042898BF304BEA465F
:1009B0008AB0117C98BF53F820306A4688BF2D4B0F
:1009C000C2E9073140F201332B4893842B4BC2E933
:1009D000050442F8103F00234FF431512248F9F743
:1009E00077F9D54665B1EB69D8F80020C3F3080361
:1009F00033B152071ED00121214A1B4802F002FFE9
:100A0000D8F800305B0715D016BB1E48E8468AB000
:100A10006A461D4BD061C2E9053640F201331384AA
:100A20001A4B42F8103F00234FF411510E48F9F7CA
:100A30004FF9C54629462046FFF78EFF89F31188F6
:100A4000BFF36F8F3046FCF789F8BD46BDE8F087ED
:100A5000304605F0CAF80028D7D00378002BD4D050
:100A6000D4E7002DBFD1E5E7D8C70020F4EA002085
:100A700060720100E6910100FC9101000500000197
:100A800024920100F491010045920100040000014C
:100A900038B5094B53F82040013053F82050A54297
:100AA00000D838BD636823B1204604F0E3FF083462
:100AB000F5E723689847FAE774720100012270B5E0
:100AC000294B032086B01A70FFF7E2FFFBF780FC8A
:100AD0000420FFF7DDFF254C254D2646AE4204F1EC
:100AE000300410D300F0D0FC204C224EAC4226D370
:100AF00000F0DEFCF7F708FF1F4A137B23F0010329
:100B0000137306B070BD54F80C3C059354F8103CB8
:100B1000049354F8143C039354F8183C029354F88B
:100B20001C3C019354F8203C009354E90A2354E9F7
:100B30000C0100F043FA54F8303C5E65CDE7D4E98F
:100B40000A23B3F1FF3F08BFB2F1FF3F05D052EADD
:100B50000301206803D105F04AF83034C6E7314676
:100B6000183000F0ADFEF8E7AEF00020906701000D
:100B7000C0670100515D010048DE002008B5034850
:100B8000034A0021121A04F08DFF08BD30C800206E
:100B9000B0F00020B82370B5144E86B003FB006699
:100BA000134B012205930F23CDE903320023CDE936
:100BB000013314234FF4A0720E4D0F4903FB00556F
:100BC000044602FB00110D4B3046009500F0F6F98B
:100BD000737B2C7423F004037373094B013403EB10
:100BE000C423EE606B6006B070BD00BF90DD0020D6
:100BF000A7920100F4EA0020B00501208B5B010000
:100C0000B0FD0020BFB50020FFF742FF2E4B03F5DB
:100C1000006282F3088883F30A880024E0232B4DC6
:100C20002B4E85F82230EC772C766C76AC7685F8F6
:100C300020406B6A274F43F4E0236B6285F8234022
:100C4000FBF708FFFCF7BEF84FF0FF33AB62EB6237
:100C5000FCF766FAFCF7DAF8F8F7CCFD40F201137E
:100C60001D4D2846AB81C5E9264401F04DF8B5601D
:100C700004F0ECFE0120FFF70BFF0220174DFFF7F9
:100C800007FF00F035FC164B7561059301231549EC
:100C90004FF48052CDE9034328463B46CDE9014459
:100CA000009400F08BF906466A7B284622F0040285
:100CB0006A7304F0F2FF2046FFF76CFF3A463146B4
:100CC0002846FCF75BF800BFB0FD002000ED00E017
:100CD000F4EA0020BD0A010000DF002048DE002009
:100CE000AC920100F006012038B5064C064DAC422E
:100CF00001D3002038BD2046D4E9011204F0D6FE0D
:100D00001434F4E7F0C7002004C800202DE9F341B3
:100D1000044617461E46EFF31188202383F31288FA
:100D2000BFF36F8FC368334A7BB180689168884294
:100D300019D057EA060318D188F31188BFF36F8FD3
:100D40006FF00F0002B0BDE8F081916891F90E10CC
:100D50000133E36093682161A36088F31188BFF3D6
:100D60006F8F0020EEE72169F2E791F90E1090F9FC
:100D70000E306FF07E029942A8BF19469142B8BF6B
:100D800011468B422DDD04F00BFF054622464146FD
:100D9000CDE90076184800F0C3FA0028E1D0EFF35F
:100DA0001186202383F31288BFF36F8FA068D0B120
:100DB000236821699C420AD04BB193F90E309942C5
:100DC000A8BF19466FF07E039942B8BF194604F0D8
:100DD000E7FE40B13146084800F012FB6FF00A0010
:100DE000B0E70025D2E7002DF4D186F31188BFF3D8
:100DF0006F8FF3E7F4EA0020AFF0002038B5836886
:100E000004466BB3194A926893422CD1C368012BF4
:100E100003D9013BC360002038BDEFF311852023C7
:100E200083F31288BFF36F8F0169806804F0B8FE06
:100E3000204604F0A7FFA06060B190F90E20226167
:100E40000022C0F8B02004F028FF2946084800F02E
:100E5000D7FAE0E7E06085F31188BFF36F8FDAE738
:100E60006FF01500D8E74FF0FF30D5E7F4EA002027
:100E7000AFF0002038B50446EFF31185202383F34B
:100E80001288BFF36F8F04F07DFF50B10022C0F8CD
:100E9000B02004F002FF2946BDE83840074800F0C2
:100EA000AFBAD4E902329A4218BF01330221A360DB
:100EB00004F1100005F0A1F9EDE700BFAFF000204C
:100EC00013B5EFF31181202484F31288BFF36F8FE1
:100ED000846844B1013C846081F31188BFF36F8F53
:100EE000002002B010BD52EA030406D181F311883C
:100EF000BFF36F8F6FF00F00F3E7CDE900230246D9
:100F0000014800F00DFAECE7AFF0002010B5044600
:100F100008B9054B9C681F2204F1780005F035FAEA
:100F2000002084F8970010BDF4EA00202DE9F74F67
:100F30000C46D1B3CAB3477BDFF874800846561E0F
:100F40006FB34FF000094FF0010A4D460AFA09FB52
:100F500017EA0B0F1DD0D8F80410721B8A4228BF65
:100F60000A46D8F80010019205F093F9019A37EA81
:100F70000B07154404EB050011D0A6EB050BBBF1E4
:100F8000010F28BF4FF0010B0A495A4605F081F9BD
:100F90005D4409F1010908F108086019D6E700234A
:100FA0000370204603B0BDE8F08F0348FAE700BFA6
:100FB0008C720100B4920100077C01002DE9F04F12
:100FC000984685B000F15803C0E91633129B0F46CE
:100FD000037304230026044643730732119B22F057
:100FE000070A5246837301EB0A05C0E9066686606C
:100FF000C673AA213846DDF838B0DDF84C9005F00C
:1010000070F929462046FBF765FA109B073020F05F
:101010000700C4F8A000C4E9267A02930F9B2D1A9A
:10102000CDE900B32A46434639462046FBF786FE03
:101030000F9BC4E9198BE366109B66652367EFF38A
:101040001183202282F31288BFF36F8F0F4F3A6A09
:101050003C62626783F31188BFF36F8FB9F1000FB1
:1010600011D01F22494604F1780005F08EF984F86A
:101070009760BB680BB1D3F8A4302846C4F8A430FD
:1010800005B0BDE8F08F84F87890F2E7F4EA00202C
:10109000F0B5002587B00595109DDDE91276049521
:1010A0000F9D044603950E9D02950D9D01950C9D87
:1010B0000095FFF783FFB6F1FF3F08BFB7F1FF3F91
:1010C00005D056EA070305D1204600F0ABF92046CB
:1010D00007B0F0BD3A463346024904F1180000F06B
:1010E000EFFBF4E7515D010038B50D4D2B4653F889
:1010F000184F9C4200D004B9EC68AB6838B95A7BF1
:10110000D20604D1A26912B9DA897F2A05D89C4295
:1011100002D0204600F0DAFA23466B6138BD00BFEA
:10112000F4EA002008B590F90D200146002A437B1F
:1011300004DA03F07F03437304F06CFD044B9868FA
:10114000431A58425841BDE80840FFF7CDBF00BFE1
:10115000F4EA002070B490F90D30427B002B29DBBB
:10116000D30627D183692BBB134962F07F024273F8
:101170000A4652F8184F944218BF2346CC6923B947
:10118000C0E900242060C8610CE090F90E5093F98A
:101190000E60B5420AD0AE4208DD5A68C0E900329E
:1011A00010605860002070BCFFF79EBF9C42E7D0E3
:1011B0001B68E4E770BC7047F4EA0020002A2DE9C0
:1011C000F0410E460CBF10210821427B044611421B
:1011D0000FD141EA0203D20918D1437308291BD069
:1011E0000120FFF781FFBFF35F8F637B23F0600374
:1011F00063732C4B9B68A3424DD1EFF30583002B07
:1012000049D13046BDE8F041FBF7BEBC03F07F0397
:10121000437304F0FFFCE1E7A36813B1204604F038
:1012200001FD04F1180004F034FE4FF0000804F151
:101230005807A56DBD4200D055B91A4FBB689C42F6
:1012400013D00120FFF750FF204600F097FACAE7BD
:10125000284604F0E7FC05F1180004F01AFE2846C1
:10126000C5F8B080FFF776FFE3E7EFF30583002BC7
:10127000E7D00120FFF738FF204600F07FFA40F268
:101280000113094DAB8100232846C5E9263300F040
:101290003BFDBD60A7E786F31188BFF36F8FBDE804
:1012A000F08100BFF4EA002000DF002070B590F963
:1012B0000D200146002A437B04DA03F07F034373C9
:1012C00004F0A8FC154A4B7B104663F07F034B7378
:1012D00050F8183FD469834208BF002323B9C1E9FD
:1012E00000042160D1610CE091F90E5093F90E6079
:1012F000B5420ED0AE420CDD5868C1E90030016045
:1013000059609068BDE87040431A58425841FFF751
:10131000EBBE9C42E3D01B68E0E700BFF4EA00208C
:10132000F8B5124B0C46DDE9067611469868104A6E
:101330001060EFF31182202282F31288BFF36F8FC7
:101340009D68284604F078FCB6F1FF3F08BFB7F16E
:10135000FF3F06D03A463346064905F1180000F033
:10136000AFFA2046BDE8F840FBF70EBCF4EA0020D7
:1013700018EB0020515D0100F8B50446EFF311862B
:10138000202383F31288BFF36F8F437B49B2DA06C1
:1013900019D18569BDB903F07F03437304F03AFCAA
:1013A000437B164A63F07F0343731346817353F8FC
:1013B000180F984218BF0546D0695DB9C4E90030DE
:1013C0000460D46111E00020A17386F31188BFF39B
:1013D0006F8FF8BD95F90E70B9420BD08F4209DDC1
:1013E0006B68C4E900531C606C600120FFF77CFE51
:1013F0000120EAE7A842E1D02D68DEE7F4EA002008
:1014000049B9EFF3058030B9054B5A699B689A4298
:1014100001D0FBF7B9BB81F31188BFF36F8F704721
:10142000F4EA002010B5EFF31184202282F3128831
:10143000BFF36F8F427B510704D484F31188BFF34D
:101440006F8F10BD22F004024273FFF783FE214626
:10145000BDE810400148FFF7D3BF00BFAFF0002048
:10146000034648B9EFF3058232B9064A51699268DA
:10147000914201D0FBF788BB83F31188BFF36F8FD4
:10148000704700BFF4EA0020EFF31181202383F3BB
:101490001288BFF36F8F054B9A68D37B013BD373E0
:1014A00081F31188BFF36F8F704700BFF4EA00200B
:1014B00038B5EFF31185202484F31288BFF36F8FC2
:1014C0000A4B00209A68D37B0133D373FFF70CFEDD
:1014D00085F31188BFF36F8FEFF3118084F31288C7
:1014E000BFF36F8FBDE83840FFF7BABFF4EA0020C2
:1014F000024B03F11802C3E906227047F4EA002008
:10150000F8B5EFF31185202383F31288BFF36F8FB3
:1015100019498868437B03F07F03437304F07AFB27
:1015200008468B685A7B62F07F025A7350F8182F76
:10153000CC69824208BF002222B9C3E900042360BB
:10154000CB610CE093F90E6092F90E70BE420ED0A2
:10155000B7420CDD5168C3E900210B6053600120E4
:10156000FFF7C2FD2846BDE8F840FBF70DBBA242DD
:10157000E3D01268E0E700BFF4EA002050EA01037C
:101580002DE9F04105460E4603D1FFF7B9FF0020D3
:101590002BE0831C71F1FF3329DB04F08FFC2C1846
:1015A000EFF31188202383F31288BFF36F8F124F5C
:1015B000124BB8681860FFF7B5FDB86810492A46A5
:1015C0003346183000F07CF9BA684046537B43F04C
:1015D00010035373FBF7D8FA04F070FC201A63EB86
:1015E0000303012873F10003D1DBBDE8F0816FF044
:1015F0000104241AD4E700BFF4EA002018EB00200D
:10160000515D0100B1F1FF3F08BFB0F1FF3F08B5E8
:1016100006D10A4B986804F04FFB4FF0FF3008BD2D
:10162000FFF7ACFF4FF47A7147F6FF730022C0FB5F
:101630000132D80B40EA4240F1E700BFF4EA002053
:10164000014B9868704700BFF4EA0020D3B5DDE98C
:101650000667089CCDE90067FFF762FE1CB1034BEB
:101660009B685B69236002B0D0BD00BFF4EA002034
:101670000122044BC01A044BC0105843034B1A54A8
:10168000704700BFB8DF0020ABAAAAAAAFF00020C5
:10169000C3897F2B12D80A4B1B6863B1094B90F9A1
:1016A0000E201B689A4209DB437BDB0606D1064B02
:1016B000C31A18BF012303F0010070470023FAE7A3
:1016C00020EB00201CEB002090DD002070B50E4BBD
:1016D0000E4C1E7C054606EB460304EBC304204675
:1016E00004F0D7FB00220A4B28469A55FFF7D0FF9B
:1016F00048B1084B2046BDE870401A680649013AD7
:10170000D31700F0DDB870BDF4EA0020B8DF002088
:10171000AFF0002020EB00207116010038B5EFF388
:101720001185202383F31288BFF36F8F104B114A6A
:101730009C681068A04206D1FFF7C8FF85F31188A6
:10174000BFF36F8F38BD00211B7C11600A4AD35C48
:10175000002BF3D02046FFF79BFF0028EED0637BE1
:10176000DB0602D12046FFF7A1FD2046E4E700BFDB
:10177000F4EA002018EB0020AFF00020EFF3118115
:10178000202383F31288BFF36F8F0A4A136A8342C0
:1017900007D15B6F136281F31188BFF36F8F7047BE
:1017A0001346002BF7D05A6F8242F9D1426F5A6725
:1017B000F1E700BFF4EA0020F8B506460F46EFF364
:1017C0001183202282F31288BFF36F8F15460B49D5
:1017D0000C6A24B983F31188BFF36F8FF8BD83F3CC
:1017E0001188BFF36F8F39462046B047EFF311835E
:1017F00085F31288BFF36F8F646FEAE7F4EA002085
:1018000008B50648064A0749121A04F04DF9BDE822
:101810000840054A0549064804F046B980C500203D
:1018200030C8002034930100000000001C93010028
:1018300080C50020034B1B680BB9FCF787BC002058
:10184000704700BF24EB002030B570B10B4B5B68D4
:1018500098420AD0036843B1D3E90421D0E9044592
:10186000121941EB0501C3E90421D0E900321360EC
:101870005A600023C0E9003330BD00BF5CC70020C0
:1018800010B50E4B1C689C4204D1FFF7D3FF6FF0DC
:10189000004010BDFFF7CEFF002CF8D0D4E9043291
:1018A0001B1A62EBE072B3F1004F72F10001EEDA45
:1018B000002AACBF18460020EBE700BF5CC7002041
:1018C000B3F1FF3F08BFB2F1FF3FF8B504461D4634
:1018D00016465ED08160EFF31187202383F31288D0
:1018E000BFF36F8F013275F1FF3324DA6FF001031C
:1018F0002D49D1E900209B1A4FF0FF3262EB000026
:101900009E1B60EB0500012E70F1000301DA012639
:101910000020C4E90460254ED6F800C07568B445BF
:1019200008BF4FF0000CBCF1000F0DD1C4E90065F9
:101930002C6074601CE0FFF77DFF013645F1000567
:10194000361845EBE070E4E7DCE90420D4E9043123
:10195000934271EB000E1DDAD21ADCF8043060EB12
:101960000100CCE90420C4E900C31C60CCF80440A9
:101970003368B34209D09C4207D10D4B1C6824B98F
:10198000FFF77EFF2146FCF7B3FB87F31188BFF317
:101990006F8FF8BD9B1A61EB0001AC45C4E90431BF
:1019A000C4D0DCF800C0BEE7D0DF00205CC7002058
:1019B00024EB00202DE9F84FEFF3118C202383F363
:1019C0001288BFF36F8FDFF8B0A0DFF8B09000246B
:1019D000C9F80000DAF800000025504508BF0020D3
:1019E000274FE046D7E90021D9F8003078B3D0E995
:1019F000046C4FEAE37EB3427EEB0C0B05DAF61A79
:101A00006CEB0E04C0E9046421E0B21841EBE6710E
:101A1000C0E90445C7E90021FFF716FF88F31188E4
:101A2000BFF36F8F83689847EFF31188202383F308
:101A30001288BFF36F8FD9F80030DAF800009B1BD3
:101A40005045C446C9F80030CBD1D7E90021002465
:101A50009A1841EBE373C7E90023C9F80040FFF788
:101A60000FFF2146FCF744FB88F31188BFF36F8F0B
:101A7000BDE8F84FFFF752BE5CC7002024EB002002
:101A8000D0DF002010B5EFF31184202383F31288F8
:101A9000BFF36F8FFFF7CEFE0346054AD2E9000180
:101AA000181841EBE37184F31188BFF36F8F10BDF9
:101AB000D0DF0020F8B50446EFF31187202383F32D
:101AC0001288BFF36F8F026822B187F31188BFF3CA
:101AD0006F8FF8BDD0E90A36581C46F10001022884
:101AE00071F1000127D3012B76F10001BCBF012366
:101AF00016465D1E46F1FF3604F0E4F9013041F16F
:101B00000001401946EB0101012871F100013ADBA7
:101B100004F0D8F9013041F100016FF001024019E1
:101B200046EB01034FF0FF31121A61EB030320462D
:101B30001749FFF7C5FE236B01332363236A6BB19B
:101B400087F31188BFF36F8F2046236A9847EFF31E
:101B50001187202383F31288BFF36F8F54F8185F27
:101B6000A542B2D0002DB0D0284604F0BFF8002323
:101B7000C5F8B03087F31188BFF36F8F2846BDE8F2
:101B8000F84004F08AB86FF001024FF0FF33CEE75F
:101B9000B51A01002DE9F04105461C4690461F4646
:101BA000EFF31186202383F31288BFF36F8FB4F114
:101BB000FF3F08BFB2F1FF3F05D186F31188BFF3A5
:101BC0006F8FBDE8F081531C74F1FF3309DB012AEC
:101BD00074F10003BCBF0122002412F1FF3844F16C
:101BE000FF37284604F055F9DDE906010023C5E971
:101BF0000A012B6342463B4628460249FFF760FE36
:101C0000DBE700BFB51A01002DE9F74F1D46274B52
:101C100016469F68012387F8603087F8613052EAE2
:101C200005030CBF0123002307F16002804604F086
:101C300017FA8146EFF3118B4FF0200A8AF31288CE
:101C4000BFF36F8F97F860404CB901465A46404643
:101C500004F0A7F98BF31188BFF36F8F0BE000231B
:101C600087F8603056EA050309D18BF31188BFF37A
:101C70006F8F6FF00A04204603B0BDE8F08F59461D
:101C8000CDE900650A4A0B48FFF74AFB0446EFF32B
:101C900011858AF31288BFF36F8F2A464946404662
:101CA00004F07FF985F31188D6E700BFF4EA00203D
:101CB00064C70020B0F0002038B50346EFF311856B
:101CC000202282F31288BFF36F8FC16001218160EF
:101CD0000068834206D185F31188BFF36F8F00241B
:101CE000204638BDD0E9003213605A600023C0E9B5
:101CF000003304F02DFA294604460248FFF780FB22
:101D0000EEE700BFB0F00020014BC0F8A4307047F0
:101D1000F0C700201FB5094A02AB92E803004FF458
:101D2000806283E80300009305494FF0FF330548C4
:101D300000F006F9002005B05DF804FBE86801003A
:101D4000F0260120D8DF00202DE9F04305464FF0B2
:101D5000FF364FF0FF37DFF82C8185B0EFF31189A4
:101D6000202383F31288BFF36F8FD5F8B8408CB966
:101D7000022105F1D00004F067FA002860D10023A9
:101D80004946CDE90067029305F1C0023E48FFF7DE
:101D90005DFCE3E7D5F8BC2023689442C5F8B83071
:101DA00008BFC5F8BC30D5F8D03043F00203C5F801
:101DB000D030E36823F0040343F00103E360636879
:101DC00089F31188BFF36F8F20469847EFF311898D
:101DD000202383F31288BFF36F8FE368D90623F0C3
:101DE000010237D4E260E3689A071AD5D8F80000F8
:101DF00023F00203E360A0B10021026888B14368C8
:101E00009C4237D1036869BBD8F80420C8F8003079
:101E1000824201D1C8F80430002340F8083BFFF7A4
:101E200029F8D5F8D03023F00203C5F8D03089F373
:101E30001188BFF36F8FDB0590D4FFF761FB8DE74F
:101E400005F1C80400220121204603F0FFFF00280D
:101E5000F8D194E723F01103E36004F11000FFF7D9
:101E600009F8C0E70B60D8F80430834208BFC8F80F
:101E70000410D1E722B11368014610461A46BDE7A7
:101E80001346F9E728EB0020B0F00020F8B5C3684E
:101E900004469A070F46C3F340062CD45B071AD4B6
:101EA0000B680BB983680B60E368DD0742BFA3686A
:101EB00002263B603D6858BF0126002D3AD01F4BDB
:101EC0009B68AB420AD0D5F8D030D807C3F3800264
:101ED00014D46FF0120600233B6025E003F07FFE70
:101EE000D5F8D0300028F0D1D907C3F3C002F0D51F
:101EF00052B15B0708D46FF00F06ECE7002AFAD165
:101F0000C3F3C003002BF6D100232360D5F8BC3007
:101F100063B9C5E92E44284604F0A1F9E36843F00B
:101F20000403E3603B68A3603046F8BD1C60C5F85D
:101F3000BC40F0E76FF01506CDE700BFF4EA0020E3
:101F4000F0B50446002089B0C4E92E000E9D04F1CE
:101F5000C000C4E9300004F1C800C4E932004DB348
:101F60002879002840F2011008BF0120C4F8D000F1
:101F700000204FF0FF364FF0FF37CDE90330CDE9B9
:101F80000100CDE9066720460B4B0094FFF780F86F
:101F900055B1296811B12046FEF7B8FF6B791BB126
:101FA000237B43F001032373204609B0BDE8F040D2
:101FB00003F01DBE0120D9E7491D01000CB430B566
:101FC00089B005460C461C22002101A804F089F9BD
:101FD00002238DF806300E4B0595029323462CB153
:101FE000B4F1004F28BF4FF00043013B1D440DAA40
:101FF0000C9901A80695009200F082F914B1002214
:10200000059B1A7009B0BDE8304002B0704700BFB0
:102010009D640100242A2DE9F041044601D8012ADB
:102020004CD104F043FA1622344B1A5001B10C6023
:1020300000273846BDE8F08135462E4616F8010BDC
:102040002028F9D0A0F10907042F0346F4D92B2842
:1020500036D02D2837D14FF0010C6B78AE1C302BC9
:1020600038D1307840F0200078282FD132F010009D
:102070002CD110223446737802360CF1004001381E
:10208000B0FBF2FE002702FB1E08392B82BF03F1D2
:10209000FF3343F02003263B303B9A421ED977455D
:1020A00002DC03D1984501D24CF0020C354607FB07
:1020B000023715F8013B34462E46E6E70546BCE7F5
:1020C0004FF0000CC9E74FF0000CC8E7002A08BF2A
:1020D0000822D2E7002A08BF0A22CEE701B10C602D
:1020E0001CF0010F18BF7F421CF0020FA1D0074661
:1020F000222204F0DBF9014B1A509AE70C00000091
:10210000242AF0B5044601D8012A40D104F0CEF9C2
:1021100016222D4B1A5001B10C600020F0BD2F4645
:102120003D4615F8010B2028F9D0A0F10906042E30
:102130000346F4D92B282CD02D282CD101267B78CE
:10214000BD1C302B2DD1287840F02000782824D1D8
:1021500032F0100021D110222C466B78023500207D
:10216000392B82BF03F1FF3343F02003263B303B82
:102170009A421AD9A0FB02040CB9C01801D346F048
:1021800002062F4617F8013B2C463D46E8E7074676
:10219000C6E70026D3E70026D3E7002A08BF0822B7
:1021A000DDE7002A08BF0A22D9E701B10C60F20777
:1021B00048BF4042B307B1D504F078F92222024B60
:1021C0001A504FF0FF30A9E70C0000002DE9F04154
:1021D00001260746B24201DCBDE8F0813B461F46BE
:1021E00013F8014B002CF7D0252CF8D11C780237BE
:1021F000252CF3D000239C461D46DFF800811F2DBF
:1022000018D8A4F1200EBEF1100F09D9A4F1300E98
:10221000BEF1090F1ED80A24202504FB03E304E0C5
:1022200028FA0EFE1EF0010F06D017F8014B002C05
:10223000E5D128E07F2D1CD8A4F1300EBEF1090FA6
:10224000E9D9242C10D1BCF1000F46D0B34246D0BE
:102250000023EAE724F0040EBEF12A0FF8D06C2C1C
:1022600009D145F08005E0E724F0040EBEF12A0F05
:10227000EED06C2C22D06C2C1BD8682C23D06A2C6E
:1022800028D04C2C26D0BCF1000FA5D0B445A1D14C
:1022900044F02007A7F1650CBCF1020F0B6801D9CF
:1022A000612F1ED1073323F0070308330B6001367B
:1022B0008FE7742CB9D07A2CB7D0E4E72C0648BF4E
:1022C00045F40075CDE7EC0548BF45F4007545F4CD
:1022D0008075AAE745F42075A7E79C46B8E7632414
:1022E000D6E7692C02D007D8632C03D02F0601D57E
:1022F000AC05D7D40433D9E7732CF6E7892801005D
:102300002DE9F04F43688FB0009383788346980798
:10231000CDE9021217D50B46002407921E78A6B10C
:10232000252E16D00133019359463046009B98471D
:10233000002804F1010480F2E8819BF8023043F0A8
:1023400004038BF802304FF0FF3420460FB0BDE895
:10235000F08F5E789A1C252E0192E5D000252F463D
:10236000A846A946B9F11F0F32D8A6F12003102BB9
:102370000AD8DFE803F02409092A0909091B090919
:102380000922092709091900A6F13003092B2DD9C3
:102390002A2E3BD155B9079B19F0400F03F10402D7
:1023A000079229D01F6801E049F00109019B13F849
:1023B000016B0193002ED5D156E049F0020949F096
:1023C0000409F3E749F00809F0E749F01009EDE7DF
:1023D000B9F17F0F3FD8A6F13003092BD8D819F0F7
:1023E000400F03D00A2202FB0737DFE70A2202FB75
:1023F000083849F02009D9E7D3F80080B8F1000F78
:10240000F7DAC8F1000849F02809CFE72E2E05D1E8
:1024100019F0400F99D149F04009C7E7242E1AD18D
:10242000002D67D0039B19F0400F07930AD1424655
:10243000029807A9FFF7CAFE079B1A1D0792D3F857
:102440000080B3E73A46029807A9FFF7BFFE079B53
:102450001A1D0792A6E76C2E39D031D8682E3ED0CF
:102460006A2E44D04C2E42D035B1039B2A460298A6
:1024700007A90793FFF7AAFE002F46F02003B8BF75
:1024800029F04009A3F16502BCBF00271FFA89F9B2
:10249000022A01D9612B32D10726079BAB4D0733A6
:1024A00023F007030833079319F0080F6BD0A946F0
:1024B000AF19B94569D1651BA944A8EB060874E1B9
:1024C000742E3FF473AF7A2E3FF470AFCCE719F05F
:1024D000800F18BF49F4007949F0800966E719F4C4
:1024E000807F18BF49F4007949F480795EE749F4A8
:1024F00020795BE72F464546B946B84656E7A6F130
:102500006302122A00F2EB80DFE812F013004700AA
:10251000E900E900E900E9004700E900E900E90015
:10252000E900E9000101E400E900E9001C00E9001C
:10253000A800079B01261A1D07921B6808AD8DF89D
:102540002030B1E7079B1A1D07921D68804B002DB4
:1025500008BF1D4619F0400F14BF39464FF0FF3138
:10256000284603F022FF06469EE759462020009B9E
:1025700098470028FFF6E1AE013FBE42F5D3444440
:10258000E41BB84693E74746F7E7594619F8010BAD
:10259000009B984700288CDACFE619F0800F079B44
:1025A00034D019F4007F2CD0073323F0070303F154
:1025B00008020792D3E9000129F010050029ADB205
:1025C00036DA404261EB410145F480650A230DF1A2
:1025D00020094A4603F00BFF6B06A0EB090965D5FD
:1025E00025F001024F4592B240F3AD80002E00F07D
:1025F000A58015F01003BA46154627D00AF1020A45
:102600005BE01A1D07921868C117D5E71A1D0792DB
:1026100019F4807F196801D10846F5E719F4007FA5
:1026200015BF48B208B241F3C01141F3C031C3E74E
:1026300050EA0103CAD119F0400FC7D0002FC5D10D
:1026400029F011091FFA89F5BA46B94640F2064346
:102650002B401CBF00230AF1010A2EE00A2329F0B7
:1026600010091FFA89F919F08005079A52D019F458
:10267000007115BF0732101D22F00702079017BF27
:1026800002F1080110680791D2E9000150EA010245
:102690004DD129F0160519F0400FADB24BD0002FE7
:1026A00049D129F017091FFA89F5B94615F0100329
:1026B00052D0002E4ED109F1010A290761D4EA0750
:1026C00006D5D04574DDA8EB0A0A0AEB0907C24615
:1026D00052464FE01023782649F01009C3E7782BC3
:1026E00004D1C6F1780343F01003BCE75946252016
:1026F000009B98470028FFF620AE59463046009BC5
:1027000098470028FFF619AE0234019B06E608231D
:102710000026A8E7111D079119F480711068B5D043
:1027200019F400711ABF2946C0B280B2AEE729F091
:1027300006091FFA89F50DF120094AE725F0110570
:10274000BA46ADB282E71546B0E700BF0B93010071
:1027500004930100CA4651E7CA4677E7CDE904234E
:1027600059462020009B98470028FFF6E6AD049AC2
:10277000059B01329045F1DCA4EB0A0A0AEB020446
:102780009246FBB159463020009B98470028FFF63F
:10279000D4AD7EB9013427443B1B4B4522DC4D466A
:1027A00008AE45BBA144A8EB0A084C46C84433E038
:1027B0004F468DE7594630460234009B9847002823
:1027C000E9DABAE540F206431D42E4D015F0020F03
:1027D00014BF2B20202015F4806F594618BF2D20E0
:1027E0000134EAE759463020009B9847002804F15D
:1027F0000104D1DAA1E5013D5946705D009B98477F
:102800000028CEDA99E559462020009B98470028F9
:1028100004F10104FFF691ADA8EB0403002BF2DCF8
:1028200073E700BFF0B589B005460C461646002197
:102830001C2201A81F4603F054FD02238DF8063028
:102840000B4B2046029305952CB1B4F1004F28BFE5
:102850004FF00040013805443A46314601A806953C
:10286000FFF74EFD14B10022059B1A7009B0F0BDB0
:102870009D640100704703460A46197901230068E8
:1028800003FA01F103691B68194218BF82F00102C3
:1028900012B18368DB68184783681B69FBE703464E
:1028A000F0B419790068DB8801250669DA07346815
:1028B00054BF43F4B01383F4D0138D4023F480123B
:1028C000DB0787684CBF2C43AC4334603B68F0BCEB
:1028D0001847836800EBC101B3F5004F2CBF51F8D6
:1028E000220031F81200704700EBC1018068B0F59A
:1028F000004F2CBF41F8223021F8123070470122DE
:1029000008B5FFF7E6FFD04008BD836800EBC101C2
:10291000B3F5004F08D34B681AB143F001034B6085
:10292000704723F00103FAE74B881AB143F0010323
:102930004B80704723F00103FAE753000122FFF7B1
:10294000D3BF8368B3F5004F34BF04230823C91AEB
:10295000081AC0087047B0F5004F34BF042308239D
:10296000481C0833A0EBD300B0FA80F0C0F11F0080
:1029700070472DE9F041174603220E460446FFF743
:10298000A8FF8642054607F104080AD10122E36840
:10299000BA4023EA0203E360002344F82830BDE88C
:1029A000F081314602222046FFF793FF06462B4670
:1029B00001460322204644F82850FFF795FF33468E
:1029C00029462046BDE8F0410222FFF78DBF70B5D1
:1029D0000D4686680446FFF792FFB6F5004F0146A4
:1029E00001D3012809D03046FFF7B5FF294602463A
:1029F0002046BDE87040FFF7BCBF70BD2DE9F04731
:102A000005468068FFF7A7FF05EB800ADAF810900B
:102A100088460646B9F1000F1BD00327DAF81040AC
:102A200028462146FFF76BFF404507D33246214633
:102A30002846FFF79EFF2046BDE8F0870322214687
:102A40002846FFF746FF013FCAF8100001D0814534
:102A5000E4D14FF0FF34EB680136B4401C40EAD0BB
:102A600094FAA4F2B2FA82F2131D55F82340DEE77D
:102A70002DE9F04114460E460546FFF740FFA4EB52
:102A80000608371B0744424631462846FFF755FFE4
:102A90003A4621462846FFF750FF4346002221468A
:102AA0002846FFF721FF21462846FFF728FF3B462F
:102AB000211800222846BDE8F041FFF715BF2DE997
:102AC000F041164604460F46FFF719FF314605460A
:102AD0002046FFF714FF05442A4639462046FFF7F3
:102AE0002CFF31462046FFF70AFF2B463118002203
:102AF0002046BDE8F041FFF7F7BE2DE9F0410D4655
:102B000086680446FFF7FBFEB6F5004F014601D389
:102B1000012832D03046FFF71EFF04EB80010E691A
:102B200096B90122E36882401343E36002220D61FB
:102B30002B4629462046FFF7D7FE0322294620468A
:102B4000BDE8F041FFF7D0BE022231462046FFF734
:102B5000C0FE0746034629462046FFF7C5FE03226E
:102B6000334629462046FFF7BFFE39462B4620460E
:102B7000FFF7BAFE02223146E1E7BDE8F081F8B581
:102B80000C460546FFF7BBFE2618012231462846B3
:102B9000FFF79FFEC3070CD431462846FFF717FF07
:102BA00021462846FFF7ABFE214622182846FFF7AC
:102BB00086FF002221462846FFF78BFE271A0122B6
:102BC00039462846FFF785FE10EA020613D139463A
:102BD0002846FFF7FCFE214632462846FFF779FEDD
:102BE0002246211A2846FFF76AFF21463246284628
:102BF000FFF76FFE241A21462846BDE8F840FFF78C
:102C00007CBF38B571B1056800222846FFF799FEF0
:102C1000044601462846FFF778FE2146BDE83840C5
:102C2000FFF7ADBF38BD70B5066809B9002070BDAB
:102C3000B368B3EBD10FF9D9B3F5004F34BF042318
:102C40000823CC1D1C44E40821463046FFF7D6FE7D
:102C500005460028EAD001463046FFF750FEA04264
:102C600009D92C44294630462246FFF701FF214668
:102C70003046FFF742FF304601222946FFF745FE66
:102C8000B368B3F5004F34BF0423082303EBC50337
:102C90001844CCE72DE9F84306681446B26801F100
:102CA000FF39B2F5004F34BF0423082319EA0109A4
:102CB0000F460BD0494239408B424F4628BF0B4646
:102CC000894654B900252846BDE8F8839942F8D8CA
:102CD0002146BDE8F843FFF7A6BFB2EBD40FF1D908
:102CE000B2F5004F34BF04220822E11D3944C91A4D
:102CF00011443046C908FFF781FE80460028E1D024
:102D0000B36809EBC005B3F5004F34BF04230823B3
:102D10001D4435447B1E1D44B5FBF7F57D43A5EBF3
:102D2000090529463046FFF70CFE2C44073424F0F1
:102D30000704A41B804507464FEAE40408D2024674
:102D400041463046FFF794FE41463046FFF7D5FE38
:102D500039463046FFF7D3FD3844844208D239461D
:102D600030462246FFF784FE21463046FFF7C5FE77
:102D7000012239463046FFF7C8FDA4E7B2F5802F9F
:102D80002CBF082304232DE9F0410026D21A8C1809
:102D9000CD1D25F0070524F00704641BE408056039
:102DA00021462046AC60EE60FFF7D5FD421D920043
:102DB000013002F107074FEAD7073146A2F11002AE
:102DC00005F11000B8BF324603F08BFA3A4631469F
:102DD0002846FFF7B2FD3346324631462846FFF714
:102DE00083FDA4EB0708284631460122FFF78DFD3D
:102DF00042463946FFF7A1FD3B4632463946284652
:102E0000FFF772FD21462846FFF797FD43463246FD
:102E100021462846FFF768FD214628460122FFF794
:102E200074FD3946BDE8F041FFF767BE2DE9F04774
:102E300006460D46174698462BB34FF0000A98F801
:102E4000004093F80190DB78A40004EB430498F869
:102E500002301C444444CA4509D339463046AC4686
:102E6000D8F8042008F10803BDE8F047604714F8DB
:102E7000013B0AF1010A204648F82340F5F72EFBF2
:102E800001300444E7E76FF01500BDE8F08770B546
:102E9000002502462846144614F8013B0BB9184693
:102EA00009E098B18D4207D1702B04D0A3F1400204
:102EB0003A2A0BD8002070BDA3F140063A2E05D85F
:102EC00053780135941C002BE9D00020252B224695
:102ED00008BF80F00100DEE7002070470FB407B59F
:102EE00004A951F8040B019100F0FFFB03B05DF859
:102EF00004EB04B0704710B50369024613F00800F4
:102F000009D11368D4689C429BBF0120126AE31A5E
:102F1000D31A0B6010BD00231846FAE713B501A9B8
:102F20000446FFF7E8FF20B1019BE268013B134430
:102F30000193206A019BC01A013802B010BD10B580
:102F4000044650182269236AD20702D5013B184073
:102F500010BD984228BFC01AFAE710B504460A46C9
:102F6000C168FFF7ECFF2369E06023F008032361E9
:102F700010BD38B50D46C2698B00016843F00203ED
:102F8000044642F8213001682A46FFF7D8FFE3687B
:102F90006168984208BF2369206008BF43F00803B6
:102FA0002A46204608BF2361FFF7C9FF606038BD8D
:102FB0002DE9F74FC768C6699B4616F827300446C7
:102FC00003F00303022B884691464FF0000306EB03
:102FD000870A09D01360CBF800302369990710D411
:102FE000002003B0BDE8F08F56F827101360890861
:102FF000CBF80030F1D0FFF7B0FFE368A360012009
:10300000EFE7A3695046984716F827300546DA07D8
:10301000E6D513F002031DD0B8F1000F03D04146EE
:103020002046FFF7A6FF61682A462046FFF787FF84
:10303000D4E902319942606004D12A462046FFF764
:103040007EFFA060A3682360E360236943F0080368
:103050002361D4E7014620460193FFF77EFFE26833
:10306000A260B8F1000F04D02168E269019B42F828
:10307000213005EB0802CBF8002021682046FFF73D
:103080005EFF2369206043F00803236116F82730B0
:103090006FF3000306F82730C9F800A0AFE770B55A
:1030A00004461546FFF74BFF2368834205D1236989
:1030B000216023F00803236170BDE269AB0043F097
:1030C000020342F8213061682A462046FFF737FFA5
:1030D0006060F1E738B5036904465B0706D5456AC9
:1030E000FFF71CFF85422CBF6562606238BD38B5B2
:1030F0000D4604461C22002103F0F3F80022EB6881
:10310000A361AB6863612B68E3616B6862622362F1
:103110002A6923B1591E194208BF42F001022261F7
:10312000012204F128000021BDE8384002F047BD2B
:103130002DE9F04F002587B00093036A04468B42C7
:103140000E469246A9460395059539D3EFF3118BA8
:10315000202383F31288BFF36F8F059AD8462AB1D4
:1031600029462046FFF79BFF0023059304A920462C
:10317000FFF7C1FE04990746B1422AD32268E369EA
:10318000204613F8221003EB820921F0030103F813
:10319000221021683246FFF7D2FEE3682060984291
:1031A00012D0002788F31188BFF36F8F039929B1DC
:1031B00062690AB12046904700230393002FC5D1CE
:1031C000484607B0BDE8F08F236943F00803236148
:1031D000E7E718B12046FFF7CCFEE3E7009B5AEA89
:1031E000030319D0019102F0FAFC0199A0B98BF305
:1031F0001188BFF36F8F5246009B04F12800FDF742
:103200005FFEEFF31188202383F31288BFF36F8FE3
:10321000B0FA80F77F09C5E7204605AB03AA256809
:10322000FFF7C6FE0746BDE770B50446836908464A
:103230000D4698470246EFF31186202383F3128848
:10324000BFF36F8F2B78204643F001032B7061682A
:10325000FFF775FE60602046FFF73CFF86F311889C
:10326000BFF36F8F70BD2DE9F04104462027EFF3C7
:10327000118687F31288BFF36F8F236913F0080F4D
:10328000A36802D16268934200D9226AD21AE16926
:1032900032B986F31188BFF36F8F4FF0000833E027
:1032A00011F8232001EB830812F00300F1D002286B
:1032B00003D151F82350AD0805D1D00712D44046B0
:1032C000A36998470546A1682A462046FFF737FEBE
:1032D0002946A0602046FFF740FE86F31188BFF321
:1032E0006F8FC4E742F0020201F82320A369404631
:1032F000A5689847294602462046FFF720FEA060B1
:1033000086F31188BFF36F8F4046BDE8F081F8B5B2
:103310000446836908460D4698470646EFF3118731
:10332000202383F31288BFF36F8F2B786FF3000392
:103330002B7023699B0705D5E268E36903EB8203E1
:103340009D421AD12B786FF341032B70D4E90231DF
:10335000994204D132462046FFF7F1FDA060314684
:103360002046FFF7FAFD87F31188BFF36F8F04F152
:103370002800BDE8F840FDF77DBD2B6860F39F0392
:103380002B60F0E702698368120702D442689A4210
:1033900000D2026AD31A181E18BF01207047038B8F
:1033A00013F0070305D10368002B0CBF0020032096
:1033B0007047022B05D1408BB0FA80F040098000A5
:1033C0007047012B05D10368002B0CBF002005209E
:1033D00070470020704710B50C4600B111B96FF06E
:1033E000150010BD081D00F093F80028F9D1A3685E
:1033F000032BF6D9F3E72DE9F0410D4607461946B0
:10340000281D90461E4600F097F8044638B1334612
:10341000424629463846A446BDE8F0416047BDE82B
:10342000F08110B4EFF31182202484F31288BFF3EB
:103430006F8F416110BC0121F5F7B4BF38B50C4660
:10344000054658B151B10B6843B14B6833B11C22EA
:10345000002102F046FF00202C6138BD6FF01500FE
:10346000FBE770B505460E46FFF7B5FF041E14DBFB
:10347000EFF31182202383F31288BFF36F8F4FF68F
:10348000FF716B8B2C8B8B4204F0070407D182F306
:103490001188BFF36F8F6FF00A04204670BD022CB5
:1034A0000CD101336B8382F31188BFF36F8F00233C
:1034B000224631462846FFF79EFFEEE7062C14D839
:1034C000DFE804F004131313041A0400002333602C
:1034D0006B683BB9C5E90066ACB902212846F5F72F
:1034E00061FFDAE71E606E60F6E782F31188BFF3D2
:1034F0006F8F6FF00404D0E782F31188BFF36F8FF2
:103500006FF08504C9E782F31188BFF36F8FC4E7BA
:10351000034640B1426802F00302022A06D0032AA1
:1035200004D0012A05D06FF0150070471A68002AF0
:10353000F9D000209860704710B54268034602F049
:103540000302022A4FF00004816007D0032A02D050
:103550005C60002001E018685C6010BD18685C6069
:103560000028F6D0FEF7A8FBF3E79446F0B5044632
:10357000C369C66845684069AF1B281A1A1ABB425E
:103580009CBFFF1AF618624528BF6246D81B9042BE
:1035900028BF10462368AD1B2B440B6063680344AF
:1035A0006360F0BDD0E90123D21A8A420CD31944DA
:1035B000C368C269C0E90111C91A8A4201D9002051
:1035C00070471344C360FAE76FF0150070472DE9A8
:1035D000F34180460E46154600272A4601A940467B
:1035E000FFF7C3FF044602463146019802F051FE40
:1035F0002D1B2744264401D0002CEED139464046ED
:10360000FFF7D0FF384602B0BDE8F081F0B50446C0
:10361000944686690569A368C069AF1B5A1BB84206
:103620009CBF36183F1A624528BF6246C01B9042B5
:1036300028BF10462368AD1B2B440B60236903444D
:103640002361F0BDD0E90423D21A8A420CD3194475
:10365000C0E90411D0E90632C91A8A4201D9002012
:10366000704713448361FAE76FF0150070472DE946
:10367000F34180460D46164600273246404601A9D2
:10368000FFF7C4FF04462DB102460199284602F017
:1036900000FE2544361B274401D0002CEDD13946CD
:1036A0004046FFF7CFFF384602B0BDE8F0817047D3
:1036B00003785B075FBF03684288C3F34A2303EBC9
:1036C00012105DBF173020F00700800800207047FF
:1036D0000020704701F07BBE0346D3E8EF0F421C89
:1036E000C3E8E12F0029F8D170471FB50023CDE9C9
:1036F00002011A4619461846CDE90033F6F770FB69
:1037000005B05DF804FB0120F6F72CB800207047E7
:1037100018B140680079F6F725BA4FF0FF30FAE7A4
:1037200010B5436804465B7913B10021F6F778FAC7
:10373000002263685A7110BD70B5D2E901369B1B37
:103740008B420C4615460AD313680A46014698195F
:1037500002F09FFD2046AB682344AB6070BD6FF064
:103760001B00FBE770B50E4615461946044618B90E
:10377000BDE87040F5F7F6BF33B1C2F34A2310300D
:10378000120D184402F085FDC4E900562046BDE83C
:103790007040F6F78DB92DE9F3415F1C4FEA8708B9
:1037A000064608F1170020F0070080080C46154671
:1037B000F6F73CF800238DF80470ADF805308DF86D
:1037C000073068B10346019AA8F1040143F8102FAD
:1037D0002A46294452F8045B8A4243F8045FF9D12F
:1037E00000233146A20102F4E07242EA482222F0AC
:1037F0007F4222F4700222F03F0202B0BDE8F041A5
:10380000FFF7B0BF07B50123019201AAFFF7C3FF7D
:1038100003B05DF804FB07B5CDE9002302236A4637
:10382000FFF7B9FF03B05DF804FB1FB5CDE9012335
:10383000069B01AA03930323FFF7ADFF05B05DF8D4
:1038400004FBF8B506460D4614461F4604B9F8BDFC
:10385000214628463A46B047241A0544F6E710B5F3
:1038600042680446D2E9002381680068FFF7E9FF57
:10387000002263681A6010BD38B54B6805461A68A7
:10388000CB680C469A4202D10846FFF7E8FF63680E
:10389000D3E8EF2F511CC3E8E01F0028F8D1A3683C
:1038A00000209D5438BD0A2838B504460D4602D183
:1038B0000D20FFF7E1FF29462046FFF7DDFF00203E
:1038C00038BD2DE9F043054687B008460E8891F8CB
:1038D00000900C46D1F808801746F6F7C7FA011E8B
:1038E000C6F38216C9F3C2091EDB4846F6F7F2F8A2
:1038F0000346214651F8102B6088C2F34A22002A61
:1039000001EB020408BF00210022C0F30B10CDE937
:103910000407CDE902142846414601960092F6F7C5
:10392000D1FA07B0BDE8F0830023E2E74368002046
:103930001B685B689961704743681B681A68526826
:1039400053607047012143681B685A6811771868F3
:10395000FFF785BF43681B681868F6F71DBC70B594
:1039600043680C461D686B689869F5F7D7FE2146D9
:1039700003460F222868BDE87040184703785B07AC
:103980005FBF03684288C3F34A2303EB12105DBF95
:10399000173020F0070080080020704783689B697B
:1039A00003B11847704708B54368197311B1186817
:1039B000FFF7F4FF002008BD10B540681C4630300A
:1039C000FFF755FE2060002010BD10B5406850F88C
:1039D000984B02F0CAFA2046FFF7E0FFA3685B6A43
:1039E0000BB120469847002010BD2DE9F0414568F5
:1039F0001E462B7B0C46174693B101EB0208A045EF
:103A000007D137600120D5E9013198470020BDE892
:103A1000F081286814F8011B83685B689847EEE71B
:103A200005F11000FFF7D3FD0121306005F1D0034F
:103A3000D3E8EF2FC3E8E01F0028F9D1002AE5D131
:103A4000286883685B69002BE0D09847DEE7002395
:103A5000826882F856308268A2F852308268A2F8F2
:103A600050307047034610B5D3E8EF0F40EA01022B
:103A7000C3E8E42F002CF7D110BD034610B5D3E8FE
:103A8000EF0F00EA0102C3E8E42F002CF7D110BDCC
:103A9000FDF73CB973B50901856801F51F7104464E
:103AA00016460D446946284601AA02F0C8FB009B51
:103AB00023B1284602F0C0FB2046B04702B070BDDB
:103AC00008B510B1F4F70AFD80B208BD0EB403B515
:103AD00003AA52F8041B0192F7F7B6FF02B05DF893
:103AE00004EB03B070478B6820B903F51F70002109
:103AF000FEF7E2B803F52B70F9E700F51E7019B177
:103B00004FF40061FFF7AEBF6FF40061FFF7B5BF80
:103B100000F51E7011B10421FFF7A4BF6FF004017E
:103B2000FFF7ABBF08B500F51D7029B10121FFF704
:103B300099FF00F0010008BD6FF00101FFF79DFF44
:103B4000F7E7FDF75BB9002373B504460093204601
:103B500000F0DEFBE06900F00BFE05462046A6689B
:103B6000F8F77CF9A36806F51F76B3F8503023B157
:103B70004FF4F6700021FDF745FD6946304601AA75
:103B800002F05DFB15B1009B002BE0D002B070BDD0
:103B9000F8B5044680681F46037D0D46022B164685
:103BA00007D0BDE8F8404FF4805100F51E70FFF7D4
:103BB00059BF4FF0FF324FF0FF3300F54370FFF76E
:103BC00067FFA368D3F87822100508D49A6C32B93D
:103BD000D3F87432990602D5204600F099FB3B4693
:103BE00032462946204600F0F1FBA368D3F878223C
:103BF000120508D49A6C32B9D3F874329B0602D5F8
:103C00002046F8F72BF9606900F065F8A068BDE878
:103C1000F84000F54370FFF794BF0CB407B504AB50
:103C200053F8042B0193FFF7B3FF03B05DF804EBE7
:103C300002B07047F8B505460F46D1B10846FFF708
:103C40003FFF0646A8684FF42472002300F5437036
:103C5000FFF71EFF044618B16FF00F042046F8BDB1
:103C6000731C142BA86800D836B900F54370FFF711
:103C700068FF6FF01504F1E73946F4F727FCAB68ED
:103C800083F83C60A86800F54370FFF75AFFE5E74A
:103C900010B5044680684FF0FF324FF0FF3300F557
:103CA0004370FFF7F5FE2046F6F7A4FFA068BDE8D5
:103CB000104000F54370FFF744BF18B18368D3F894
:103CC000240370476FF0150070478368996409B941
:103CD000FFF7BDBE704710B50269044683681268DD
:103CE0000168C0689847002223691A6010BD38B582
:103CF000CB6805461B7C0C46022B04D10A2802D156
:103D00000D20FFF7F4FF236922681B68D554226950
:103D100013680133136023691A6863689A4202D1F9
:103D20002046FFF7D8FF002038BD08B510B1F4F7E2
:103D3000D5FB80B208BD10B5047B43892244B2FB99
:103D4000F3F0214403FB1022B1FBF3F003FB10104E
:103D5000101A10BD10B5047B438921441019B0FB23
:103D6000F3F0B1FBF3F1401A10BD30B5057B438988
:103D70002944B1FBF3F403FB14112A4401310180FF
:103D8000B2FBF3F103FB11220134848001324C1C9D
:103D9000C480428030BD2DE9F74F00260746884693
:103DA00014469946B24606602378002B00F0BF8087
:103DB000202B3AD0093B042B37D93B685A1C3A6078
:103DC00048F823403B684B4500F0B180002622783C
:103DD000002AE9D0A6B9164623461C46272E04D051
:103DE0005C2E25D0222E40F096802046FFF79DFFC6
:103DF000611C0246204602F05AFA2278002AD3D0EB
:103E0000B242A34604F1010420D15846FFF78DFFCA
:103E100021460246584602F04AFA9BF800605C468A
:103E2000002ED9D1C0E70026BEE704F801ABBBE7FE
:103E30002046FFF77AFF651C02462946204602F01D
:103E400036FA66782C46002EC8D1ADE75C2A9BF87E
:103E50000120D3D1B242104608D15846FFF765FF82
:103E600021460246584602F022FAB0E7302A25D110
:103E7000022300251BF80300A0F13001C9B2072975
:103E800019D8ED000133EDB2052B45EA0105F1D15A
:103E9000591E5944584601930091FFF746FF019B74
:103EA0000099023BC21A584602F001FA9BF8012021
:103EB0008BF80050A2E7DBB2022BE9D1782825D19C
:103EC000022100251BF80130A3F13000C0B20928FF
:103ED00008D82D01EDB20543022901D00423D7E70C
:103EE0000321EFE7A3F16100052805D82D01EDB20C
:103EF000573B1D43EDB2EFE7A3F14100052803D87E
:103F00002D01EDB2373BF4E7022902D10BF1010498
:103F100074E70323BCE7202E85D0093E042E82D906
:103F20006678631C002E7FF458AF1C463CE7304691
:103F300003B0BDE8F08FF8B50E46114607461546AA
:103F400002F03FFA0446E0B12846FFF7EEFEA74232
:103F5000054607D214F8013C202B02BF0135ADB253
:103F600004F1FF342046FFF7E0FE3388421C5B1B60
:103F7000521B33802046611992B2BDE8F84002F02E
:103F800096B9F8BD2DE9F0410F461646044686B0B5
:103F900070B1034601AC00F110052246186859685B
:103FA000083303C2AB421446F7D1186801AC106065
:103FB0004FF00008414632462046F7F759FD08F118
:103FC0000108054628B138462968F4F775FA002833
:103FD000F0D1284606B0BDE8F0812DE9F0471C4637
:103FE00000230F461646DDF820809DF824902360BC
:103FF00023680546BB421BD256F8230000F0A0FD03
:104000002368824618B1013328462360F0E7424610
:10401000284656F82310FFF7B5FF48B123685A1C0D
:104020002260B9F1000FE3D08045E1D1554623600D
:104030002846BDE8F087F8B50746FFF776FE054647
:1040400030BBF8BD54B18AB2AA1A01302C1B013220
:1040500039443844A5B202F02AF90024334698B214
:104060006A1E9042EDDA3A5C5E1C202A02D0093AC0
:10407000042AF3D8B1B28BB29D42EFD97B5C202BDE
:1040800002D0093B042BDDD80134A4B20131F2E7A0
:1040900000231C46E3E7F8B58468064694F85630DA
:1040A0002BB9B368B3F85020A3F85220F8BD04F13F
:1040B0005600B4F85030C21812F8012C202A1CD037
:1040C000093A042A19D90022C25413461D46425DFA
:1040D0000133202A9BB200EB0501F7D0093A042AEC
:1040E000F4D9002DDDD0B4F850707A1C521B7F1B20
:1040F00002F0DDF8A4F85070D3E7013B9BB2A4F8BE
:104100005030002BD5D184F85630CAE70EB403B531
:1041100003AA52F8041B0192F7F796FC02B05DF86F
:1041200004EB03B0704710B50446F4F7D7F9B4F8C0
:104130005030628F13FA80F3B3FBF2F102FB1130BF
:10414000B0FA80F0400910BD38B584682046F4F715
:10415000C5F9D4F87452B4F85230C5F3400580B2B2
:1041600005FB0300638FB0FBF3F203FB1200B0FA10
:1041700080F0400938BD10B50446FFF7E5FF18B9D7
:10418000A068FFF7D0FF20B16069BDE81040F7F7E5
:10419000DFBC10BDF8B50546846804F13000B4F802
:1041A0005020B4F85210FFF7E0FDA868A78EE68E05
:1041B000FFF7B9FF10B16869F7F7CAFCB74207D13A
:1041C000218E638E2846C91ABDE8F840F7F7DCBC9B
:1041D000E18EA38E2846C91AF7F7C0FCF0E7F8B5C0
:1041E00004460D468068B0F85210B0F850203030C8
:1041F0000D44FFF7BAFDA068ADB2B0F852102A46E0
:104200003030FFF7A7FD0746A0682A46B0F85210E5
:104210003030FFF790FD064679422046F7F79EFCC6
:1042200031462046F7F7B0FCA368A3F85250F8BD1A
:104230002DE9F0410C1E064636DA4FF0FF35644298
:1042400024B2A4B2AFB216E0B3680022B3F852C0F1
:10425000B3F85080614603F1560E81B96B1C02D051
:10426000B8F1000F0FD1A1EB0C01304609B2FFF7F6
:10427000B6FF013CA4B2002CE6D1BDE8F081884530
:1042800001D1012DEFD01EF8013023F0200041387C
:10429000192807D9303B092B04D9002AE3D1394426
:1042A00089B2DAE70122FAE70125CAE78368B3F8A1
:1042B0005210494209B2FFF792BF8368B3F8501019
:1042C000B3F85230C91A09B2FFF789BF8368B3F84F
:1042D00052301BB14FF0FF31FFF781BF7047836849
:1042E000B3F85220B3F850309A4202D20121FFF7BE
:1042F00076BF70478268B2F85210A2F850108368F7
:10430000B3F852201344002283F85620F7F714BC68
:1043100010B504468068B0F85020B0F85210303024
:10432000FFF723FDA3682046198EC1F10101F7F7BD
:104330002BFCA3682046998E0139F7F70FFC204625
:10434000BDE81040F7F7F8BB2DE9F04105460F46F0
:104350001446002686B084B906B0BDE8F081D3F8D3
:1043600078229207FBD503F51E73D3E8EF1F21F0E7
:104370000201C3E8E21F002AF7D1686822460368F9
:10438000B919D3F80C806B46C047009A1644A41A9A
:10439000002AE0D1AB68197D0329EED00229DED8CE
:1043A000012103F52B7301A801F018FF4FF0FF3234
:1043B0004FF0FF33012101A8FDF726FCA86800F5A6
:1043C0002B7001F039FFD8E7FFF7BEBFF7B51E46E7
:1043D00083681546D3F874220446D20613D593F8A1
:1043E0003E208A420FD0DB8FADF80430F7F71EFC79
:1043F000324629466069F7F727FB204601A9F7F7FF
:1044000035FC03B0F0BD32462946606903B0BDE813
:10441000F040F7F719BB0CB407B504AB53F8042B05
:104420000193FFF7D3FF03B05DF804EB02B07047D0
:104430002DE9F04187680546B7F850608846B31803
:10444000FF2B144626DCB7F85230F61A56331F44B9
:10445000B6B232463946381901F029FF22464146A4
:10446000384601F016FFAA68B2F850302344A2F88B
:104470005030AB68B3F850201344002283F8562024
:10448000AB68D3F87412890706D4B3F852201444E9
:10449000A3F85240BDE8F08131462846BDE8F0411E
:1044A000F7F766BCFFF7C4BF38B505468068B0F8BB
:1044B0005220B0F85040A41AA4B29CB15632104415
:1044C000411C224601F0F3FEAA68611EB2F850308A
:1044D0002846013BA2F8503089B20122BDE838409D
:1044E000F7F746BC38BD10B583680446B3F85020D2
:1044F0005AB1B3F8523043B14FF0FF31FFF76FFEBE
:104500002046BDE81040FFF7CFBF10BDF8B5C36926
:104510005E695F6883683046D3F87452FEF7A3FE85
:10452000C5F30015044650B1014605F10E023846A8
:10453000FFF7C7F930462146FEF7E9FE0120F8BD36
:1045400043681B68D3E90632D3E8EFCF8C44C3E855
:10455000E0CF0028F8D19368D3E8EF0F0844C3E810
:10456000E20F002AF8D170472DE9F047436807466B
:104570001E680D46F369B268D3F81480D2F874420D
:104580009A68D3F804901279C4F30014012A03D076
:10459000032A4ED0BDE8F087D8680B784FF0000AA8
:1045A000590740F2E7314FF4004C8E46514658BF50
:1045B0002B68E0FB0CE15CBFC3F34A246B884FF42B
:1045C0007A725EBF04EB1314173424F007044FF023
:1045D000000370464CBF0024A408F3F705FE024612
:1045E0000B4640462146FEF7A3FD814628B93846D2
:1045F000BDE8F0470121FFF7A3BF012CF7D92946F9
:1046000051F8043B0268C3F39D0363F39F0240F833
:10461000042B621E920001F03CFE40464946FEF724
:1046200003FEB06800F523705146BDE8F047FDF782
:1046300043BB3046FFF76CFE01F0D1FA04F10E07E0
:10464000044600B3EFF31184202383F31288BFF3F1
:104650006F8FB368D3F878321A051ED53A462946CB
:104660004846FFF72EF9B368D3F878321B0502D419
:104670003046F7F7F3FB01F0B2FA90B184F31188FA
:10468000BFF36F8F86E7B06800F543704FF0FF32DD
:104690004FF0FF33FCF73AFBDBE73046FFF738FE1D
:1046A000DCE7B06800F54370BDE8F047FCF7A6BB57
:1046B000134610B50C460A4601461846FFF784FE1D
:1046C000204610BD70B504460D46D0E904101646CC
:1046D000FEF70DFD324629462068F5F7B9FA0022AB
:1046E00063685B685D60A3681A600122A3681A7141
:1046F00070BD10B504460068FFF712F80222A368E7
:104700001A7110BD10B5436801211C686068036808
:104710009B68984738BB0322E3699B681A71A368BA
:1047200003F51E73D3E8EF1F41F40051C3E8E21F05
:10473000002AF7D1A068B0F85020B0F852103030FD
:10474000FFF713FB4FF0FF312046F7F707FAA36896
:104750002046198E4942F7F717FA2046FFF7D6FE92
:104760000028FAD110BDE069BDE81040FFF7C1BFD5
:1047700073B504460021036882685B681D68AB68F6
:10478000D3F87432C3F30013D2E8EF6FC2E8E01F2E
:104790000028F9D126B14BB931466068F5F7FCFC29
:1047A000284602B0BDE87040FFF7B0BEAB682846AF
:1047B000DB8F0121ADF80430F7F738FA3146606835
:1047C000F5F7EAFC284601A9F7F750FAE8E70EB436
:1047D00003B503AA52F8041B0192F7F735F902B0AA
:1047E0005DF804EB03B070472DE9F84305469046A9
:1047F0000E46002967D00024335D202B23D0093BCF
:10480000042B20D93046F3F769FEAB6880B2598F8C
:10481000001BA1EB0803984206EB040915D9484692
:10482000002710F8012B202A06D0A2F1090CBCF1B8
:10483000040F02D80A2A2DD03B4608EB070291420A
:1048400027D90137EDE70134D6E74B460027B842B8
:1048500014D013F8012B0A2A19D16869FFF73BFA23
:1048600049463A462846FFF76FFD6869F7F70EFBA1
:104870000134414628463C44F7F786F96869311906
:10488000FFF7A5FF6869BDE8F843F7F7FFBA0137FE
:10489000DDE71F466869FFF71EFA3A464946284693
:1048A000FFF752FD3C44335D202B02D0093B042B23
:1048B00001D80134F7E76869F7F7E8FA4146284676
:1048C000F7F762F99EE7BDE8F88300207047836937
:1048D0000020186070470EB403B503AA52F8041BF9
:1048E0000192F7F7B1F802B05DF804EB03B070473E
:1048F00008B50168FFF79EF9002008BD836803F53D
:104900001D73D3E8EF1F21F02001C3E8E21F002A46
:10491000F7D100207047836803F51D73D3E8EF1FBC
:1049200041F00801C3E8E21F002AF7D100207047D8
:10493000836803F51D73D3E8EF1F21F01001C3E86E
:10494000E21F002AF7D100207047836803F51D732A
:10495000D3E8EF1F21F00801C3E8E21F002AF7D1D6
:1049600000207047836803F51D73D3E8EF1F21F023
:104970000201C3E8E21F002AF7D1002070478368D4
:1049800003F51D73D3E8EF1F41F01001C3E8E21FE8
:10499000002AF7D100207047836803F51D73D3E820
:1049A000EF1F41F02001C3E8E21F002AF7D10020E9
:1049B0007047836803F51D73D3E8EF1F41F00201D0
:1049C000C3E8E21F002AF7D10020704708B58368CA
:1049D000D3E900210A60516000211A89C3E900115E
:1049E0005B8900681A440C32FEF741FE012008BDC5
:1049F0000023C3607047F8B51F46034653F8044FC1
:104A000016469C4202D100203880F8BDC568B1B975
:104A1000002DF8D0AC4202D10023C360F3E76C68EC
:104A2000C460002CEFD02289304604F10C0101F063
:104A300030FC0022238901203B80F254E5E7002D61
:104A4000EED08368AB42E7D02C68E9E738B504467E
:104A5000051D6368AB4204D02046FFF7B7FF00286E
:104A6000F7D138BD2DE9F04F02F10C050368C5F10F
:104A70000009DB6909F003094D4485B09D420446F5
:104A80001746019110D80023C3606AB1466800F14F
:104A9000040AB2450BD05EB13389934208D106F1C6
:104AA0000C0001F026FC18B905B0BDE8F08F1E46D9
:104AB0004FF00008236819699A68914201BFC3E961
:104AC0000288C3E90588C3F80480C3F810802A4629
:104AD000206803A9FEF749FD854283461ED92A4670
:104AE000206803A9FEF741FD854218D172895A4416
:104AF0007281AB44039D3A4601992F81A5F80A9033
:104B000005F10C0001F0C5FB62685946C5E9002AB1
:104B1000556020686560FEF745FDC5E7EAD00021D5
:104B20002068FEF73FFD63689A45C3D02046FFF733
:104B30004DFFBFE7031DC0E901330023C360704789
:104B400010B5044628B1F3F7C9FC002380B298429F
:104B500001D8002010BDE25C3F2A03D02A2A01D0F0
:104B60000133F4E70120F5E710B5044680684FF4FF
:104B70008072002100F5AB7001F0B3FBA068B0F8C3
:104B8000502000F1560100F5AB7001F082FBA068E7
:104B900000F5AB70FFF74FFAA46804F5AB70F3F7BC
:104BA0009DFC0130A4F8540010BD10B50446806887
:104BB000B0F8542000F5AB71563001F06AFBA368E1
:104BC000B3F85420A3F8502010BD01460068F7F751
:104BD0000DBC08B5F7F77AFCBDE80840F7F79ABCBA
:104BE0000A460121FEF70EBE7047704700210120E2
:104BF000F7F7FCBBD0F8983083F30B88704761B6A9
:104C000062B680F31188BFF36F8F704772B60023CE
:104C100083F31188BFF36F8FBFF34F8F30BF62B63E
:104C2000BFF36F8F704772B6002383F31188BFF311
:104C30006F8FBFF34F8F20BF80F31188BFF36F8F4B
:104C400062B6704740E800F313F4803FD8B208BF63
:104C50006FF01500704730B50C684B6885B00A8955
:104C60004D890094013B24F01F04234402F01F02ED
:104C700042EA451223F01F0369468DF8082003938A
:104C8000F8F7FAF805B030BD08B5D1E90431984716
:104C9000002008BD08B5F8F7D1FA002008BD0B07C1
:104CA00004D5A0F14103192B98BF203070472DE99E
:104CB000F04F85B08A4615460446029300283ED040
:104CC00000293CD0002B00F00C810A46A046294662
:104CD00018F8010BFFF7E3FF0346C0B23F28064672
:104CE000177827D013F0C00F0BD1C8B12A2837D0BE
:104CF00029463846FFF7D3FF864202F101022DD044
:104D00001DE05B287AD05C28F2D1EB07F0D4607804
:104D1000FFF7C5FF10F0FF0618BF04F10208E7E730
:104D2000EC0601D52F2F02D0381E18BF012005B088
:104D3000BDE8F08F1FB12F2F03D1A8070DD501209B
:104D4000F5E72E2F09D1690707D55245F7D0AB07F4
:104D500003D512F8013C2F2BF1D001324446B5E7C0
:104D60006078FFF79CFFC1B22A2918D02E2F09D1F5
:104D70006F0707D55245E2D0AE0703D512F8013CC4
:104D80002F2BDCD079B915F00200D0D0ED0600F160
:104D9000AA802F21104601F0BCFA0038C5E7294649
:104DA00018F8010FDDE72F2908D1AC0706D510460A
:104DB00001F0AFFA02460028D0D1C0E71646029BA8
:104DC00025F0040A03F1FF3905F00207B34629462E
:104DD0009BF80000FFF763FF10F0FF0406F10106E7
:104DE000ADD04B46524659464046FFF760FF01287A
:104DF0009DD12F2CEAD1002FE8D098E7002F9ED02C
:104E00002F2F01D1A8079AD43846FFF748FF6378BF
:104E10008146212B01D05E2B1DD10123023429466E
:104E200014F8010B0193FFF73AFFC6B25D2E15D0BF
:104E30004FF0000B2F2E48D05C2E07D1EB0708D483
:104E4000294614F8010BFFF72AFFC6B2002E3FF4E3
:104E500076AF234605E044460023E0E723464FF0C3
:104E6000000B21782D2937D1294660780393FFF76D
:104E700016FF10F0FF00039B18D05D2816D05C28A9
:104E800004F102030CD115F0010F09D1E31CA07845
:104E90000393FFF704FF10F0FF003FF450AF039BB4
:104EA0004E4503DC4845A8BF4FF0010B1C46294680
:104EB00014F8010BFFF7F3FEC6B25D2EBAD1019BC9
:104EC0005B453FF43CAF611C03D15B2F7FF437AFF0
:104ED0004446A046013241E74E4508BF4FF0010B62
:104EE000E4E7032023E7084621E74023FFF7DFBE7E
:104EF0000C220369C9B201FB0233186C00F00700F1
:104F0000704770B5C9B20369EFF31185202484F3AB
:104F10001288BFF36F8F0C2606FB0134246C14F04B
:104F2000C00408D0A24206D085F31188BFF36F8F6A
:104F30004FF0FF3070BD012271430B441A6485F3BA
:104F40001188BFF36F8F43680B445B68984700205C
:104F5000F0E78022FFF7D5BFF8B5069F0469C9B214
:104F6000EFF31186202585F31288BFF36F8F0C2590
:104F700069430C44256C05F0070CBCF1010F0BD103
:104F8000276486F31188BFF36F8FC4E90E2343684B
:104F90005B5898470020F8BD05F0C005AF4286F386
:104FA0001188BFF36F8F0CBF6FF077004FF0FF30A9
:104FB000F1E713B580240094FFF7CEFF02B010BDD7
:104FC00010B41C240069CBB203FB0400002110BC08
:104FD00010470020F9F78EBD002000F07CBA104683
:104FE000FBF748BF436800205B681B690B60704794
:104FF000436802EA01005B6821EA02019860002030
:10500000D9607047436800205B68996070474368C7
:1050100000205B68D960704743685A68536821EA8A
:1050200003000B4090600020D360704710B5036907
:105030005868F8B1884219D19C680868A142586044
:1050400000D19860002008602AB15A680A609A6806
:10505000596002B99960002010E0814206D10868C9
:10506000206098688142EDD19C60EBE704460068BF
:105070000028F2D1002AE8D16FF0150010BD30B53C
:1050800043681360057A446804EBC504A34202D365
:105090006FF0010030BD5C798C4201D00833F0E73D
:1050A0000020F7E743681B68D3F88004C3F8800446
:1050B000704710B544682368C3F84415C3F8482501
:1050C0000022C3F82021D3F82011C3F85821D3F8C7
:1050D00058216268D20608D5082142681268C2F8D1
:1050E00000154FF48002C3F8042301229A6010BD1A
:1050F000436802691B68D3F8100150B1002092691F
:1051000012780A70C3F81001D3F8102101221A6036
:1051100070474FF0FF307047002A10B5044610DD8D
:1051200043681B68D3F8100150B100202269C3F80E
:105130001001D3F810010120926912780A701860EA
:1051400010BD0020FCE7436801691A68EFF3118382
:10515000202080F31288BFF36F8F0020C968887306
:105160004FF48001C2F8041383F31188BFF36F8FEB
:10517000704701220369DB689A7370470369DB6833
:105180009A7B02F0FF0162B942681268D2F85801B6
:1051900040B1D2F8040310F4800003D0012019615B
:1051A00070470020704743681B68D3F8100100382F
:1051B00018BF01207047102243681B68C3F80423FE
:1051C0007047102243681B68C3F8082370474FF4E8
:1051D000007243681B68C3F8042370474FF40072E1
:1051E00043681B68C3F80823704738B54368044612
:1051F0001D68D5F804335B0205D4D5F8040310F01C
:10520000100006D138BDFFF7B9FF0028F5D0012006
:10521000F8E72046FFF7C7FF003818BF0120F1E785
:10522000012070470369D8680160DB685A607047E5
:1052300002680346D2F8580140B95B689B0706D460
:10524000D2F82001003818BF0120704701207047B4
:10525000F8B506690546F3689C8910339442A8BFE7
:1052600014460122D3E8EF0F002803D1C3E8E72F4B
:10527000002FF7D10CBF134600231ED1F36822463E
:10528000986801F006F8EFF31187202383F3128862
:10529000BFF36F8F6868FFF7CBFFF36838B9044638
:1052A000186187F31188BFF36F8F2046F8BD22463F
:1052B00028469968FFF7FDFEF3E71C46F5E710B4B2
:1052C00042681368D3F80413C90517D5D3F8201121
:1052D000A1B1EFF31181202484F31288BFF36F8F03
:1052E000D3F8204134B10024C3F82041D3F8204141
:1052F0000124DC6081F31188BFF36F8F5268D206FE
:1053000019D5EFF31181202282F31288BFF36F8F3A
:10531000D3F8582112B10022C3F800250269D268DF
:105320000AB112691AB94FF48002C3F8082381F355
:105330001188BFF36F8F0269D4686CB1D3F858112C
:1053400061B100212161D468A47B3CB14FF480009D
:10535000C3F80803D368997310BC7047D3F82411BD
:1053600021B10021C3F82411D3F82431D268136885
:10537000002BF1D0516810BC184710B5044600222C
:1053800001210920F7F7A8FC0920F7F775FC204652
:10539000BDE81040F8F76ABB10B5044600220121B1
:1053A0000820F7F799FC0820F7F766FC2046BDE8CF
:1053B0001040F8F75BBB002200F150039B009BB24A
:1053C00003F1804303F5A8331A601B68704708B5E2
:1053D000F8F72AFD08BD00F035BB00F000BCFBF774
:1053E00049BD4B1C70B5054617D021EAE1744FF456
:1053F000004640F2E73000214FF47A720023C4FBEC
:105400000601F2F7F1FE02460B462846FBF758FD6F
:10541000002818BF6FF00A0070BD4FF0FF3213462E
:10542000F3E7FBF7EBBC4B1C70B5054617D021EA40
:10543000E1744FF4004640F2E73000214FF47A72F5
:105440000023C4FB0601F2F7CFFE02460B462846B6
:10545000FBF75CFC002818BF6FF00A0070BD4FF02E
:10546000FF321346F3E70A460121FEF7CBB900B538
:1054700089B006AB02930823039301AB0493042382
:105480000791CDE9053004AA032002A9F9F734FAFF
:105490000228019B09D003280AD060B9181E18BF42
:1054A0000120404209B05DF804FB6FF01500F9E7F8
:1054B0006FF08500F6E74FF0FF30F3E7002070470C
:1054C0007047004700F0BEBA40F00040C1F88000CD
:1054D000C2F880007047F9F791BAF7B51646DDE9D2
:1054E0000847019001A81D46F9F798FB019BB6F10A
:1054F000000C18BF4FF0010C00EB83000B1E18BF0F
:105500000123002D43EA4C0314BF4FF00C0C4FF065
:10551000000C002C43EA0C0314BF4FF4E06C4FF076
:10552000000C002F43EA0C0314BF4FF4403C4FF033
:10553000000CD0F8002243EA0C0322EA030301B175
:1055400009780EB13678760019430DB12D78AD008B
:1055500031430CB12478240229430FB13F783F0432
:105560000C433C43C0F8004203B0F0BD1FB50DF141
:105570000F03019300238DF80F101A46194600936C
:10558000FFF7ABFF05B05DF804FB70B501F1080350
:1055900030F813301646DA0504460D4609D5C3F334
:1055A000432300EBC302314650F83330526828469B
:1055B0009847A3682BB131462846E268BDE87040A1
:1055C000184770BD38B50579044628460A46F9F7EC
:1055D00083FBC0B111462846F9F76EFB98B111461E
:1055E0002846F9F75DFB012322688340C2F808339F
:1055F000226803B202EB8303D3F8102522F00302E2
:10560000C3F8102538BD0021BDE838401046FFF72B
:10561000ADBFF9F759BCFFF7D5BF022904D0042963
:1056200006D0012900D17047806808B1F8F748BF5B
:105630007047F9F7CDBF002210B50468944200D13D
:1056400010BD00EBC2014B68013223F0FF0343F0B1
:1056500003034B60F2E70420F9F76EBF0420F9F76B
:1056600073BF08B5F9F736FFBDE80840FBF706B988
:1056700038B504460025031D2268AA4201D800233C
:1056800019E04FF00002D3E8CF0F032804D1C3E89C
:10569000CC2FBCF1000FF6D102D008330135EBE777
:1056A00001EB851318464022002100F01AFE034644
:1056B00004EBC504A060184638BD0830704738B503
:1056C000054620B9F9F78AFF80B9002038BDF8F700
:1056D000EFFE04460028F8D0F9F780FF38B92046DD
:1056E000F8F7EEFE0120F8F7B9FEEEE72C46C560AC
:1056F00040F8084FEAE740EA0141104640F8081D2B
:10570000F9F778BFF9F770BFF8F7D2BE08B5F8F728
:10571000D7FEBDE808400120F8F7A0BE0429F8B57F
:105720000546174603D0102910D000240CE00820AD
:10573000F8F7B0FE04460028F7D0002343600123A9
:10574000478003802B6843602046F8BD1620F8F799
:10575000A1FE04460028E8D0061D12220021304692
:1057600000F0BFFD022323802B46678005F1100265
:1057700053F8041B934246F8041BF9D1E4E737B50C
:105780000025036804460093838F6846ADF80650F1
:10579000ADF8043000F0CBF838B1A36B68469847F9
:1057A00094F83E300BB1A563E56303B030BD002330
:1057B0000B60836813B9C0E90111704719608160FB
:1057C00070470069431E5842584170470069831E64
:1057D0005842584170474069B0F5817F05D040F28A
:1057E0001113C31A5842584170470120704790F86E
:1057F0002000C0F3C0007047006C00F0010070474B
:1058000090F8200000F0010070470369012B05D1DA
:105810008069A0F1800358425841704700207047CA
:1058200090F82000C0097047836933F0800314BFEB
:10583000012000207047806B003818BF012070479E
:105840004068003818BF0120704790F822000038E7
:1058500018BF0120704710B50446FFF7E5FF94F824
:105860002010C1F3401340EA0302236982F00102D1
:10587000012B14BF0123C1F38003D2B220461A408A
:10588000FFF7A9FF48B1C1F300112046FFF7BDFFA4
:105890000A4080F00100104010BD0121F5E710B56D
:1058A0000C46FAF767FB28B190F8203064F38613B2
:1058B00080F8203010BD10B50C46FAF75BFB28B11C
:1058C00090F8213064F3000380F8213010BD10B54A
:1058D00004464068FFF716FFE06808B1F8F7E2FDFC
:1058E0002046BDE81040F8F7DDBD10B5044620683D
:1058F00000B910BD626803689042236008BF63600E
:10590000FFF7E5FFF3E700F05DB810B5044600F0DF
:1059100057F823684360A36983602046BDE81040C0
:1059200000F050B808B5FAF74FFB002008BD38B5B5
:1059300004460068FAF71EFB054628B90120E388F3
:1059400043F02003E38038BDFFF75AFF0028F5D16C
:105950002846FFF769FFF8B1E38843F00803E380C6
:10596000A388DA0707D52846FFF76AFFE8B1E3887E
:1059700043F00103E380A3885B0707D52846FFF7C0
:105980006AFF18B1E38843F00403E380B4F906002A
:10599000003818BF0120D6E72846FFF736FF002859
:1059A000DED0E38843F01003D9E72846FFF74DFF28
:1059B0000028DCD12846FFF728FF0028D7D1DAE7F6
:1059C000C06870474269C3681A60704770B5044682
:1059D0000E4600F025F80546206808B1FFF792FE54
:1059E00048F202039E4218D048F209039E4214D0A6
:1059F00048F201039E420BD16B684BB104F11402D3
:105A000004F1380152F8040B8A4243F8040BF9D12F
:105A10002046BDE8704000F005B863696B60F7E7A9
:105A2000C06870470269C3681A60704700207047F9
:105A3000002070470020704700207047002070470A
:105A4000FAF7F8BE08B1F7F743BC7047704740B1AA
:105A5000C368587810F001001EBF1878B0FA80F0C3
:105A600040097047EFF31183202383F31288BFF3BB
:105A70006F8FFEE710B5D0E9003433B90020E2683B
:105A8000537843F00103537010BD20469847002817
:105A9000F4D00028B8BF4042FF28A8BFFF20E36829
:105AA0001870ECE700F01DBC00F0F3BB10B400F17F
:105AB0000C04C0E9034410BCFDF760B92DE9F04FB8
:105AC000054689B0DDE9126791463B46324606A895
:105AD000059105F1140A00F0F7F9DDE90634CDE986
:105AE0000234EFF311844FF0200888F31288BFF3DB
:105AF0006F8F05F10C0B4A4628460599FDF7CAF849
:105B000030B184F31188BFF36F8F09B0BDE8F08F17
:105B10003E43F6D0DDE9022306A800F0F9F9DDE9FD
:105B200006675A4621465046CDE90067FBF7F8FB69
:105B3000EFF3118488F31288BFF36F8FDBE707B5AB
:105B4000CDE900230A460421FFF7B8FF03B05DF852
:105B500004FB38B50446EFF31185202383F3128844
:105B6000BFF36F8FFDF74DF804F10C0000F03CF926
:105B700030B1294604F11400BDE83840FBF740BCC1
:105B800085F31188BFF36F8F38BD202408B5EFF37C
:105B9000118384F31288BFF36F8FFFF737F8F6E7AE
:105BA00090F90E308B4201D0FBF7E6BB0020704726
:105BB00003460020C3E90033C3E9020070475AB12D
:105BC0008A4209D300F11003C0E90212C0E90000C3
:105BD000C0E90433002070476FF015007047EFF301
:105BE0000580003818BF0120704778307047FBF7F8
:105BF00019BC002310B58B4202D10020136010BDE8
:105C0000C45CAA2CF9D10133F5E70A46D0E9260194
:105C1000FFF7EFBFD0E9003213605A600023C0E9FC
:105C20000033704708B5FFF7F5FF437B23F002030D
:105C300043730023836008BD38B504460D46FBF767
:105C400071FA637B43F002036373E5B1A5602B68CF
:105C50009D4209D16B68C4E900531C606C6012E07E
:105C60006A689A42F6D01B68002BF3D094F90E2094
:105C700093F90E108A42F3D09142F1DD5A68C4E9DB
:105C8000003214605C6038BD90F90E3091F90E005E
:105C9000834214BFC01A0020704710B5EFF311847F
:105CA000202383F31288BFF36F8FFBF753FA84F33B
:105CB0001188BFF36F8F10BD10B50446183000F087
:105CC000E8F8EFF31181202383F31288BFF36F8F7D
:105CD000627B12F0100204D081F31188BFF36F8F42
:105CE00010BD2046BDE81040FBF768BA08B5EFF3D9
:105CF0001181202282F31288BFF36F8F83680BB16A
:105D0000FFF790FF81F31188BFF36F8F08BD38B59F
:105D10000446EFF31185202383F31288BFF36F8FBE
:105D2000437B13F0280F0BD183680BB1FFF77AFF89
:105D3000637B51B903F0FB0320466373FBF70AFA58
:105D400085F31188BFF36F8F38BD03F0EB03F3E7E2
:105D500001211838FFF7DBBF08B50346EFF31181C7
:105D6000202282F31288BFF36F8F0068834207D02E
:105D700008B1FFF757FF81F31188BFF36F8F08BD9C
:105D80000020F8E738B5EFF31185202383F312885C
:105D9000BFF36F8F0468A0420DD034B12046FFF7E7
:105DA00041FF04F1180000F074F885F31188BFF387
:105DB0006F8F204638BD0024F7E7014610B5EFF39A
:105DC0001184202383F31288BFF36F8F83680BB194
:105DD000FFF728FF84F31188BFF36F8FBDE81040F1
:105DE00001F1180000F055B838B5054600202C68C0
:105DF000A54200D004B938BD2046FFF7DEFF20469B
:105E0000FFF74BFF0120F2E7EFF31181202282F32D
:105E10001288BFF36F8F027BD2070CD581F31188F4
:105E2000BFF36F8F002383F31188BFF36F8F0423B9
:105E3000184602DF7047437B1B0704D581F31188A6
:105E4000BFF36F8F70470122FBF7B8B938B5EFF396
:105E50001185202383F31288BFF36F8F0468A0425B
:105E600013D0A4B1C4F8B01062612046FFF7DAFE87
:105E700004F1180000F00DF82046FBF76BF9012043
:105E800085F31188BFF36F8F38BD0020F8E72046F7
:105E9000F6E710B5EFF31184202282F31288BFF3E6
:105EA0006F8F03683BB1FBF7CFFC002084F31188B0
:105EB000BFF36F8F10BD6FF01500F7E708B5FBF764
:105EC000E1FD08BDFBF7DEBDB3F1FF3F08BFB2F156
:105ED000FF3F70B504461D46164613D01A4315D031
:105EE0006FF001024FF0FF33921B63EB05010029B5
:105EF00004DAFBF7C7FD821941EB0501C4E9002173
:105F0000204670BD4FF0FF321146F7E70022FBE755
:105F1000B3F1FF3F08BFB2F1FF3FF8B507461646A1
:105F20001C4610D054EA020311D0FBF7ABFDB0427F
:105F30000A46A14103460AD2F31A64EB0204C7E9F8
:105F400000343846F8BD4FF0FF331C46F7E7002316
:105F5000FBE70023C0E9081200F11802C0E906229D
:105F6000C0E9003303634363704710B50446FFF78D
:105F700090FFA8B9636A0BB12046984704F1180056
:105F8000FFF7EAFE60B1FFF788FEEFF311802023F0
:105F900083F31288BFF36F8FBDE81040FBF760BA40
:105FA00010BD1423F0B500244FF48B76202703FB9B
:105FB000010001B9F0BD10F8073CA0F1140C03F08A
:105FC0003F03082B40F80C4C0CD826FA03F3DB07F0
:105FD00008D550F8143C2BB150F8105C2B605D6074
:105FE00040E9054482F31188BFF36F8FEFF311820C
:105FF00087F31288BFF36F8F60460139D9E7F8B590
:106000000D46D0E900138842044605D16368C5E90E
:1060100000431D6065601DE0002BF7D0986800B15B
:106020006038A2F160073946FFF72EFE0028EDDC4C
:106030002668B442EAD0002EE8D0B16801B16039D8
:106040003846FFF721FE002805DD7368C5E90063C7
:106050001D607560F8BD63689E42D7D03668EAE778
:106060002DE9F74F00258B46144682462E464FF009
:1060700020082F4601935D4503DB304603B0BDE8A1
:10608000F08FEFF3118988F31288BFF36F8F9AF8BE
:106090000D3003F03F03013B072B0FD8DFE803F07F
:1060A0001F040E0A0E0E0E26DAF810309B682BB174
:1060B000022321E0DAF810301B688BBB019B3BBB4D
:1060C00023782BB39AF80D3003F03F03013B072BE5
:1060D0002FD8DFE803F032272E272E2E2E37DAF8BE
:1060E00010309B68002BE9D0012305E0DAF810306E
:1060F0001B6A002BE2D01023DAF80C20CAF80870D3
:10610000C2F386310B4363F39432CAF80C20277034
:1061100089F31188BFF36F8F01350AF1140AAAE7DA
:106120000423E9E722465146DAF810001030FFF761
:1061300066FFCAF808400136EAE722465146DAF817
:106140001000F4E7DAF81000224651462430EEE75A
:106150002DE9F041846805460E46ECB16378012BC9
:1061600025D114F8533C9A0714D5A4F1600738469A
:10617000FFF723FE082E0CBF6FF0030300232365F7
:1061800014F8533CDB0605D154F8483C13B93846A3
:10619000FFF783FD002323700020EB68A860C3F3A2
:1061A0008632164366F39433EB60BDE8F081022B30
:1061B000F0D12378002BEDD054F8048CB8F1000F07
:1061C000E8D004F11400FFF764FE0023A4F11407E3
:1061D00039464046E36200F049F8DBE710B5002499
:1061E0005205090201F47C5102F400120A43017BBA
:1061F00084600A43C0E9032310BD034610B5EFF3E2
:106200001184202282F31288BFF36F8F00688342CB
:1062100008D0D0E9003213605A600023C0E900338F
:10622000FFF796FF84F31188BFF36F8F10BD002333
:10623000C0E9000083607047002383607047836873
:106240000B60C36813607047012302688B4022EA29
:106250000303036022FA01F000F00100704720B14F
:106260000022C0301146FFF7F1BD704713B5019011
:106270000846EFF31184202383F31288BFF36F8F56
:1062800001A9FBF703FE84F31188BFF36F8F02B0FF
:1062900010BD0A44914200F1FF3300D1704710B5A0
:1062A00011F8014B914203F8014FF9D110BD88421A
:1062B00010B501EB020402D98442234607D8431EDD
:1062C000A14208D011F8012B03F8012FF8E701468D
:1062D00002448A4200D110BD13F8014D02F8014D6D
:1062E000F7E703460244934200D1704703F8011BCD
:1062F000F9E710B501390244904201D1002005E0D0
:10630000037811F8014FA34201D0181B10BD0130D2
:10631000F2E70346C9B2184613F8012B12B18A42BC
:10632000F9D17047002918BF0020704730B50546E5
:106330000A44914201D100200FE015F8013B11F809
:10634000014BA3F141001928A4F1410098BF20336B
:10635000192803D82034181BEBD030BD181BFCD1F2
:10636000002CE6D1F9E710B56AB10139841810F8AC
:10637000012B11F8013F9A4203D1A04201D0002A1B
:10638000F5D1D01A10BD1046FCE710B5044601390E
:1063900032B111F8013F013A00F8013B002BF7D16F
:1063A0000021FFF79EFF204610BD024610B50144B4
:1063B0008A42134603D01C780132002CF8D1181AF7
:1063C00010BD0A7870B56AB970BD9A4209D10C4601
:1063D000054614F8013F002BF6D015F8016F9E42D8
:1063E000F7D001300378002BEFD11846ECE7F0B579
:1063F00004461046C3F13707FFB203F01F03082B12
:10640000E6B233D0102B3ED06508A40844EA81746C
:1064100045EAC1752D194FEA910242EB5102290953
:1064200041EA02716D1842EB1212290A41EA026137
:106430006D1842EB1222290C41EA02416D1842EB21
:106440001242AD1842F10002EC0844EA4274D1084D
:1064500004EB8402A6EB4205EDB2092D0CD9013400
:10646000A5F10A0541F10001EDB212E0E40844EAA9
:10647000417406F00705C908303554EA010200F8F6
:10648000015BBCD1F0BD240944EA017406F00F059C
:106490000909092D84BFED19EDB2EDE7D1E9043208
:1064A00093421EBF5A1C0A61187070470148006869
:1064B000704700009CE40020641DFF7F0100000085
:1064C000C1D200000000000045E50000000000000F
:1064D0008DD3000038650100E90C010000000000C8
:1064E00049D600004C650100995301007465010014
:1064F0007B53010060650100F9D500000000000039
:1065000091DF000000000000259600000000000060
:1065100021E20000000000009DD200000000000009
:10652000BD54010000000000151D01000000000026
:106530005DAA0000000000003A8F01003C6F0100DE
:10654000546F01006CC70020D8E400205F8F010069
:10655000706F0100886F01006EC700202CE50020DD
:10656000928F0100AC6F01000470010070C7002021
:1065700000C600209C8F0100D86F0100047001004C
:1065800072C7002034C6002000000000ED4B01005F
:1065900000000000ED4B010000000000ED4B010089
:1065A00000000000ED4B010000000000ED4B010079
:1065B000ADEB0000C354010000000000ED4B0100F2
:1065C00000000000ED4B010074650100BF520100A6
:1065D00060650100BF52010000000000ED4B0100AA
:1065E00000000000ED4B010000000000ED4B010039
:1065F00000000000ED4B010000000000ED4B010029
:1066000000000000ED4B010000000000ED4B010018
:1066100000000000ED4B010000000000ED4B010008
:1066200000000000ED4B010000000000ED4B0100F8
:106630000000000021E0000000000000ED4B010020
:1066400000000000ED4B010000000000ED4B0100D8
:1066500000000000ED4B010000000000ED4B0100C8
:1066600000000000ED4B010000000000ED4B0100B8
:1066700000000000ED4B010000000000ED4B0100A8
:1066800000000000ED4B010000000000ED4B010098
:1066900000000000ED4B010000000000ED4B010088
:1066A00000000000ED4B010000000000ED4B010078
:1066B00000000000ED4B010000000000ED4B010068
:1066C00000000000ED4B010000000000ED4B010058
:1066D00000000000ED4B010059F50000C35401001B
:1066E00000000000ED4B010000000000ED4B010038
:1066F00000000000ED4B010000000000ED4B010028
:1067000000000000ED4B010000000000ED4B010017
:1067100059F40000C354010000000000ED4B0100DB
:1067200000000000ED4B010000000000ED4B0100F7
:1067300000000000ED4B010000000000ED4B0100E7
:1067400000000000ED4B010000000000ED4B0100D7
:1067500000000000ED4B010000000000ED4B0100C7
:1067600000000000ED4B010000000000ED4B0100B7
:1067700000000000ED4B010000000000ED4B0100A7
:1067800000000000ED4B010000000000ED4B010097
:1067900030C80020B0F00020000200005D8700003B
:1067A00000000000000000000000000007000000E2
:1067B00000000000BA7801000000000000000000A6
:1067C0007D79010003000000518F010003000000EB
:1067D000D378010003000000967901000300000057
:1067E0009A79010003000000847A01000300000090
:1067F000B78E010003000000E28F010003000000DB
:10680000B1920100030000003A8101000300000082
:10681000C87801000300000040810100030000006F
:10682000368F010003000000A68F01000300000066
:10683000306A0100A8C50020737A01000100000041
:10684000186C01006CE100204B8101000000000089
:106850005E810100E8C5002074E10020B8C5002079
:10686000020000009C6B010014E10020B06B0100ED
:10687000DCC7002040810100E0D90020B0F50020F5
:10688000846C0100046B0100446B0100046C010086
:106890005C6C01004C6A0100986C0100486C0100BE
:1068A000346C0100706C01003869010000000000C8
:1068B00000000000000000000000000000000000D8
:1068C000BDFE0000490301001D060100355A01000C
:1068D0003D5A01002D5A01002559010061060100B1
:1068E000395A0100315A0100FB92010000010000F9
:1068F0001B5B4A00001B5B4800001B5B324A000028
:106900001B5B4A00001B5B6D00001B3700001B383F
:1069100000001B5B3F336C00001B5B4800001B5BEF
:10692000324A00001B3700001B3800000000000046
:106930000338FDD870470000CE780100EE770100E3
:106940004C690100000000000000000050690100D7
:106950000D7801001278010000000000658600003B
:10696000000000003E7801004378010000000000B4
:10697000E185000000000000608901006F780100DF
:10698000000000007986000003000000E68F01008F
:10699000A078010000000000E9870000000000006E
:1069A00000000000000000000000000000000000E7
:1069B000000000004C650100060011004C6501005C
:1069C000040011004C65010005001100A0C9002061
:1069D0000004000007370100B1360100020000008A
:1069E000C3380100000000000000000000000000AB
:1069F00000000000537A01005B7A010000000000F3
:106A00000000000000000000637A0100677A0100C6
:106A10006B7A01006F7A0100206A0100D8E0002043
:106A20001DA20000F8E0002037EC0020010000006B
:106A30005F3901005539010045390100393901003C
:106A4000000000002D39010000000000277D01003A
:106A50002E7D0100606A01000000000000000000BF
:106A6000646A01003E7D0100457D010000000000D8
:106A7000DDA3000000000000547D01005B7D0100EB
:106A8000000000006DA3000000000000757D010003
:106A90007D7D01000000000065A2000000000000F4
:106AA000927D0100997D010000000000F18400004A
:106AB00001010000D67D0100DE7D01000000000024
:106AC0004DA2000000000000EE7D0100F47D0100F9
:106AD0000000000079A4000002000000F77D010022
:106AE000017E010000000000F9A300000300000087
:106AF0000000000000000000000000000000000096
:106B000000000000437E01004A7E0100186B010076
:106B100000000000000000001C6B01005A7E010014
:106B20005F7E01000000000031A5000000000000B1
:106B30000000000000000000000000000000000055
:106B400000000000D97F0100E07F0100586B0100C8
:106B5000BDA50000000000005C6B01009C800100EE
:106B6000A18001000000000089A6000005020000CD
:106B7000D9800100DE8001000000000085A900002E
:106B80000201000000000000000000000000000002
:106B900000000000000000003A0000003DEC002072
:106BA0001E000000C943010050680100B0C500206C
:106BB00040680100DC6B010058E100206400000027
:106BC000C86B010018E1002098DA00208000000066
:106BD000000000007D39010002000000B146010004
:106BE00060E100203DEC00201E00000095AA00009E
:106BF000CB390100A7390100EB390100B939010097
:106C000000000000748401003684010000000000D0
:106C100031B8000001000000694501004145010054
:106C20000547010000000000000000000000000017
:106C300000000000318501003885010000000000DF
:106C4000A1C000000100000062850100698501000B
:106C5000AC6C010045C10000010100000E8601007E
:106C600016860100000000005DC000000100000069
:106C7000278601002D860100D86C0100000000006D
:106C8000000000005386010059860100000000004A
:106C900011C1000001000000678601006B86010041
:106CA00000000000CB48010000000000B06C0100B3
:106CB0008E8601009686010000000000B5BF00002E
:106CC00001000000000000000000000000000000C3
:106CD0000000000000000000DC6C0100DA8601000A
:106CE000E386010000000000F9BF00000100000081
:106CF000008701000F8701007C6D0100000000008B
:106D000000000000BF870100C6870100BC6E0100C3
:106D10000000000000000000DD870100E3870100A3
:106D20007C6E01000000000000000000FA870100F6
:106D3000018801003C6E010000000000000000001E
:106D40001088010015880100FC6D0100BDC0000025
:106D500001010000288801002E880100BC6D01009F
:106D60000000000000000000000000000000000023
:106D7000000000000000000000000000806D010025
:106D8000408801004A880100000000004B490100D2
:106D900001000000828801008988010000000000D5
:106DA0001749010001000000000000000000000081
:106DB000000000000000000000000000C06D0100A5
:106DC000C0880100C688010000000000CF48010013
:106DD00001000000F4880100F988010000000000B3
:106DE000E1BF000001000000000000000000000002
:106DF000000000000000000000000000006E010024
:106E0000967301002589010000000000654901001A
:106E100001000000DB7D010064890100000000002A
:106E2000B349010001000000000000000000000064
:106E3000000000000000000000000000406E0100A3
:106E40009673010077890100000000004DC000002A
:106E500001000000DB7D01008789010000000000C7
:106E6000F1480100010000000000000000000000E7
:106E7000000000000000000000000000806E010023
:106E8000967301009689010000000000FD48010092
:106E900001000000DB7D0100AE8901000000000060
:106EA00099490100010000000000000000000000FE
:106EB000000000000000000000000000C06E0100A3
:106EC00096730100C58901000000000031490100EE
:106ED00001000000DB7D0100DD89010000000000F1
:106EE0007F490100010000000000000000000000D8
:106EF00000000000000000000000000080C500202D
:106F0000000000000600010002000000106F0100F8
:106F100000000000278F010006000000E0FF0F00C6
:106F200068C500202F8F010021000000E0FF032032
:106F300015D30000E5D20000000000006DD4000071
:106F400059D30000458F0100D34F0100D94F0100F4
:106F50004B8F0100E5D30000534F0100B34F0100F8
:106F600000000000F14E01000000000000000000E1
:106F7000FFFFFFFF0025844000000000000000002C
:106F80000010034001000000CDD60000E54F0100D5
:106F9000F14F0100055001000F5001001950010090
:106FA0004DD800002D50010000000000009000406E
:106FB0000200000000000000BC6F010000900040D3
:106FC000C86F010001000000D06F01000200000046
:106FD00003000000020002000080004002000000E8
:106FE00000000000E86F010000800040F46F010025
:106FF00001000000FC6F010002000000150000000D
:1070000016060200F1500100BDDC0000A550010091
:107010005152010019510100475101007351010003
:107020007D510100B7510100C35101007D510100A4
:10703000A7510100CF510100DD510100EB510100CA
:10704000215201002552010000800020E8040000C8
:10705000E88400200020000068A500200020000037
:10706000000000000000000001000000E1880000B6
:1070700061E1000035FE0000710001000000000029
:10708000CD590100E50401009D060100B291010007
:10709000B7910100BF910100CB91010000000000F9
:1070A0000C000000690000000B00000072000000EE
:1070B0008000000016000000700000007800000052
:1070C0007F000000800000007100000068000000E8
:1070D0001600000074000000730000007300000040
:1070E000710000008C0000007A0000000D0000001C
:1070F0000B0000000B00000076000000ADBAADBA36
:10710000ADBAADBAADBAADBAADBAADBAADBAADBA47
:10711000ADBAADBAADBAADBAADBAADBAADBAADBA37
:10712000ADBAADBAADBAADBAADBAADBAADBAADBA27
:10713000ADBAADBAADBAADBAADBAADBAADBAADBA17
:10714000ADBAADBAADBAADBAADBAADBAADBAADBA07
:10715000ADBAADBAADBAADBAADBAADBAADBAADBAF7
:10716000ADBAADBAADBAADBAADBAADBAADBAADBAE7
:10717000ADBAADBAADBAADBAADBAADBAADBAADBAD7
:10718000ADBAADBAADBAADBAADBAADBAADBAADBAC7
:10719000ADBAADBAADBAADBAADBAADBAADBAADBAB7
:1071A000ADBAADBAADBAADBAADBAADBAADBAADBAA7
:1071B000ADBAADBAADBAADBAADBAADBAADBAADBA97
:1071C000ADBAADBAADBAADBAADBAADBAADBAADBA87
:1071D000ADBAADBAADBAADBAADBAADBAADBAADBA77
:1071E000ADBAADBAADBAADBAADBAADBAADBAADBA67
:1071F000ADBAADBAADBAADBAADBAADBAADBAADBA57
:10720000ADBAADBAADBAADBAADBAADBAADBAADBA46
:10721000ADBAADBAADBAADBAADBAADBAADBAADBA36
:10722000ADBAADBAADBAADBAADBAADBA6F00000085
:107230006F0000006F0000006F0000006F00000092
:107240006F0000006F0000000B0000007A000000DB
:10725000470000000B0000000B0000005F00000072
:107260005D9201006B9201007F9201008E920100FD
:107270009A920100C0640100C06401000065010031
:10728000086501003865010038650100B69201000B
:1072900005000000E092010007000000BC92010020
:1072A00008000000C592010004000000CA9201001D
:1072B00009000000D492010008000000DD920100E6
:1072C0000A000000E892010006000000EAFF7AFFD1
:1072D000F4FF6E6F7420696E697469616C697A6518
:1072E0006400426F6172643A202020202020416CAB
:1072F000706861204230202852455620312E3229B4
:107300000A00536F433A20202020202020206E5274
:10731000463931353120284E6F6E2D5365637572B5
:1073200065290A0055415254302054583A202020F3
:1073300050302E32310A0055415254302052583AC2
:1073400020202050302E32320A00426175643A20EB
:107350002020202020203131353230300A00427583
:10736000696C6420646174653A2046656220203847
:1073700020323032362032303A35393A30340A0051
:107380004D6F64656D3A20202020202025730A006F
:10739000706F6E670A006F66660055736167653AC5
:1073A0002074657374206C6564203C7265647C672E
:1073B0007265656E7C626C75653E203C6F6E7C6F9D
:1073C00066663E0A0072656400677265656E0062FB
:1073D0006C756500556E6B6E6F776E204C45442062
:1073E000636F6C6F722027257327202875736520C3
:1073F0007265642C20677265656E2C206F72206246
:107400006C7565290A00556E6B6E6F776E2073740C
:1074100061746520272573272028757365206F6E9A
:10742000206F72206F6666290A004661696C656488
:1074300020746F20736574204C45443A2025640AFB
:10744000002573204C45442025730A00496E697459
:1074500069616C697A696E67206D6F64656D206C17
:107460006962726172792E2E2E004D6F64656D20F7
:107470006C69627261727920696E697420666169F3
:107480006C65643A202564202853494D206D61794C
:10749000206E6F742062652070726573656E74294A
:1074A000004D6F64656D206C69627261727920694C
:1074B0006E697469616C697A65642073756363656C
:1074C000737366756C6C79004D6F64656D206973BC
:1074D000206E6F7420696E697469616C697A656485
:1074E000202853494D206D6179206E6F74206265AC
:1074F0002070726573656E74290A00417474656D3D
:107500007074696E67206D6F64656D20696E697453
:1075100069616C697A6174696F6E2E2E2E0A004D56
:107520006F64656D20696E697469616C697A6174F4
:10753000696F6E206661696C65640A0041542B4373
:1075400047534E0041542B4347534E206661696CAC
:1075500065643A2025640A00494D45493A2025735F
:107560000A004154252558494343494400415425C4
:1075700025584943434944206661696C65643A2053
:107580002564202853494D206D6179206E6F742049
:10759000626520696E736572746564290A004943E7
:1075A0004349443A2025730A004943434944207221
:1075B0006573706F6E73653A2025730A004D6F64B2
:1075C000656D206661756C742120526561736F6E04
:1075D0003A20307825782C2050433A20307825788E
:1075E000003D3D3D3D3D3D3D3D3D3D3D3D3D3D3D08
:1075F0003D3D3D3D3D3D3D3D3D3D3D3D3D3D3D3DBB
:107600003D3D3D3D3D3D3D3D3D3D3D3D0A00202054
:10761000416C706861204230206E524639313531FC
:10762000205368656C6C2054657374204669726DD4
:10763000776172650A002020426F6172643A2020EF
:107640002020416C7068612042302028524556202D
:10765000312E32290A00202055415254303A202040
:10766000202054583D50302E3231202052583D5069
:10767000302E32320A002020426175643A202020E8
:1076800020203131353230300A0020204275696CBB
:10769000643A202020204665622020382032303293
:1076A000362032303A35393A30340A005265642097
:1076B0004C4544204750494F2064657669636520F6
:1076C0006E6F7420726561647900477265656E2023
:1076D0004C4544204750494F2064657669636520D6
:1076E0006E6F7420726561647900426C7565204C20
:1076F0004544204750494F20646576696365206E94
:107700006F74207265616479004661696C656420FC
:10771000746F20636F6E6669677572652072656449
:10772000204C45443A202564004661696C6564201C
:10773000746F20636F6E6669677572652067726526
:10774000656E204C45443A202564004661696C65AD
:107750006420746F20636F6E66696775726520625E
:107760006C7565204C45443A202564004C45442006
:10777000696E697469616C697A6174696F6E20669B
:1077800061696C65643A202564004C454473206946
:107790006E697469616C697A656420287265643DFC
:1077A00050302E352C20677265656E3D50302E347A
:1077B0002C20626C75653D50302E3629005368656B
:1077C0006C6C2069732072656164792E2054797025
:1077D000652027746573742070696E672720746F45
:1077E0002076657269667920554152542E00416CAD
:1077F000706861204230206E524639313531207434
:1078000065737420636F6D6D616E64730070696E73
:107810006700526573706F6E6420776974682070BA
:107820006F6E6720285541525420636F6E6E6563FA
:1078300074697669747920636865636B2900696E81
:10784000666F005072696E7420626F61726420729C
:1078500065766973696F6E2C2055415254207069AA
:107860006E732C206275696C6420646174650043DA
:107870006F6E74726F6C204C4544733A207465735C
:1078800074206C6564203C7265647C677265656E0B
:107890007C626C75653E203C6F6E7C6F66663E0058
:1078A00052656164206D6F64656D20494D454920C6
:1078B000616E6420494343494400686561727462A3
:1078C0006561745F746964007368656C6C5F74658E
:1078D0007374006765746F70740028756E736967E0
:1078E0006E6564292063686172202A20757365645F
:1078F00020666F722025257020617267756D656E38
:10790000742E2049742773207265636F6D6D656EE8
:1079100064656420746F20636173742069742074DB
:107920006F20766F6964202A2062656361757365D4
:10793000206974206D6179206361757365206D69BC
:10794000736265686176696F7220696E2063657223
:107950007461696E20636F6E6669677572617469C0
:107960006F6E732E20537472696E673A22257322EC
:1079700020617267756D656E743A2564006362708C
:1079800072696E74665F7061636B616765006C6FCE
:107990006767696E67006C6F67006C6F675F6D6724
:1079A0006D74004D6573736167652028222573220D
:1079B000292064726F7070656420626563617573FD
:1079C0006520697420657863656564732073697ADE
:1079D00065206C696D69746174696F6E2028257506
:1079E00029001B5B306D00257320005B2530386C4F
:1079F000755D20005B253032753A253032753A25A9
:107A00003032752E253033752C253033755D2000CE
:107A100025732F003C25733E200025733A20002556
:107A20003032782000202020007C00206D657373A8
:107A3000616765732064726F70706564202D2D2DF1
:107A40000D0A1B5B306D001B5B313B33316D2D2DFF
:107A50002D20001B5B313B33316D001B5B313B3311
:107A6000336D006572720077726E00696E66006435
:107A70006267006C6F675F6261636B656E645F7500
:107A8000617274006C6F675F7561727400332E36BB
:107A90002E3939005A65706879722076657273697B
:107AA0006F6E2025730A00557074696D653A202544
:107AB0006C6C75206D730A002D70002D2D70726531
:107AC0007474790055737570706F72746564206F8B
:107AD0007074696F6E3A2025730A00757074696D51
:107AE000653A20256C6C7520646179732C20256CB7
:107AF0006C7520686F7572732C20256C6C75206D09
:107B0000696E757465732C20256C6C7520736563C4
:107B10006F6E64732C20256C6C75206D696C6C69BC
:107B20007365636F6E64730A005363686564756C94
:107B300065723A2025752073696E6365206C6173E8
:107B4000742063616C6C0A00546872656164733AF6
:107B50000A004E41002573257020252D3130730A0F
:107B600000096F7074696F6E733A20307825782C35
:107B7000207072696F726974793A20256420746983
:107B80006D656F75743A20256C6C640A0009737416
:107B90006174653A2025732C20656E7472793A20E1
:107BA00025700A00556E61626C6520746F206465F3
:107BB0007465726D696E6520756E7573656420738A
:107BC0007461636B2073697A6520282564290A0A29
:107BD0000009737461636B2073697A6520257A7577
:107BE0002C20756E7573656420257A752C2075734D
:107BF00061676520257A75202F20257A7520282534
:107C000075202525290A0A00257020495251202572
:107C1000303264202573287265616C2073697A653F
:107C20002025347A75293A09756E757365642025A7
:107C3000347A750975736167652025347A75202F4C
:107C40002025347A75202825327A75202525290AA1
:107C5000006379636C65733A20257520687720632B
:107C600079636C65730A00556E61626C6520746F90
:107C7000207061727365206C6F6720736576657222
:107C80006974792028657272202564290A00496E7A
:107C900076616C6964206C6F67206C6576656C3A00
:107CA0002025640A00556E61626C6520746F206641
:107CB000696E64206C6F6720736F757263653A201C
:107CC00025730A00556E61626C6520746F207061C7
:107CD00072736520696E7075742028657272202534
:107CE00064290A00257020252D33327320287265FF
:107CF000616C2073697A652025347A75293A097593
:107D00006E757365642025347A75097573616765CE
:107D10002025347A75202F2025347A7520282532A5
:107D200075202525290A006B65726E656C004B6510
:107D3000726E656C20636F6D6D616E647300637944
:107D4000636C6573004B65726E656C206379636C60
:107D500065732E00737461636B73004C69737420D8
:107D60007468726561647320737461636B207573EA
:107D70006167652E0074687265616473004C697395
:107D800074206B65726E656C2074687265616473D3
:107D90002E00757074696D65004B65726E656C20A0
:107DA000757074696D652E2043616E206265206375
:107DB000616C6C6564207769746820746865202D37
:107DC00070206F72202D2D707265747479206F7021
:107DD00074696F6E730076657273696F6E004B65C0
:107DE000726E656C2076657273696F6E2E00736CAF
:107DF000656570006D73006C6F672D6C6576656CE2
:107E0000003C6D6F64756C65206E616D653E203C55
:107E100073657665726974792028302D34293E00A7
:107E200052454144590044495341424C4544006441
:107E30006576696365733A0A005B25705D002D20E5
:107E400025730064657669636500446576696365DA
:107E500020636F6D6D616E6473006C697374004CA8
:107E600069737420636F6E666967757265642064F8
:107E7000657669636573005573696E672064617424
:107E8000612077696474682025640A00496E636F15
:107E900072726563742064617461207769647468C8
:107EA0000A00526561642076616C75652030782522
:107EB000780A0057726974696E672076616C75651F
:107EC00020307825780A00696E76616C69642061DB
:107ED00064647220272573270A00696E76616C69D5
:107EE000642073697A6520272573270A00696E76F6
:107EF000616C696420776964746820272573270A98
:107F000000613A733A773A00272D61203C6164643E
:107F1000726573733E27206973206D616E646174AE
:107F20006F72790A00272D73203C73697A653E27AA
:107F3000206973206D616E6461746F72790A0064E8
:107F400065766D656D206C6F616420737570706F00
:107F50007274732073657474696E672062797061DE
:107F60007373206F6E20612073696E676C65206982
:107F70006E7374616E63652E0A004C6F6164696E86
:107F8000672E2E2E0A7072657373206374726C2DC7
:107F900078206374726C2D7120746F206573636137
:107FA00070650A004E756D626572206F6620627999
:107FB00074657320726561643A2025640A002D2D72
:107FC000002D6500556E6B6E6F776E206F70746953
:107FD0006F6E20222573220A006465766D656D0040
:107FE000526561642F77726974652070687973696E
:107FF00063616C206D656D6F72790A557361676599
:108000003A0A52656164206D656D6F727920617402
:1080100020616464726573732077697468206F707F
:1080200074696F6E616C2077696474683A0A64657C
:10803000766D656D2061646472657373205B77692A
:108040006474685D0A5772697465206D656D6F723E
:108050007920617420616464726573732077697438
:1080600068206D616E6461746F72792077696474E1
:108070006820616E642076616C75653A0A64657685
:108080006D656D2061646472657373203C7769640B
:1080900074683E203C76616C75653E0064756D7059
:1080A0000055736167653A0A6465766D656D206495
:1080B000756D70202D61203C616464726573733E40
:1080C000202D73203C73697A653E205B2D77203C20
:1080D00077696474683E5D0A006C6F616400557373
:1080E0006167653A0A6465766D656D206C6F6164E1
:1080F000205B6F7074696F6E735D205B6164647286
:108100006573735D0A4F7074696F6E733A0A2D65FB
:10811000096C6974746C652D656E6469616E20709C
:10812000617273650052582072696E6720627566CD
:108130006665722066756C6C2E007368656C6C2EBB
:108140007368656C6C5F75617274007368656C6CE4
:108150005F756172745F6261636B656E64006E72FD
:1081600066393135313E2000537562636F6D6D6144
:108170006E64733A0A006E6F74207465726D696E76
:10818000617465643A2025630A00506C656173650B
:108190002073706563696679206120737562636F0F
:1081A0006D6D616E642E0A004572726F723A2072B4
:1081B0006571756573746564206D756C7469706C38
:1081C000652066756E6374696F6E2065786563758A
:1081D00074696F6E730A003A20636F6D6D616E642F
:1081E000206E6F7420666F756E6400546F6F206D23
:1081F000616E7920617267756D656E747320696E4A
:108200002074686520636F6D6D616E642E0A0025B1
:10821000733A2077726F6E6720706172616D65745A
:10822000657220636F756E740A005741524E494E55
:10823000473A2041207072696E74207265717565CD
:10824000737420776173206465746563746564205A
:108250006F6E206E6F742061637469766520736839
:10826000656C6C206261636B656E642E0A000A2582
:10827000732573005368656C6C2074687265616463
:10828000206572726F723A20256400506C656173CC
:108290006520707265737320746865203C54616258
:1082A0003E20627574746F6E20746F207365652054
:1082B000616C6C20617661696C61626C6520636FD2
:1082C0006D6D616E64732E0A00596F752063616E67
:1082D00020616C736F2075736520746865203C5451
:1082E00061623E20627574746F6E20746F207072CC
:1082F0006F6D7074206F72206175746F2D636F6D78
:10830000706C65746520616C6C20636F6D6D616E5F
:108310006473206F722069747320737562636F6D6C
:108320006D616E64732E0A00596F752063616E2053
:1083300074727920746F2063616C6C20636F6D6D53
:10834000616E64732077697468203C2D683E206FED
:1083500072203C2D2D68656C703E20706172616DDD
:108360006574657220666F72206D6F726520696E2C
:10837000666F726D6174696F6E2E0A000A536865CC
:108380006C6C20737570706F72747320666F6C6C98
:108390006F77696E67206D6574612D6B6579733ACF
:1083A0000A20204374726C202B202861206B657991
:1083B0002066726F6D3A206162636465666B6C6EF5
:1083C000707577290A2020416C7420202B202861A9
:1083D000206B65792066726F6D3A206266290A50BB
:1083E0006C6561736520726566657220746F2073B9
:1083F00068656C6C20646F63756D656E746174691B
:108400006F6E20666F72206D6F7265206465746197
:10841000696C732E0A000A417661696C61626C6551
:1084200020636F6D6D616E64733A0A0025303858B1
:108430003A20007C0A005072696E7473207468657B
:108440002068656C70206D6573736167652E001B15
:108450005B25642563001B5B313B3325646D001B8A
:108460005B34303325646D002573252D2A73002D70
:1084700068002D2D68656C7000202D2000202000E4
:108480004C6F7374206C6F67733A20256C750A000B
:10849000416374697665207368656C6C2062616302
:1084A0006B656E64733A0A0020202532642E203AF0
:1084B000257320282573290A005B2533645D202558
:1084C000730A0025733A257325730A0020756E6BB5
:1084D0006E6F776E20706172616D657465723A209F
:1084E000004563686F207374617475733A20257357
:1084F0000A004E6F20726573706F6E73652066722E
:108500006F6D20746865207465726D696E616C2C86
:1085100020617373756D6564203830783234207350
:10852000637265656E2073697A650A001B5B366E3F
:108530000072657476616C005072696E74207265A9
:108540007475726E2076616C7565206F66206D6F34
:10855000737420726563656E7420636F6D6D616EF8
:108560006400726573697A6500436F6E736F6C6542
:108570002067657473207465726D696E616C207319
:10858000637265656E2073697A65206F722061730E
:1085900073756D65732064656661756C7420696EB2
:1085A00020636173652074686520726561646F750E
:1085B00074206661696C732E204974206D75737424
:1085C00020626520657865637574656420616674F2
:1085D00065722065616368207465726D696E616C97
:1085E000207769647468206368616E676520746FC2
:1085F00020656E7375726520636F72726563742097
:108600007465787420646973706C61792E00686990
:1086100073746F727900436F6D6D616E6420686969
:1086200073746F72792E007368656C6C0055736596
:1086300066756C2C206E6F7420556E69782D6C6990
:108640006B65207368656C6C20636F6D6D616E6423
:10865000732E00636C65617200436C6561722073F8
:10866000637265656E2E0072656D0049676E6F728C
:1086700065206C696E657320626567696E6E696EF0
:10868000672077697468202772656D20270064650C
:108690006661756C7400417373756D6520383020A8
:1086A00063686172732073637265656E20776964B5
:1086B000746820616E642073656E642074686973E9
:1086C0002073657474696E6720746F207468652008
:1086D0007465726D696E616C2E006261636B656EAC
:1086E0006473004C697374206163746976652073E8
:1086F00068656C6C206261636B656E64732E0A0042
:108700006261636B73706163655F6D6F6465005474
:108710006F67676C65206261636B7370616365206E
:108720006B6579206D6F64652E0A536F6D652074DB
:1087300065726D696E616C7320617265206E6F7415
:108740002073656E64696E67207365706172617411
:10875000652065736361706520636F646520666F73
:1087600072206261636B737061636520616E642067
:1087700064656C65746520627574746F6E2E205428
:1087800068697320636F6D6D616E6420666F7263DC
:108790006573207368656C6C20746F20696E7465F6
:1087A00072707265742064656C657465206B6579A0
:1087B000206173206261636B73706163652E006377
:1087C0006F6C6F727300546F67676C6520636F6CBA
:1087D0006F7265642073796E7461782E00767431DF
:1087E000303000546F67676C65207674313030200C
:1087F000636F6D6D616E64732E0070726F6D707457
:1088000000546F67676C652070726F6D70742E0016
:108810006563686F00546F67676C65207368656C8B
:108820006C206563686F2E00737461747300536805
:10883000656C6C20737461746973746963732E0062
:108840006261636B73706163650053657420646972
:1088500066666572656E742065736361706520631A
:108860006F646520666F72206261636B7370616311
:108870006520616E642064656C657465206B657944
:108880002E0064656C6574650053657420746865BA
:108890002073616D652065736361706520636F642B
:1088A0006520666F72206261636B7370616365201F
:1088B000616E642064656C657465206B65792E005B
:1088C0007265736574005265736574207368656CB6
:1088D0006C207374617469737469637320666F725A
:1088E00020746865204C6F67676572206D6F6475D2
:1088F0006C652E0073686F77004765742073686538
:108900006C6C207374617469737469637320666F2F
:108910007220746865204C6F67676572206D6F64A4
:10892000756C652E0044697361626C6520736865BF
:108930006C6C206563686F2E2045646974696E678E
:10894000206B65797320616E64206D6574612D6B99
:1089500065797320617265206E6F742068616E6442
:108960006C656400456E61626C65207368656C6C53
:10897000206563686F2E0044697361626C652070C6
:10898000726F6D70742E00456E61626C652070723E
:108990006F6D70742E0044697361626C652076742B
:1089A00031303020636F6D6D616E64732E00456EE3
:1089B00061626C6520767431303020636F6D6D615B
:1089C0006E64732E0044697361626C6520636F6C22
:1089D0006F7265642073796E7461782E00456E61E4
:1089E000626C6520636F6C6F7265642073796E745E
:1089F00061782E00436F6D6D616E642062756666EE
:108A0000657220697320746F6F2073686F727420B1
:108A1000746F20657870616E6420616C6C20636F88
:108A20006D6D616E6473206D61746368696E67203B
:108A300077696C6463617264207061747465726ECE
:108A40003A2025730A002A2A2A20426F6F74696E21
:108A500067206E524620436F6E6E656374205344E8
:108A60004B2076322E372E302D3563623835353730
:108A70003063613433202A2A2A0A002A2A2A205500
:108A800073696E67205A6570687972204F5320763B
:108A9000332E362E39392D313030626566633730EA
:108AA000633734202A2A2A0A0072302F61313A2093
:108AB00020307825303878202072312F61323A20EA
:108AC00020307825303878202072322F61333A20D8
:108AD000203078253038780072332F61343A2020E6
:108AE000307825303878207231322F69703A202062
:108AF000307825303878207231342F6C723A20204B
:108B00003078253038780020787073723A20203021
:108B10007825303878004661756C74696E67206915
:108B20006E737472756374696F6E206164647265CC
:108B3000737320287231352F7063293A20307825DD
:108B400030387800556E68616E646C6564204952F7
:108B5000516E3A202564002A2A2A2A2A204D50558F
:108B6000204641554C54202A2A2A2A2A00202053E4
:108B70007461636B696E67206572726F722028631F
:108B80006F6E746578742061726561206D696768C5
:108B900074206265206E6F742076616C69642900B0
:108BA0002020556E737461636B696E672065727205
:108BB0006F720020204461746120416363657373A8
:108BC0002056696F6C6174696F6E0020204D4D46B0
:108BD000415220416464726573733A20307825787D
:108BE000002020496E737472756374696F6E204142
:108BF00063636573732056696F6C6174696F6E008F
:108C00002020466C6F6174696E672D706F696E7499
:108C1000206C617A79207374617465207072657359
:108C20006572766174696F6E206572726F72002A68
:108C30002A2A2A2A205553414745204641554C545B
:108C4000202A2A2A2A2A0020204469766973696F1B
:108C50006E206279207A65726F002020556E616CFB
:108C600069676E6564206D656D6F727920616363FD
:108C7000657373002020537461636B206F76657297
:108C8000666C6F772028636F6E74657874206172EC
:108C90006561206E6F742076616C69642900202004
:108CA0004E6F20636F70726F636573736F722069AC
:108CB0006E737472756374696F6E73002020496CF3
:108CC0006C6567616C206C6F6164206F662045582D
:108CD000435F52455455524E20696E746F20504385
:108CE000002020496C6C6567616C20757365206F8E
:108CF00066207468652045505352002020417474EA
:108D0000656D707420746F20657865637574652077
:108D1000756E646566696E656420696E73747275DC
:108D20006374696F6E002A2A2A2A2A20425553202A
:108D30004641554C54202A2A2A2A2A0020205374BE
:108D400061636B696E67206572726F7200202050DC
:108D50007265636973652064617461206275732054
:108D60006572726F72002020424641522041646455
:108D7000726573733A2030782578002020496D7031
:108D80007265636973652064617461206275732024
:108D90006572726F72002020496E7374727563740D
:108DA000696F6E20627573206572726F7200526512
:108DB00073657276656420457863657074696F6E5B
:108DC00020280053707572696F757320696E746521
:108DD000727275707420284952512000457863657D
:108DE0007074696F6E206F63637572726564206959
:108DF0006E20536563757265205374617465002A33
:108E00002A2A2A2A2048415244204641554C5420BF
:108E10002A2A2A2A2A002020427573206661756C4E
:108E200074206F6E20766563746F72207461626C5B
:108E30006520726561640020204465627567206565
:108E400076656E740020204661756C7420657363CE
:108E5000616C6174696F6E20287365652062656C52
:108E60006F772900415243485F455843455054208D
:108E70007769746820726561736F6E2025780A00C7
:108E80002A2A2A2A2A204465627567206D6F6E6936
:108E9000746F7220657863657074696F6E202A2A1A
:108EA0002A2A2A002A2A2A2A2A20257320256429E8
:108EB000202A2A2A2A2A006D7075004661696C658D
:108EC0006420746F20616C6C6F63617465206E65E3
:108ED00077204D505520726567696F6E2025750AA1
:108EE00000506172746974696F6E2025753A207341
:108EF000616E69747920636865636B206661696C73
:108F000065642E00496E76616C696420756E6465D7
:108F1000726C79696E6720726567696F6E20696E21
:108F200064657820257500464C4153485F300053F6
:108F300052414D5F3000736F6300636C6F636B4031
:108F400035303030006866636C6B006C66636C6B48
:108F500000636C6F636B5F636F6E74726F6C00673E
:108F600070696F403834323530300000010203043C
:108F70000506074661696C656420746F20616C6C3E
:108F80006F6361746520505049204368616E6E655F
:108F90006C007561727440393030300075617274E4
:108FA000403830303000756172745F6E7266785F81
:108FB0007561727465004D6F64656D206C696272D5
:108FC00061727920696E697469616C697A6174692A
:108FD0006F6E206661696C65642C20657272202555
:108FE00064006E72665F6D6F64656D0054462D4D52
:108FF000206E6F6E2D7365637572652063616C6C96
:109000006261636B20696E697469616C697A61740D
:10901000696F6E206661696C65642C206572726F81
:10902000723A202564002A2A2A2A2A2053454355C9
:109030005245204641554C54202A2A2A2A2A0020EB
:1090400020416464726573733A203078257800207B
:1090500020496E76616C696420656E747279207047
:109060006F696E74002020496E76616C69642069B6
:109070006E74656772697479207369676E6174755F
:109080007265002020496E76616C696420657863A2
:10909000657074696F6E2072657475726E00202041
:1090A0004174747269627574696F6E20756E69744B
:1090B0002076696F6C6174696F6E002020496E764E
:1090C000616C6964207472616E736974696F6E009B
:1090D00020204C617A792073746174652070726508
:1090E000736572766174696F6E0020204C617A79C5
:1090F000207374617465206572726F72002A2A2A67
:109100002A2A2053505520494E5445525255505406
:10911000202A2A2A2A2A002020536563757269743E
:10912000792076696F6C6174696F6E20666F72204A
:1091300074686520666C617368206D656D6F727907
:1091400020737061636500202053656375726974D4
:10915000792076696F6C6174696F6E20666F72201A
:109160007468652052414D206D656D6F7279207372
:10917000706163650020205365637572697479209E
:1091800076696F6C6174696F6E206F6E206F6E65AB
:10919000206F72207365766572616C2070657269EC
:1091A00070686572616C732E0041542B4346554EB6
:1091B0003D004F4B0D0A004552524F520D0A002BF5
:1091C000434D45204552524F523A002B434D5320B8
:1091D0004552524F523A0048616C74696E67207371
:1091E000797374656D00556E6B6E6F776E20657266
:1091F000726F7200756E6B6E6F776E003E3E3E2032
:109200005A455048595220464154414C20455252EB
:109210004F522025643A202573206F6E204350550D
:10922000202564004661756C7420647572696E67F0
:1092300020696E746572727570742068616E646CFA
:10924000696E670A0043757272656E742074687285
:109250006561643A20257020282573290043505504
:1092600020657863657074696F6E00556E68616E15
:10927000646C656420696E746572727570740053F5
:109280007461636B206F766572666C6F77004B65F7
:10929000726E656C206F6F7073004B65726E656CDB
:1092A0002070616E69630069646C65006D61696E50
:1092B000006F73002B0064756D6D790070726573BB
:1092C0007461727400646561640073757370656EB7
:1092D0006465640061626F7274696E6700737573B0
:1092E00070656E64696E6700717565756564006BA5
:1092F0005F69735F696E5F69737200737973776F0B
:10930000726B7100286E756C6C29002A666C6F6137
:10931000742A000039E5000000000000FFFFFFFF95
:10932000FFFFFFFFFFFFFFFFFFFFFFFFFFFFFFFF4D
:10933000FFFFFFFF0100000001000000000000002F
:109340000000000000000000077C01000100000098
:1093500001000000D92E0100D1360100186A010079
:10936000000000000000000001000000C8C500204F
:10937000000000000000000000000000F02A0120B2
:1093800000000000000000000000000000000000DD
:10939000000000000000000000020000EC6B010073
:1093A00098DC002000000000954C01000000000047
:1093B000000000000000000000080700000103009A
:1093C00020C60020000000005DEC00205CEC0020C6
:1093D0000000000000000000000000005EEC002023
:1093E00020000000000000000000000000C201009A
:1093F0000001030054C60020000000007FEC0020A4
:109400007EEC0020000000000000000000000000D2
:1094100080EC00202000000000000000FFFF0000A2
:10942000000000000000000000000000000000003C
:10943000000000000000000000000000000000002C
:10944000000000000000000000000000000000001C
:10945000000000000000000000000000000000000C
:1094600000000000000000000000000000000000FC
:1094700008000000FF0000000000000001000000E4
:1094800000000000000000000000000000000000DC
:1094900000000000000000000000000000000000CC
:1094A00000000000000000000000000000000000BC
:1094B00000000000000000000000000000000000AC
:1094C000000000000000000000000000000000009C
:1094D0000000000008000000FF0000000000000085
:1094E000010000000000000001F8000001F600008B
:1094F00025F800000DF6000009FB000091F80000BF
:10950000D1FA0000635601005D5601005756010074
:109510005CC700205CC7002064C7002064C700202F
:10952000000000000000000000000000000000003B
:10953000000000000000000000000000000000002B
:10954000000000000000000000000000000000001B
:10955000000000000000000000000000000000000B
:1095600000000000000000000000000000000000FB
:1095700000000000000000000000000000000000EB
:1095800000000000000000000000000000000000DB
:1095900000000000000000000000000000000000CB
:1095A0000000000000000000F01601200010000084
:1095B000000000000000000004C8002004C80020D3
:1095C00000000000000000000E00000018C800208D
:1095D00018C80020000000000100000028C800207A
:0895E00028C8002015E015E089
:00000001FF
